Num_Acc;an;mois;jour;hrmn;lum;agg;int;atm;col;com;adr;gps;lat;long;dep
201700000002;17;2;13;1630;1;2;3;1.0;3.0;5;5 rue sonneville;M;5053611.0;295314.0;590
201700000019;17;8;9;745;1;1;6;1.0;3.0;34;D54;M;5054769.0;310034.0;590
201700000022;17;12;27;1200;1;1;2;1.0;3.0;586;rue de wachemy;M;5054129.0;318902.0;590
201700000042;17;3;7;805;1;2;1;1.0;6.0;268;rue de la gendarmerie;M;5063688.0;273420.0;590
201700000043;17;4;15;1135;1;2;1;1.0;6.0;212;rue du collège;M;5064736.0;272026.0;590
201700000058;17;9;23;1445;1;2;3;1.0;1.0;44;Face au commerce ALDI 12;M;5060791.0;327096.0;590
201700000062;17;4;4;715;1;2;3;1.0;3.0;258;rue Henri  connynck;M;5053189.0;320942.0;590
201700000065;17;10;31;1030;1;2;3;1.0;4.0;96;1 rue maurice molhant D9;M;5056090.0;323893.0;590
201700000092;17;6;23;1955;2;2;1;7.0;6.0;93;chemin de mont orgueil;M;5005823.0;389344.0;590
201700000099;17;3;22;2030;5;2;6;1.0;1.0;249;avenue du général de gau;M;5001860.0;405058.0;590
201700000106;17;6;13;830;1;1;1;7.0;2.0;659;rue du Dr Edmond Koral;M;5002676.0;401405.0;590
201700000107;17;8;31;1415;1;2;2;1.0;3.0;249;RUE CROISET ÉLIET;M;5001885.0;404452.0;590
201700000108;17;9;30;1430;1;2;1;1.0;3.0;249;rue de la paix;M;5001826.0;404396.0;590
201700000121;17;2;22;1830;3;2;1;2.0;2.0;139;route de Quievy;M;5013288.0;341713.0;590
201700000159;17;8;29;2120;3;1;1;1.0;1.0;283;D117;M;5025543.0;384937.0;590
201700000164;17;7;4;1925;1;2;1;1.0;1.0;481;Place du jeu de paume;M;5025066.0;362397.0;590
201700000175;17;5;9;1545;1;2;1;1.0;3.0;324;Rue de la République;M;5035777.0;282216.0;620
201700000181;17;11;18;1135;1;2;1;1.0;1.0;861;Route d'Acheville;M;5037420.0;283707.0;620
201700000197;17;9;10;930;1;2;1;1.0;6.0;201;13 Grand rue;M;5056414.0;161329.0;620
201700000198;17;1;13;1110;1;2;3;7.0;3.0;14;rue du bois;M;5063695.0;240949.0;620
201700000200;17;1;31;1615;1;2;1;1.0;7.0;14;rue jean Jaures;M;5063564.0;240146.0;620
201700000204;17;6;11;1050;1;2;1;1.0;1.0;288;rue de clarques;M;5065938.0;227464.0;620
201700000213;17;6;21;950;1;1;6;1.0;3.0;182;intersection D3/D102;M;5019949.0;155414.0;800
201700000220;17;3;27;1750;1;2;1;7.0;3.0;16;place emile Leturq;M;5000223.0;264994.0;800
201700000246;17;7;11;1623;1;1;2;1.0;3.0;684;;M;4989602.0;411110.0;20
201700000317;17;6;24;1510;1;1;6;1.0;3.0;450;ROUTE DÉPARTEMENTALE 92;M;4922247.0;229778.0;600
201700000328;17;3;2;1745;1;2;9;1.0;6.0;141;28 allée du vallois;M;4920024.0;246325.0;600
201700000348;17;4;12;1610;1;2;9;1.0;3.0;79;5 Rue Jean Charron;M;4916246.0;287396.0;600
201700000364;17;10;6;1730;1;1;1;1.0;3.0;313;258 route de paris;M;4935393.0;112984.0;760
201700000386;17;5;9;1840;1;2;3;7.0;1.0;758;rue Gustave Pries;M;4961603.0;76426.0;760
201700000388;17;8;26;1740;1;1;1;1.0;2.0;568;CD5;M;4960100.0;78620.0;760
201700000439;17;6;17;1730;1;2;1;1.0;6.0;122;33 rue saint andré - VEX;M;4920904.0;160021.0;270
201700000469;17;9;5;145;3;1;1;1.0;2.0;394;CD321;M;4929610.0;106420.0;270
201700000475;17;10;28;1710;1;1;6;1.0;3.0;47;giratoire RD 34 / RD 77;M;4806216.0;-175512.0;350
201700000478;17;3;30;1415;1;1;6;9.0;5.0;334;PORTE DE TIZE;M;4813997.0;-158244.0;350
201700000479;17;4;9;2000;1;1;2;1.0;3.0;152;bâton roulant;M;4818726.0;-151448.0;350
201700000481;17;6;8;920;1;1;2;1.0;3.0;1;intercection rd92 rd 29;M;4813219.0;-151993.0;350
201700000492;17;11;21;1836;3;1;1;1.0;2.0;240;le plessis saucourt;M;4810247.0;-175275.0;350
201700000515;17;11;29;1500;1;2;6;4.0;3.0;127;Rond point entre la D62;M;4792330.0;-186426.0;350
201700000526;17;6;7;1240;1;1;1;1.0;2.0;136;le pilier du milieu;M;4794623.0;-151883.0;350
201700000529;17;9;2;1600;1;2;4;1.0;1.0;335;rue jean-marie Hanet;M;4785653.0;-147871.0;350
201700000539;17;7;27;845;1;1;2;1.0;3.0;246;rue Jamet;M;4847760.0;-260427.0;220
201700000555;17;10;26;1515;1;1;1;1.0;1.0;233;cote du HOUEL;M;4871561.0;-308560.0;220
201700000562;17;5;25;1830;1;1;1;1.0;2.0;186;D 786 l'hotel des landes;M;4858188.0;-249930.0;220
201700000568;17;7;23;920;1;1;3;1.0;3.0;81;bon abri;M;4852374.0;-265627.0;220
201700000573;17;1;4;1410;1;1;1;1.0;4.0;171;c36;M;4842266.0;-282042.0;220
201700000604;17;1;14;1045;1;1;2;7.0;5.0;282;CD  786, La Villeneuve;M;4858584.0;-223876.0;220
201700000607;17;5;15;1940;1;1;2;1.0;3.0;286;Haut Boulay - CD.768;M;4852311.0;-238257.0;220
201700000608;17;5;18;1515;1;1;1;1.0;6.0;12;Surville;M;4858193.0;-244153.0;220
201700000611;17;7;17;1145;1;1;1;1.0;4.0;143;rue du Docteur Jobert -;M;4859088.0;-229834.0;220
201700000615;17;2;19;1145;1;2;3;1.0;3.0;70;rond point du vally;M;4856023.0;-314853.0;220
201700000636;17;8;14;1850;1;2;3;1.0;3.0;353;rue de poul palud;M;4882321.0;-350301.0;220
201700000638;17;9;17;817;1;2;1;1.0;1.0;198;route de Coatrehouezan;M;4879341.0;-352159.0;220
201700000642;17;2;7;1050;1;2;3;1.0;3.0;46;Rue Louis Pasteur;M;4809028.0;-433143.0;290
201700000643;17;4;17;1940;1;2;1;1.0;6.0;46;QUAI MARIE AGNÉS PERON;M;4809595.0;-434127.0;290
201700000644;17;5;23;1200;1;2;2;1.0;3.0;46;rue Jean Bart;M;4809314.0;-432892.0;290
201700000648;17;10;4;1220;1;2;2;1.0;3.0;46;34 rue jean jaurès;M;4809151.0;-432740.0;290
201700000656;17;7;23;500;3;1;3;1.0;1.0;6;route du Perguet;M;4788044.0;-404440.0;290
201700000660;17;10;25;1815;2;1;2;1.0;3.0;57;Chemin des Poiriers;M;4791419.0;-400061.0;290
201700000675;17;1;20;1650;1;2;6;1.0;3.0;124;rue des déportés;M;4856222.0;-432601.0;290
201700000684;17;9;2;1730;1;1;3;1.0;3.0;91;couffon;M;4863700.0;-439700.0;290
201700000694;17;5;22;1625;1;1;6;1.0;3.0;42;Saint Fiacre;M;4827957.0;-452892.0;290
201700000697;17;8;9;1820;1;2;1;2.0;3.0;256;chemin des dunes;M;4819413.0;-430233.0;290
201700000707;17;2;8;1845;2;2;6;1.0;3.0;7;Rond point du Ballon;M;4767044.0;-299035.0;560
201700000714;17;6;19;940;1;1;6;1.0;3.0;263;D17;M;4770360.0;-293840.0;560
201700000719;17;9;16;1245;1;1;6;8.0;3.0;46;Rond point du Moustoir;M;4766589.0;-302305.0;560
201700000727;17;5;27;2005;1;1;1;1.0;1.0;152;lieu dit port Guen;M;4733373.0;-314804.0;560
201700000728;17;7;19;1130;1;1;1;1.0;7.0;114;Port York;M;4732027.0;-311904.0;560
201700000745;17;4;21;1455;1;1;1;1.0;2.0;170;D 141;M;4926450.0;-42113.0;140
201700000757;17;10;14;1410;1;2;1;1.0;1.0;325;rue amiral wietzel;M;4929558.0;-29677.0;140
201700000794;17;11;14;825;1;1;1;1.0;2.0;498;RD 63;M;4888743.0;-10689.0;140
201700000797;17;1;4;1615;1;1;1;1.0;5.0;127;ROUTE DÉPARTEMENTALE 295;;;;140
201700000809;17;7;8;1620;1;1;1;7.0;6.0;631;Départementale 613;M;4930865.0;-114055.0;500
201700000812;17;7;19;1200;1;2;1;1.0;1.0;99;n° 3 Rue du Vieux lavoir;M;4929915.0;-124551.0;500
201700000813;17;8;16;2120;2;2;1;1.0;7.0;99;Rue de la Guinguette;M;4930179.0;-126230.0;500
201700000830;17;5;16;800;1;1;1;1.0;2.0;54;R DU MUSÉE;M;4873030.0;236801.0;940
201700000858;17;7;7;1715;1;1;1;7.0;5.0;616;Voie de la liberté - D43;M;4863961.0;-135171.0;500
201700000874;17;5;20;1130;1;1;1;1.0;2.0;643;D407;M;4957230.0;-172763.0;500
201700000899;17;5;5;1105;1;2;1;1.0;7.0;53;MERCIER (AVENUE AMEDEE D;M;4620269.0;524528.0;10
201700000901;17;6;8;1455;1;2;3;1.0;3.0;53;LESAGE (RUE ALAIN);M;4620174.0;524205.0;10
201700000902;17;6;8;1955;1;2;3;1.0;3.0;53;snr, PONT DES CHEVRES (R;M;4621022.0;522149.0;10
201700000911;17;8;5;1100;1;2;6;1.0;3.0;53;MARBOZ (AVENUEDE - PAIRS;M;4622801.0;522893.0;10
201700000917;17;9;23;1655;1;2;3;1.0;3.0;53;Boulevard Saint Nicolas;M;4620313.0;523367.0;10
201700000948;17;12;22;1455;1;1;1;1.0;7.0;509;CD138;M;4851485.0;13563.0;610
201700000951;17;2;8;1320;1;2;6;1.0;3.0;204;place de la République;M;4726649.0;-144120.0;440
201700000953;17;4;11;1543;1;1;1;1.0;3.0;26;3, chemin de gralan;M;4731355.0;-143832.0;440
201700000975;17;11;2;815;2;2;6;5.0;3.0;47;rue du chevalier de beau;M;4722036.0;-168841.0;440
201700000990;17;6;28;1615;1;2;1;1.0;6.0;195;route du lac;M;4735840.0;-193894.0;440
201700001004;17;12;8;1810;3;1;1;1.0;4.0;194;route de seiche;M;4747374.0;-29045.0;490
201700001008;17;5;10;1235;1;1;1;1.0;3.0;162;La flottière;M;4720131.0;-84399.0;490
201700001019;17;1;11;1645;1;2;1;1.0;6.0;332;rue de la bastille;M;4706231.0;-93817.0;490
201700001033;17;5;1;1355;1;1;1;2.0;7.0;179;;M;4702152.0;-103821.0;490
201700001067;17;3;13;900;1;2;1;1.0;3.0;154;Rue du parc;M;4769980.0;-7889.0;720
201700001068;17;3;28;1755;1;2;6;1.0;3.0;154;rond point du petit vers;M;4770798.0;-6837.0;720
201700001070;17;5;23;1800;1;2;1;1.0;3.0;154;boulevard de Montréal;M;4769738.0;-6940.0;720
201700001071;17;7;7;2000;1;2;1;1.0;3.0;154;Rue du Maréchal Galliéni;M;4769748.0;-7501.0;720
201700001088;17;6;18;1030;1;1;1;1.0;6.0;244;Le souchet;M;4773241.0;-29989.0;720
201700001100;17;8;1;2050;1;2;6;1.0;3.0;48;rue du bocage;M;4691909.0;-95931.0;850
201700001117;17;10;4;1723;1;2;1;7.0;3.0;178;Rue des Rochettes;M;4673458.0;-142197.0;850
201700001125;17;12;9;900;1;2;6;1.0;3.0;300;PLACE DU Cdt DE MAUPEOU;M;4669061.0;-151543.0;850
201700001132;17;8;6;1120;1;1;1;1.0;2.0;299;LA GRANDE BOBINE;M;4639978.0;-87003.0;850
201700001143;17;4;21;1520;1;2;1;1.0;3.0;163;2A RUE DES SABLEAUX;M;4700312.0;-223516.0;850
201700001147;17;2;27;740;2;2;6;3.0;3.0;226;rond point Marais salant;M;4671802.0;-193982.0;850
201700001158;17;8;18;1900;1;2;1;1.0;2.0;35;29 avenue de l'océan;M;4662238.0;-187269.0;850
201700001163;17;5;16;1040;1;1;3;1.0;3.0;29;avenue du sauternais;M;4459534.0;-75257.0;330
201700001168;17;11;14;1615;1;1;1;1.0;2.0;29;Avenue du Médoc Départem;M;4463110.0;-79402.0;330
201700001176;17;4;13;800;1;2;2;1.0;3.0;51;R.Jaures/All.Louisianes;M;4464189.0;-96875.0;330
201700001181;17;8;9;1030;1;2;2;1.0;3.0;51;R.Prieuré de/R.Gaillards;M;4464979.0;-98529.0;330
201700001220;17;9;1;1015;1;1;2;8.0;6.0;100;RD 22/VC Boulaire;M;4513459.0;-63782.0;330
201700001225;17;11;22;1415;1;2;4;1.0;3.0;58;R. Voltaire /R. A. Clerc;M;4513609.0;-65227.0;330
201700001267;17;8;4;1810;1;1;1;1.0;1.0;474;Ch. GALLIEN;M;4465426.0;-45550.0;330
201700001283;17;8;29;1140;1;1;1;1.0;6.0;238;voie romaine;M;4471787.0;-57838.0;330
201700001285;17;10;25;1050;1;2;1;1.0;2.0;80;580 Av St Medard Eyrans;M;4474835.0;-53095.0;330
201700001309;17;10;15;1225;1;1;3;1.0;1.0;463;Rte Redon/ Rte Samaran;M;4457722.0;-19346.0;330
201700001323;17;4;6;1535;1;1;2;1.0;3.0;220;RD2 / Ch.A COULON;M;4509551.0;-72645.0;330
201700001355;17;2;5;850;1;2;6;1.0;3.0;207;RD242 / R.des Ecoles;M;4491966.0;-35917.0;330
201700001374;17;9;19;845;1;2;3;1.0;3.0;362;D247E3 / VC Le Bourg;M;4502457.0;-19396.0;330
201700001379;17;1;14;1230;1;2;4;1.0;3.0;179;Ch Croix / Imp Caussaye;M;4497812.0;-24874.0;330
201700001433;17;2;16;1309;1;1;1;1.0;2.0;230;RD 934;M;4318623.0;-39297.0;640
201700001436;17;4;30;1115;1;1;1;1.0;1.0;478;RD 217;M;4328001.0;-44035.0;640
201700001438;17;6;29;1624;1;2;1;1.0;7.0;219;chemin MILORD;M;4322301.0;-54495.0;640
201700001446;17;6;24;1515;1;2;1;1.0;3.0;422;RUE LEON JOUHAUX;M;4319903.0;-61247.0;640
201700001448;17;8;26;1030;1;2;9;1.0;6.0;422;Avenue Loustaunau Lacau;M;4319162.0;-62075.0;640
201700001455;17;7;4;1430;1;2;6;1.0;3.0;430;AVENUE DU 8 MAI 1945;M;4348983.0;-78573.0;640
201700001501;17;4;27;730;1;2;4;1.0;3.0;51;1bis rue de la glacière;M;4618487.0;-139334.0;170
201700001507;17;7;28;1000;1;2;2;1.0;3.0;360;7 rue adolphe faquet;M;4615611.0;-133040.0;170
201700001508;17;8;15;1715;1;1;1;1.0;7.0;121;Route de goisil;M;4619677.0;-142684.0;170
201700001522;17;5;25;1500;1;2;9;1.0;1.0;58;rue de la pimpelière;M;4584649.0;-115777.0;170
201700001562;17;1;21;1645;1;1;2;1.0;3.0;228;Route communale, Lieu di;M;4563612.0;-93242.0;170
201700001608;17;2;4;1904;2;1;1;3.0;2.0;438;N224;M;4364225.0;115961.0;310
201700001638;17;4;29;1055;1;2;3;1.0;3.0;381;En Rouzaud rd 813;M;4345497.0;158310.0;310
201700001640;17;6;22;2325;3;1;1;1.0;5.0;366;Lieu-dit La Tour;M;4346177.0;150758.0;310
201700001648;17;11;1;1205;1;1;1;1.0;7.0;269;lieu dit BAYAT;M;4298428.0;154883.0;90
201700001655;17;3;31;1710;1;2;1;1.0;6.0;160;rue du 11 novembre;M;4293388.0;184927.0;90
201700001664;17;1;26;1545;1;1;1;1.0;3.0;217;D 8 - PK 3 -  quartier S;M;4281887.0;159117.0;90
201700001671;17;4;18;1630;1;2;1;1.0;6.0;303;Route de Saurat;M;4285880.0;157679.0;90
201700001679;17;12;21;1105;1;2;1;8.0;7.0;194;30, avenue Gabriel Fauré;M;4308859.0;187016.0;90
201700001682;17;2;21;1630;1;2;1;1.0;3.0;185;Chemin de Sourrouille RD;M;4324727.0;168073.0;90
201700001698;17;1;1;1400;1;2;1;1.0;3.0;235;avenue du stade;M;4302968.0;102613.0;90
201700001702;17;4;3;1845;1;2;1;1.0;3.0;168;5, MAURICE LIEZ;M;4904939.0;337994.0;20
201700001710;17;8;4;830;2;2;3;1.0;3.0;307;CARREFOUR RUE DU VIEUX P;M;4361100.0;59512.0;320
201700001727;17;6;10;1440;1;1;1;1.0;3.0;78;RD 935;M;4303253.0;16607.0;650
201700001731;17;6;24;1815;1;1;1;2.0;6.0;123;route des cols;M;4293621.0;20868.0;650
201700001735;17;7;27;1900;1;2;1;1.0;2.0;59;Place Georges Clémenceau;M;4306662.0;14895.0;650
201700001738;17;8;29;1830;1;1;9;5.0;6.0;59;D918;M;4291379.0;18662.0;650
201700001739;17;9;10;1020;1;2;1;1.0;7.0;59;19 avenue prosper nogues;M;4305914.0;14759.0;650
201700001753;17;5;28;2050;2;2;1;1.0;7.0;105;avenue de bérénice;M;4375560.0;197183.0;810
201700001777;17;2;24;300;5;2;1;1.0;7.0;89;Rue de Belissen;M;4574735.0;477716.0;690
201700001837;17;2;25;1545;1;1;1;1.0;3.0;116;ROUTE DU MONT VERDUN;M;4584243.0;478451.0;690
201700001854;17;1;30;850;1;2;3;1.0;3.0;3;chemin des carrières;M;4585455.0;483079.0;690
201700001856;17;2;25;1510;1;2;1;1.0;3.0;233;rue de la république;M;4583629.0;482271.0;690
201700001857;17;2;23;1545;1;2;9;1.0;3.0;207;rue des cèdres;M;4588004.0;480747.0;690
201700001858;17;3;25;1430;1;1;1;9.0;2.0;163;D87;M;4593197.0;476590.0;690
201700001873;17;6;8;1345;1;2;6;1.0;3.0;207;avenue jacques brel;M;4588936.0;480575.0;690
201700001878;17;7;7;1925;1;1;1;7.0;2.0;163;Avenue Louis Armand - RD;M;4590943.0;479173.0;690
201700001888;17;12;5;1615;1;2;1;1.0;7.0;85;49 rue du buisson;M;4586293.0;484934.0;690
201700001899;17;3;5;1055;1;2;6;1.0;1.0;287;Avenue de Chandieu;M;4568443.0;502529.0;690
201700001928;17;9;14;1850;1;1;1;1.0;6.0;57;D24 - Route du Col de la;M;4576961.0;459785.0;690
201700001947;17;4;9;1155;1;1;1;1.0;6.0;249;Lieu-dit Le Plat;M;4568528.0;463782.0;690
201700001954;17;11;11;1200;1;1;1;8.0;7.0;154;Route du col de la luère;M;4575596.0;463219.0;690
201700001965;17;7;24;1740;1;2;1;1.0;3.0;296;Départementale 36 - Inte;M;4564312.0;481807.0;690
201700001973;17;4;14;1530;1;1;3;1.0;3.0;179;CD 34;M;4560387.0;469083.0;690
201700001995;17;8;21;1010;1;2;1;7.0;3.0;121;D 596;M;4585685.0;466918.0;690
201700002015;17;10;31;1450;1;2;6;7.0;3.0;242;Rond point de la command;M;4611452.0;475216.0;690
201700002036;17;2;25;1650;1;2;1;1.0;1.0;157;Chemin des longes;M;4587695.0;449928.0;690
201700002054;17;4;24;1430;1;1;6;1.0;3.0;160;col des écharmeaux;M;4616718.0;444152.0;690
201700002086;17;6;18;1845;1;2;1;1.0;1.0;249;714 grande rue;M;4582280.0;494996.0;10
201700002093;17;11;20;1450;1;2;1;1.0;3.0;376;Route de genève;M;4583012.0;498086.0;10
201700002119;17;7;26;2010;2;1;1;1.0;6.0;322;Route de MONTPEZAT;M;4467490.0;421240.0;70
201700002120;17;7;27;1130;1;2;1;1.0;7.0;203;Le Village;M;4478920.0;422567.0;70
201700002137;17;8;1;1130;1;1;1;1.0;7.0;323;D279- PK8-200;M;4489074.0;478648.0;70
201700002138;17;8;12;1120;1;2;1;1.0;3.0;324;avenue Hélène de Tournon;M;4505433.0;483891.0;70
201700002155;17;8;27;933;1;2;3;7.0;3.0;196;AV DE LA GARE;M;;;260
201700002169;17;7;21;2215;3;1;1;1.0;2.0;85;AV DE MONTELIMAR;M;;;260
201700002190;17;7;4;1900;1;1;1;1.0;1.0;220;CHEMIN PIED DE VAUX;M;4437371.0;512729.0;260
201700002215;17;3;7;1740;1;1;1;1.0;3.0;4;BONLIEU;M;4500761.0;501352.0;260
201700002243;17;7;18;1840;1;1;1;1.0;1.0;38;RD 67;M;;;260
201700002247;17;9;9;945;1;1;1;2.0;3.0;38;RD 67;M;;;260
201700002259;17;5;28;930;1;2;6;1.0;1.0;722;;M;4937616.0;332953.0;20
201700002262;17;2;1;750;2;2;3;5.0;6.0;722;1, VILLENEUVE ( RUE DE );M;4937320.0;334343.0;20
201700002265;17;3;28;1815;1;2;1;1.0;3.0;309;26 avenue d EYBENS;M;4515729.0;575680.0;380
201700002266;17;4;19;845;1;2;2;1.0;3.0;158;Rue Pierre Mendes France;M;4515241.0;574828.0;380
201700002267;17;4;20;1750;1;2;1;1.0;2.0;158;Avenue Jean Jaurès;M;4515936.0;574515.0;380
201700002274;17;2;16;845;1;2;1;1.0;1.0;382;2 rue des Brieux;M;4523334.0;569213.0;380
201700002275;17;3;3;1008;1;2;4;1.0;1.0;382;02 rue du Lac;M;4523434.0;567054.0;380
201700002276;17;4;5;1805;1;2;3;1.0;3.0;382;rue casimir brenier;M;4523707.0;568004.0;380
201700002282;17;9;16;1240;1;2;1;1.0;2.0;382;5 rue de rochepleine;M;4524025.0;568282.0;380
201700002288;17;5;31;1438;1;1;1;1.0;3.0;376;route de Berland;M;4543744.0;577648.0;380
201700002295;17;3;10;1650;1;1;1;1.0;7.0;540;Route de Montaud;M;4526395.0;558593.0;380
201700002297;17;4;23;1630;1;2;1;1.0;2.0;540;Route de Montaud;M;4526989.0;561777.0;380
201700002305;17;10;25;1100;1;1;1;1.0;5.0;474;chemin de la digue;M;4521939.0;566905.0;380
201700002313;17;6;10;1035;1;2;3;1.0;3.0;545;RD1075 et Rue de la Croi;M;4504125.0;567184.0;380
201700002316;17;8;17;945;1;2;1;1.0;6.0;545;avenue maréchal leclerc;M;4504841.0;566844.0;380
201700002320;17;10;6;1820;1;1;1;6.0;2.0;187;D8 - Hameau de St Barthé;M;4499569.0;562727.0;380
201700002321;17;10;17;1845;2;1;3;1.0;3.0;545;RD1075 - le poyet;M;4503067.0;566463.0;380
201700002325;17;3;15;1815;1;1;3;1.0;3.0;225;DEPARTEMANTALE 106;M;4512258.0;553062.0;380
201700002328;17;6;2;900;1;1;1;1.0;6.0;548;charpichon;M;4507661.0;553701.0;380
201700002331;17;7;8;945;1;1;1;1.0;6.0;548;D531 Gorges de la Bourne;M;4507485.0;549174.0;380
201700002335;17;1;5;1540;1;1;1;7.0;3.0;212;1, AULNES(RUE DES);M;4963776.0;326990.0;20
201700002340;17;5;10;1236;1;2;1;1.0;7.0;304;;M;4965980.0;337950.0;20
201700002343;17;7;6;1435;1;2;3;1.0;6.0;59;;M;4965907.0;334609.0;20
201700002347;17;9;26;1755;1;2;1;1.0;7.0;212;130, CHAUSSEE BRUNEHAUT;M;4963151.0;328076.0;20
201700002353;17;3;11;1845;3;2;1;1.0;2.0;170;rue de l'industrie;M;4524669.0;566295.0;380
201700002354;17;3;16;1625;1;1;1;1.0;3.0;565;Avenue de Juin 1940;M;4529849.0;562823.0;380
201700002357;17;4;22;1915;1;2;1;1.0;6.0;170;chemin des allées;M;4525781.0;566176.0;380
201700002362;17;8;9;830;1;2;1;1.0;6.0;565;1 av honoré de blazac;M;4529587.0;563772.0;380
201700002366;17;1;11;1435;1;2;3;1.0;3.0;562;Rue général de gaulle;M;4508054.0;577415.0;380
201700002370;17;3;25;1500;1;2;6;3.0;3.0;59;D5 - d112;M;4513542.0;577149.0;380
201700002374;17;5;29;1115;1;1;1;1.0;7.0;402;cd 113;M;4501228.0;576237.0;380
201700002375;17;6;15;2000;2;2;1;1.0;7.0;562;314 avenue maurice thore;M;4508154.0;577016.0;380
201700002376;17;6;21;707;1;1;6;1.0;3.0;68;rond-point deS CARRIÈRES;M;4510225.0;571401.0;380
201700002385;17;9;6;1600;1;1;9;1.0;3.0;562;route de Grenoble;M;4506850.0;576220.0;380
201700002389;17;10;5;1421;1;2;3;1.0;3.0;200;14 rue Jules Ferry;M;4508673.0;574151.0;380
201700002428;17;1;4;1050;1;1;6;1.0;3.0;35;CD 39 - rond point du Li;M;4727634.0;-154796.0;440
201700002433;17;4;27;1010;1;2;6;7.0;3.0;35;rue de la vrière;M;4728193.0;-156002.0;440
201700002435;17;6;2;1010;1;2;6;1.0;2.0;35;Avenue Mendes France;M;4729550.0;-155497.0;440
201700002442;17;3;27;1845;1;1;1;1.0;1.0;110;route nationale 7;M;4558934.0;486093.0;380
201700002455;17;8;25;1627;1;2;1;7.0;3.0;507;route de Crémieu;M;4575179.0;519578.0;380
201700002510;17;7;29;1138;1;1;1;7.0;2.0;328;Les Bruyeres;M;4557162.0;398199.0;420
201700002527;17;4;22;1930;1;2;1;1.0;3.0;211;03 rue de la becque;M;4553373.0;423266.0;420
201700002541;17;2;15;2210;5;2;1;1.0;7.0;168;rue des prairies;M;4542179.0;467374.0;420
201700002548;17;5;24;855;1;2;4;1.0;3.0;168;;M;4541638.0;467484.0;420
201700002567;17;3;27;1400;1;1;1;1.0;3.0;328;Départementale 1201A;M;4564811.0;589163.0;730
201700002573;17;12;13;1410;1;1;6;1.0;3.0;328;RD 991;M;4564278.0;591082.0;730
201700002574;17;1;26;2240;3;1;1;1.0;1.0;243;PR 23+600;M;4559362.0;600620.0;730
201700002579;17;10;6;1444;1;2;8;1.0;1.0;213;route d'Appremont;M;4555362.0;595424.0;730
201700002581;17;11;30;2140;5;2;1;2.0;2.0;64;RD 1006;M;4555185.0;598187.0;730
201700002604;17;8;5;1045;1;1;1;1.0;3.0;34;Route communale du col d;M;4568800.0;658675.0;730
201700002612;17;7;1;1120;1;1;1;8.0;5.0;176;D902;M;4560768.0;684479.0;730
201700002645;17;8;3;1320;1;1;1;1.0;6.0;306;Route départementale 902;M;4509919.0;642894.0;730
201700002647;17;9;21;1600;1;1;1;1.0;3.0;13;lieu dit la saussaz;M;4519686.0;633241.0;730
201700002654;17;5;20;1700;1;2;1;1.0;3.0;157;place sommeiller;M;4519438.0;666000.0;730
201700002656;17;7;5;945;1;1;1;1.0;3.0;23;RD1006;M;4521672.0;675384.0;730
201700002657;17;7;17;1025;1;1;1;1.0;7.0;223;RD106;M;4520488.0;662982.0;730
201700002666;17;7;31;1230;1;2;1;1.0;5.0;80;939 RTE COL DES ARAVIS;M;4590606.0;642742.0;740
201700002671;17;11;1;1605;1;1;1;1.0;1.0;136;2111 route des envers;M;4594005.0;642629.0;740
201700002691;17;9;27;1705;1;2;1;1.0;2.0;143;rue de bellevue;M;4589375.0;678408.0;740