Num_Acc;an;mois;jour;hrmn;lum;agg;int;atm;col;com;adr;gps;lat;long;dep
201700006166;17;4;10;1500;1;2;1;1.0;6.0;88;41, MAHONIAS (R. DES);M;4367356.0;720782.0;60
201700006181;17;4;21;1810;1;2;1;1.0;3.0;88;0, MONZIE (R. ANATOLE DE;M;4373695.0;729918.0;60
201700006210;17;5;17;735;1;2;2;1.0;3.0;88;0, ROQUEBILLIERE (R. DE);M;4371333.0;728890.0;60
201700006225;17;5;31;1020;1;2;1;1.0;6.0;159;CORNE D OR (BOULEVARD DE;M;4370986.0;731116.0;60
201700006256;17;6;20;640;2;2;2;1.0;5.0;88;0, REPUBLIQUE (AV. DE LA;M;4370590.0;728301.0;60
201700006271;17;7;3;1910;1;2;1;1.0;3.0;88;0, ECOLES (RUE DES);M;4373820.0;730707.0;60
201700006273;17;7;5;930;1;2;1;1.0;3.0;88;55, BONAPARTE (RUE);M;4770045.0;728654.0;60
201700006387;17;10;11;1010;1;2;1;1.0;3.0;88;CORNIGLION MOLINIER (BD);M;4366686.0;721632.0;60
201700006391;17;10;16;1800;1;2;1;1.0;1.0;88;3, CREMAT (CH. DE);M;4371167.0;719691.0;60
201700006401;17;10;25;1345;1;2;1;1.0;3.0;88;217, ANGLAIS (DU N? 114;M;4368569.0;723655.0;60
201700006402;17;10;27;1150;1;2;1;1.0;3.0;88;2, MONASTERE (AV. DU);M;;;60
201700006438;17;12;2;1115;1;2;1;1.0;2.0;88;LYAUTEY (AV. DU MAL);M;4370938.0;728228.0;60
201700006465;17;10;5;1525;1;2;2;1.0;3.0;234;Ch.del'homme/Ch.Lartigot;M;4478488.0;-50473.0;330
201700006483;17;8;15;1100;1;1;1;1.0;3.0;40;route départementale 46;M;4344576.0;557740.0;130
201700006489;17;4;9;1535;1;2;7;1.0;1.0;331;33, APPEL DU 18 JUIN 194;M;4465970.0;436781.0;70
201700006492;17;5;31;1835;1;2;1;1.0;3.0;19;20, DELATTRE DE TASSIGNY;M;4460493.0;438590.0;70
201700006496;17;7;10;1200;1;1;6;1.0;2.0;19;35, MONTELIMAR ( ROUTE D;M;4461570.0;440427.0;70
201700006498;17;8;22;1800;1;2;1;1.0;5.0;116;168, NATIONALE (ROUTE);M;4463917.0;437172.0;70
201700006516;17;4;4;1500;1;2;6;1.0;3.0;102;1460, SADI-CARNOT (AV.);;;;70
201700006517;17;4;20;1030;1;2;6;1.0;6.0;281;1, LIBERATION (CARREFOUR;M;4494000.0;484000.0;70
201700006520;17;10;5;1910;2;2;6;1.0;3.0;102;300, Jean MOULIN (Rue);M;4493777.0;486416.0;70
201700006523;17;11;21;1600;1;2;6;1.0;3.0;102;Jean MOULIN (Rue);M;4493805.0;486388.0;70
201700006529;17;9;29;930;1;2;9;1.0;2.0;202;rue de la prade;M;4285937.0;303867.0;110
201700006546;17;9;3;1652;1;1;1;1.0;6.0;186;COUX (AVENUE DE);M;4473370.0;460700.0;70
201700006548;17;11;18;1530;1;1;6;1.0;3.0;8;D2 ( ROUTE DEPARTEMENTAL;M;4471242.0;462525.0;70
201700006553;17;3;29;1455;1;1;1;1.0;7.0;259;D27E - PR 2+500;M;4360828.0;379058.0;340
201700006561;17;9;28;1710;1;2;1;1.0;3.0;123;Route de Saint Georges d;M;4361137.0;380571.0;340
201700006601;17;1;4;1340;1;2;2;5.0;6.0;5;RD3 / RD3E8;M;4473973.0;-109400.0;330
201700006805;17;12;19;1705;5;2;1;1.0;6.0;278;46 rue Wilson;M;4774964.0;739281.0;680
201700006808;17;3;16;1135;1;2;1;1.0;3.0;371;R HENRI BARBUSSE;M;4909460.0;250410.0;950
201700006810;17;5;26;1000;1;1;6;1.0;3.0;580;RD 10;M;4908670.0;255210.0;950
201700006905;17;2;1;730;1;2;1;1.0;2.0;32;D543 ROUTE DE*ROGNES;M;4357535.0;536282.0;130
201700006906;17;2;7;1530;1;2;6;1.0;3.0;114;route de Berre RD 10 *;M;4354022.0;526717.0;130
201700006915;17;6;24;930;1;2;3;1.0;7.0;114;route  de berre;M;4354456.0;527828.0;130
201700006917;17;8;4;930;1;1;1;1.0;3.0;32;RD17 - lieu dit Camaïsse;M;4358619.0;531145.0;130
201700006970;17;1;3;1715;3;2;3;2.0;3.0;105;SANS, ETION RUE;M;4978424.0;471024.0;80
201700006999;17;7;19;1850;1;1;9;1.0;3.0;497;PAVANTS PROMENADE;M;4977091.0;465872.0;80
201700007001;17;8;8;2210;5;2;1;1.0;7.0;105;MUGUET AVENUE;M;4974344.0;472580.0;80
201700007002;17;8;11;1630;1;2;3;1.0;2.0;105;88, DE GAULLE AVENUE;M;4977001.0;471210.0;80
201700007005;17;10;1;1521;1;2;3;1.0;3.0;105;FOREST AVENUE;M;4977244.0;472579.0;80
201700007050;17;2;18;1135;1;1;9;1.0;3.0;268;RD 342;M;4566378.0;477955.0;690
201700007059;17;7;27;1200;1;1;1;1.0;3.0;268;CD386;M;4565017.0;475127.0;690
201700007151;17;7;11;950;1;2;1;1.0;3.0;409;ALSACE-LORRAINE (PLACE);M;4970000.0;495000.0;80
201700007177;17;2;7;800;1;2;3;2.0;3.0;486;Avenue Louis Vicat;M;4515674.0;569562.0;380
201700007191;17;5;27;1330;1;1;1;1.0;7.0;112;chemin communal;M;4508697.0;614905.0;380
201700007193;17;5;28;1210;1;1;1;1.0;6.0;375;D530 - PK 14+800;M;4496285.0;616634.0;380
201700007194;17;6;9;1730;1;2;1;1.0;6.0;285;LA PALLUD;M;4505141.0;598778.0;380
201700007196;17;7;30;1020;1;2;1;1.0;7.0;173;Le village;M;4504651.0;612743.0;380
201700007197;17;8;10;1630;1;1;1;1.0;6.0;285;D526, Le Rivier;M;4503131.0;597493.0;380
201700007198;17;8;12;1500;1;1;1;1.0;3.0;375;Route de Saint-Christoph;M;4496290.0;616434.0;380
201700007200;17;8;18;1633;1;1;1;1.0;7.0;177;Virage 21;M;4507014.0;604602.0;380
201700007203;17;8;26;2115;3;1;1;1.0;7.0;52;Route de l'alpe d'huez;M;4506814.0;603924.0;380
201700007436;17;2;27;1425;1;2;1;1.0;6.0;81;allée des écoliers;M;4606848.0;657219.0;740
201700007438;17;3;15;1630;1;1;1;1.0;3.0;169;route du mont saxonnex;M;4605556.0;651817.0;740
201700007451;17;9;4;930;1;2;6;1.0;3.0;81;21 rue Nicolas girod;M;4606915.0;656771.0;740
201700007636;17;4;4;1620;1;2;3;1.0;3.0;85;890 avenue font roubert;M;4360551.0;699292.0;60
201700007674;17;9;26;1900;1;1;3;1.0;3.0;140;Inter D1 Rout d estagel;M;4270057.0;276317.0;660
201700007727;17;4;3;700;2;2;6;1.0;3.0;279;Route de  St Come;M;4551028.0;423849.0;420
201700007729;17;7;5;930;1;2;3;7.0;3.0;279;Rue Grégoire GRANGE;M;4550186.0;425425.0;420
201700007730;17;7;15;1120;1;1;1;1.0;7.0;42;RD108;M;4545281.0;423009.0;420
201700007750;17;4;6;1815;1;2;9;1.0;2.0;152;route d'Antibes;M;4362350.0;700833.0;60
201700007753;17;4;16;1200;1;2;2;1.0;7.0;152;517 route de Nice;M;4364381.0;701443.0;60
201700007759;17;6;27;840;1;1;1;1.0;7.0;152;avenue Maurice Donat ( R;M;4361261.0;702802.0;60
201700007766;17;8;24;820;1;2;6;1.0;3.0;152;1265 Route de Biot;M;4364238.0;703512.0;60
201700007769;17;9;16;1845;1;1;4;1.0;3.0;152;CHEMIN DES TROIS MOULINS;M;4360491.0;706062.0;60
201700007789;17;9;14;1055;1;1;1;1.0;3.0;255;ROUTE DE COMBAILLAUX - D;M;4368348.0;379545.0;340
201700007825;17;8;6;1205;1;2;6;1.0;3.0;37;Avenue des platanes;M;4354724.0;519358.0;130
201700007828;17;7;16;1035;1;1;1;1.0;7.0;42;RD3;M;4905790.0;228140.0;950
201700007834;17;3;13;805;1;1;1;1.0;2.0;210;La Penardière;M;4813531.0;-178251.0;350
201700007836;17;4;2;1420;1;1;1;1.0;2.0;210;La Haute Rabine;M;4817185.0;-178836.0;350
201700007838;17;4;30;1030;1;2;8;2.0;7.0;131;Rue de Cintré;M;4812309.0;-182241.0;350
201700007842;17;6;27;1245;1;2;1;2.0;3.0;189;29 rue de la Marébaudièr;M;4815132.0;-170967.0;350
201700007848;17;11;18;1355;1;1;6;1.0;3.0;131;Ron-pt  des Mares Noires;M;4812896.0;-182813.0;350
201700007882;17;6;10;1740;1;1;1;1.0;3.0;333;chemin des Cresses;M;4347161.0;379524.0;340
201700007888;17;9;2;1215;1;1;1;1.0;2.0;333;D114-E4, à 1 030 m au su;M;4347163.0;378196.0;340
201700007913;17;4;10;630;2;1;6;1.0;3.0;69;Rond point RD15/RD572;M;4362626.0;515066.0;130
201700007916;17;8;1;945;1;1;6;1.0;3.0;69;D572;M;4362653.0;514843.0;130
201700007917;17;8;5;835;1;2;3;7.0;3.0;69;CD 572A - ALLÉE DE CRAPO;M;4363232.0;514309.0;130
201700007919;17;8;21;1815;1;1;1;1.0;3.0;29;D 70 D;M;4358544.0;504975.0;130
201700007923;17;10;21;1300;1;1;1;1.0;3.0;44;Ch. d'Istres À Maltemort;M;4362014.0;507235.0;130
201700007962;17;2;9;1513;1;2;1;8.0;2.0;387;PLANCHE DES PRES (RUE);M;4829590.0;409537.0;100
201700007976;17;3;28;730;1;2;3;1.0;3.0;387;VICTOR HUGO (RUE);M;4829345.0;406873.0;100
201700007977;17;3;29;1636;1;2;1;1.0;1.0;343;VOLTAIRE (RUE);M;4827314.0;410306.0;100
201700007981;17;4;30;1149;1;2;6;1.0;3.0;387;ROBERT GALLEY (RUE);M;4828998.0;406780.0;100
201700007999;17;7;4;1434;1;2;2;1.0;3.0;387;ST DOMINIQUE (MAIL);M;4829474.0;408262.0;100
201700008000;17;7;3;1340;1;2;1;1.0;3.0;333;NOTRE DAME DES PRES (RUE;M;4828851.0;404537.0;100
201700008005;17;7;20;1209;1;2;1;8.0;1.0;387;EDOUARD HERRIOT (RUE);M;4827740.0;407601.0;100
201700008006;17;7;18;1840;1;2;1;1.0;6.0;362;139, GENERAL GALLIENI (R;M;4829286.0;404627.0;100
201700008013;17;9;19;2300;5;2;1;1.0;6.0;81;6, DANTON (RUE);M;4832033.0;405266.0;100
201700008014;17;9;2;1846;1;2;1;1.0;1.0;387;JULES GUESDE (RUE);M;4828758.0;408138.0;100
201700008015;17;9;7;1800;1;2;1;1.0;3.0;387;JULES GUESDE (RUE);M;4828871.0;408038.0;100
201700008016;17;9;25;1551;1;2;3;1.0;6.0;362;1, EDMOND RATAT (RUE);M;4829087.0;406332.0;100
201700008019;17;10;13;1213;1;1;3;1.0;3.0;60;VERRIERES (RUE DES);M;4826035.0;412293.0;100
201700008021;17;7;29;1855;1;2;9;1.0;3.0;81;JEAN MOULIN (RUE);M;4830509.0;402689.0;100
201700008032;17;10;19;1205;1;2;2;1.0;7.0;387;EDMOND FARIAT (RUE);M;4829009.0;410085.0;100
201700008096;17;12;2;1450;1;2;3;1.0;3.0;32;rue de l'ise;M;4799725.0;-161322.0;350
201700008112;17;3;10;750;1;2;1;1.0;3.0;69;AVENIR -PONT-;M;4321617.0;236095.0;110
201700008123;17;4;8;900;1;2;1;1.0;3.0;69;SOUVENIR FRANCAIS -AVENU;M;4320880.0;237990.0;110
201700008144;17;4;8;1840;1;2;2;1.0;3.0;69;MARTY ANTOINE;M;4321633.0;235613.0;110
201700008145;17;4;9;1438;1;1;6;1.0;3.0;69;BERRIAC -ROUTE DE-;M;4321029.0;238736.0;110
201700008171;17;7;18;955;1;1;6;1.0;3.0;69;RD 118;M;4319632.0;232182.0;110
201700008194;17;10;4;840;1;1;1;1.0;3.0;69;TROISIEME RPIMA -AVENUE-;M;4320690.0;238500.0;110
201700008236;17;12;18;1810;5;2;2;2.0;3.0;69;LITTRE;M;4321269.0;234739.0;110
201700008286;17;3;19;1130;1;2;1;1.0;6.0;262;MISTRAL (BOULEVARD FREDE;M;4318867.0;300467.0;110
201700008295;17;4;15;1300;1;2;1;8.0;3.0;262;16, TORGAN (RUE DU);M;4318385.0;297583.0;110
201700008302;17;5;14;1125;1;2;1;1.0;1.0;262;193, BORDEAUX (AVENUE DE;M;4318102.0;297088.0;110
201700008304;17;5;18;1600;1;1;3;1.0;3.0;262;LECLERC (AVENUE DU GENER;M;4317587.0;299352.0;110
201700008329;17;9;5;1635;1;1;6;1.0;7.0;262;MARCORIGNAN (ROUTE DE);M;4319290.0;298069.0;110
201700008345;17;10;17;1750;1;2;1;1.0;3.0;262;ELYSIQUES (VOIES DES);M;4318439.0;297674.0;110
201700008348;17;10;19;1045;1;2;1;2.0;3.0;262;CAMELLE (RUE CALIXTE);M;4319135.0;301462.0;110
201700008388;17;6;4;2045;1;1;1;1.0;1.0;50;Route de la Roque d'Anth;M;4369007.0;528182.0;130
201700008394;17;1;9;1300;1;1;1;1.0;2.0;36;RN 113;M;4378041.0;429298.0;300
201700008472;17;3;10;2000;5;2;2;1.0;3.0;145;SOULOBRES (BOULEVAR  DE);;;;120
201700008476;17;6;9;1105;1;1;1;1.0;6.0;145;SAINT-MARTIN;;;;120
201700008479;17;9;20;1653;1;2;4;1.0;3.0;145;PEYRE (ROUTE DE);M;4408880.0;306035.0;120
201700008487;17;5;5;1555;1;2;1;1.0;7.0;202;AUTERNE (CHEMIN DE L');;;;120
201700008490;17;5;29;1105;1;2;1;1.0;3.0;202;DECAZEVILLE (AVENUE DE);;;;120
201700008583;17;7;27;1030;1;2;2;1.0;1.0;1;99 Av Guillaume du Vair;M;4350809.0;540644.0;130
201700008598;17;9;14;1710;1;1;9;1.0;2.0;1;3185, EGUILLES (RTE D');M;;;130
201700008618;17;11;27;1235;1;2;9;1.0;2.0;1;PETIT BARTHELEMY (AV DU);M;4351924.0;543627.0;130
201700008638;17;2;3;1900;5;2;1;1.0;6.0;4;MTE VAUBAN ??;;;;130
201700008649;17;12;1;1230;1;2;3;1.0;2.0;4;CHE DE LA FORTUNE;M;4368196.0;463459.0;130
201700008666;17;3;9;900;1;1;1;1.0;1.0;5;530, CEINTURE DE CAMPS M;M;4329597.0;558365.0;130
201700008684;17;5;28;1120;1;2;1;1.0;7.0;5;Route de la Légion,;M;4329445.0;555774.0;130
201700008712;17;10;19;1510;1;1;1;1.0;3.0;5;701 Chemin des Craux;M;4330386.0;560653.0;130
201700008715;17;11;5;920;1;2;6;1.0;2.0;5;1, VERDUN (AVENUE DE;M;4328733.0;558254.0;130
201700008749;17;3;27;1730;1;2;6;1.0;3.0;28;SAINT JEAN  (AVENUE DE);M;4318903.0;562780.0;130
201700008757;17;4;29;815;1;2;4;1.0;3.0;28;FONTSAINTE (AVENUE DE);M;4319076.0;564079.0;130
201700008782;17;8;14;1550;1;2;3;1.0;3.0;28;BELLON (AVENUE ANDRE);M;4318887.0;562876.0;130
201700008784;17;8;28;2000;1;2;6;1.0;2.0;28;SEVERIERS (CHEMIN DES);M;4319899.0;561666.0;130
201700008808;17;11;5;1000;1;1;1;2.0;5.0;47;1101, CD16 (LE DELA);M;4333470.0;505800.0;130
201700008833;17;1;3;950;1;2;1;1.0;3.0;55;163, LUMINY (AVENUE DE);M;4323487.0;543798.0;130
201700008850;17;1;7;1635;1;2;3;1.0;3.0;55;6, POMPIDOU (PROMENADE);M;4326767.0;537197.0;130
201700008864;17;1;10;2230;5;2;1;1.0;6.0;55;06, SAINTE BARBE (RUE);M;4330041.0;537448.0;130
201700008940;17;1;20;1530;1;2;4;1.0;3.0;75;7, JEAN-BAPTISTE MICHEL;M;4334095.0;545737.0;130
201700008961;17;1;24;850;1;2;1;1.0;3.0;55;1, FRDRIC MISTRAL (AVE;M;4332345.0;544926.0;130
201700009018;17;2;2;2118;5;2;1;1.0;2.0;55;17, JOSEPH AIGUIER*(CHEM;M;4325775.0;540358.0;130
201700009067;17;2;11;1035;1;1;1;8.0;5.0;2;00, ETIENNE CUCCA-CD908;M;4336982.0;552918.0;130
201700009093;17;2;18;1915;4;2;3;1.0;3.0;55;90, SAINTE MARTHE (AVENU;M;4332354.0;538914.0;130
201700009117;17;2;22;1910;2;2;3;1.0;1.0;55;44, av  DESAUTEL;M;4325483.0;540717.0;130
201700009159;17;3;2;1440;1;2;1;1.0;6.0;55;503, SAINT PIERRE*(RUE);M;4329102.0;541778.0;130
201700009204;17;3;9;845;1;2;1;1.0;3.0;55;171, PAUL CLAUDEL *BOULE;M;4326814.0;541609.0;130
201700009260;17;3;19;1720;1;2;1;1.0;6.0;55;128, CHEMIN DU LITTORAL;M;4333653.0;535231.0;130
201700009271;17;3;21;900;1;2;1;1.0;3.0;55;151, SAINT PIERRE*(RUE);M;4329202.0;539414.0;130
201700009394;17;3;17;2005;5;2;1;1.0;6.0;55;205, RABATAU (BOULEVARD);M;4328220.0;539944.0;130
201700009417;17;4;10;1345;1;2;1;1.0;3.0;55;40, DUNKERQUE;M;4330679.0;536774.0;130
201700009610;17;5;3;1530;1;2;1;1.0;7.0;55;22b Av. du Prado;M;4328438.0;538425.0;130
201700009613;17;5;13;400;5;2;2;1.0;3.0;55;1 Bd Dugommier;M;4329762.0;538102.0;130
201700009629;17;5;15;1250;1;2;6;1.0;3.0;2;750, GENERAL MONTSABERT;M;4335596.0;548677.0;130
201700009631;17;5;15;1700;1;2;1;1.0;3.0;55;02, FLORALIA (Rue);M;4324161.0;539388.0;130
201700009719;17;5;29;730;1;2;1;1.0;3.0;55;51, ALEX ANSALDI (RUE);M;4333237.0;540405.0;130
201700009734;17;5;30;1835;1;2;1;1.0;3.0;55;144, Corniche*John Fitzg;M;4328186.0;535107.0;130
201700009758;17;6;3;940;1;1;1;1.0;3.0;2;00, ETIENNE CUCCA-CD908;M;4336643.0;550360.0;130
201700009807;17;6;11;630;1;2;1;1.0;6.0;55;348 Rue Saint-Pierre;M;4329176.0;540857.0;130
201700009843;17;6;14;2055;1;2;3;1.0;6.0;55;21, BAILLE (BOULEVARD);M;4328663.0;538627.0;130
201700009855;17;6;16;1818;1;2;1;1.0;3.0;55;49, LODI (RUE DE);M;4329020.0;538653.0;130
201700009890;17;6;22;1640;1;2;6;1.0;2.0;55;MAZARGUES (ROND-POINT);M;4325060.0;540376.0;130
201700009941;17;7;1;45;5;2;3;1.0;3.0;55;14, PARADIS (RUE);M;4329408.0;537650.0;130
201700010009;17;6;19;2323;5;2;1;1.0;6.0;55;00, POMPIDOU (PROMENADE);M;4326428.0;537365.0;130
201700010026;17;7;13;2130;2;2;3;1.0;3.0;55;00, FIFI TURIN (RUE);M;4328333.0;541285.0;130
201700010089;17;7;25;1820;1;2;7;1.0;2.0;55;Place du Général Ferrié;M;4327756.0;539931.0;130
201700010123;17;7;31;1250;1;2;8;1.0;3.0;55;29, BELGES (QUAI DES);M;4329467.0;537446.0;130
201700010146;17;8;5;1200;1;2;1;1.0;6.0;55;142, MENDES FRANCE (AVEN;M;4325569.0;537665.0;130
201700010163;17;8;8;630;2;2;6;1.0;2.0;55;203, PIERRE DOIZE  (RUE);M;4327237.0;542835.0;130
201700010175;17;8;10;1100;1;2;1;1.0;3.0;55;98, JARRE (AVENUE DE LA);M;4323549.0;540161.0;130
201700010187;17;8;13;215;5;2;1;1.0;2.0;55;16-17, RIVE NEUVE (QUAI);M;4329298.0;537049.0;130
201700010309;17;9;3;1600;1;2;3;1.0;3.0;55;19, ITALIE (RUE D');M;4329015.0;538197.0;130
201700010349;17;9;8;1345;1;2;1;1.0;2.0;55;97, PEINTRES ROUX (AVENU;M;4330517.0;547101.0;130
201700010505;17;9;30;1010;1;2;1;1.0;3.0;55;131, MARCHAL DE LATTRE;M;4324589.0;541720.0;130
201700010573;17;10;10;1100;1;2;3;1.0;2.0;55;385, MICHELET (BOULEVARD;M;4325452.0;540176.0;130
201700010589;17;10;9;1850;1;2;1;1.0;2.0;55;71 Bd Charles Livon;M;4329220.0;536032.0;130
201700010648;17;10;20;1550;1;2;2;1.0;3.0;55;212, ROGER SALENGRO (AVE;M;4331915.0;536753.0;130
201700010675;17;10;22;1930;2;2;1;1.0;2.0;55;135, SAINT JEAN DU DESER;M;4329375.0;540913.0;130
201700010678;17;10;25;1230;1;2;6;1.0;2.0;55;112 Av William Booth;M;4329537.0;544519.0;130
201700010755;17;10;20;1600;1;2;1;1.0;1.0;55;15 Rue Colbert;M;4329923.0;537429.0;130
201700010769;17;11;9;930;1;2;3;1.0;1.0;55;00, GASTON FLOTTE (RUE);M;4329894.0;542973.0;130
201700010840;17;11;19;1100;1;2;1;1.0;3.0;55;13, REDON (BOULEVARD DU);M;4325723.0;542449.0;130
201700010989;17;12;12;1650;1;2;1;1.0;3.0;55;Bd Amphitrite;M;;;130
201700011038;17;12;18;2030;5;2;1;1.0;2.0;55;2 rue du Rouet;M;4328600.0;538490.0;130
201700011108;17;4;25;800;1;2;1;1.0;2.0;26;RN 568 CLM;M;4339290.0;515055.0;130
201700011136;17;5;19;1940;1;1;1;1.0;1.0;103;1688, AVENUE CHABAN DELM;M;4364049.0;505795.0;130
201700011182;17;1;29;1100;1;2;1;1.0;1.0;117;RHIN DANUBE???;;;;130
201700011373;17;3;16;1430;1;1;1;1.0;1.0;561;D 91;M;4873375.0;200874.0;780
201700011376;17;8;4;1555;1;2;1;1.0;3.0;356;route de la butte aux ch;M;4875051.0;205142.0;780
201700011386;17;1;17;1130;1;2;1;1.0;1.0;392;RUE DE BELLEVUE;M;4907450.0;221690.0;950
201700011406;17;11;27;1239;1;2;1;1.0;3.0;355;D960;M;4710204.0;-76588.0;490
201700011417;17;4;29;1155;1;2;6;1.0;3.0;375;rue de cernay;M;4780812.0;722427.0;680
201700011418;17;4;30;1415;1;2;3;1.0;3.0;375;172 rue de Reiningue;M;4778735.0;722522.0;680
201700011421;17;10;12;830;1;2;1;1.0;3.0;375;19 RUE DU CHER;M;4780716.0;723587.0;680
201700011431;17;3;27;1758;1;2;1;1.0;3.0;558;19 rue des Romains;M;4891787.0;758885.0;670
201700011457;17;5;15;1310;1;2;9;1.0;3.0;118;MALTOT (RUE DE);M;4917229.0;38423.0;140
201700011464;17;8;7;1550;1;2;1;1.0;6.0;118;SAINT JEAN (RUE DE 1 A 3;M;4918329.0;36058.0;140
201700011470;17;9;21;1120;1;2;6;1.0;3.0;301;ROUEN (ROUTE DE);M;4917232.0;-28218.0;140
201700011482;17;12;19;1745;5;2;9;2.0;6.0;566;0, ROSEL (ROUTE DE );M;4920152.0;-40123.0;140
201700011486;17;3;21;1104;1;2;2;1.0;3.0;117;1, GUILLAUME LE CONQUERA;M;4928580.0;-12283.0;140
201700011489;17;4;24;800;1;2;2;1.0;3.0;225;DISTILLERIE (RUE DE LA);M;4928350.0;-10761.0;140
201700011495;17;11;26;1127;1;2;6;1.0;3.0;225;1, GAULLE (RUE DU GAL);M;4917080.0;-6320.0;140
201700011513;17;11;3;1711;2;2;3;1.0;3.0;258;3 rue victor Perrin;M;4807013.0;578120.0;880
201700011515;17;3;14;1809;1;2;3;1.0;3.0;304;rue charles nicolas bazi;M;4830070.0;614188.0;880
201700011535;17;4;29;1445;1;1;1;1.0;5.0;408;12 colline de Grandrupt;M;4792520.0;666373.0;880
201700011543;17;3;16;1630;1;2;1;1.0;3.0;116;11 route du faing;M;4796900.0;683342.0;880
201700011545;17;6;9;815;1;2;7;1.0;3.0;486;rue Jules FERRY;M;4800606.0;671603.0;880
201700011548;17;8;20;550;2;1;1;1.0;2.0;447;41, rue des Graviers;M;4795733.0;674364.0;880
201700011550;17;4;8;1630;1;1;1;1.0;3.0;375;38 Rue de la Mairie;M;4826612.0;704619.0;880
201700011564;17;8;30;1800;1;1;4;1.0;2.0;319;D259;M;4839413.0;685770.0;880
201700011570;17;6;2;1630;1;1;1;1.0;2.0;121;RD 8043;M;4983964.0;447095.0;80
201700011582;17;9;27;1700;1;1;1;1.0;3.0;302;D1, route de meiller fon;M;4987826.0;473217.0;80
201700011585;17;12;23;1750;5;1;1;2.0;3.0;302;D31 - Route de Prum;M;4988308.0;476162.0;80
201700011607;17;10;18;1200;1;2;1;1.0;7.0;491;39 rue victor HUGO;M;4973844.0;485923.0;80
201700011608;17;12;2;1445;1;1;1;1.0;2.0;96;D764;M;4970810.0;476819.0;80
201700011614;17;7;1;1445;1;1;1;8.0;2.0;490;D983;M;4941683.0;468810.0;80
201700011626;17;1;4;1450;1;1;1;3.0;3.0;58;CD 44;M;4819164.0;512436.0;520
201700011630;17;6;24;1455;1;1;1;1.0;3.0;253;départementale 40;M;4819176.0;500661.0;520
201700011676;17;5;2;1220;1;1;2;1.0;1.0;429;carrefour RN67/D176, PK;M;4860538.0;502649.0;520
201700011685;17;8;17;1745;1;2;9;1.0;3.0;550;Rue du maréchal de Lattr;M;4849679.0;493719.0;520
201700011691;17;12;20;1520;1;1;1;8.0;2.0;39;départementale 13;M;4839248.0;496965.0;520
201700011708;17;8;22;1330;1;1;1;1.0;3.0;61;N106;M;4434348.0;358273.0;480
201700011747;17;10;13;1740;1;2;3;1.0;3.0;241;Grand  Rue;M;4396924.0;427959.0;300
201700011784;17;8;13;930;1;1;1;1.0;7.0;109;Route du docteur Perrier;M;4407110.0;423027.0;300
201700011786;17;9;13;1825;2;2;2;7.0;3.0;160;ROUTE DE NERS - RD 982;M;4400569.0;413180.0;300
201700011825;17;1;19;1530;1;2;1;1.0;2.0;33;RD 139;M;4371533.0;427463.0;300
201700011840;17;2;13;2140;5;2;1;2.0;1.0;138;chemin du coin du loup;M;4379869.0;424753.0;300
201700011858;17;1;19;1445;1;1;1;1.0;5.0;276;RD 979 - PK 80.600;M;4363865.0;419310.0;300
201700011864;17;7;12;1000;1;1;6;1.0;3.0;133;D62 - rond point du mole;M;4356000.0;415322.0;300
201700011867;17;10;8;45;3;1;1;1.0;2.0;3;RD 46;M;4358893.0;421021.0;300
201700011877;17;4;11;1745;1;1;1;7.0;2.0;99;LE BOIS DE ???;M;4727856.0;53717.0;370
201700011882;17;7;6;2140;1;2;6;1.0;3.0;18;RP DU GAL DE GAULLE;M;4733444.0;61261.0;370
201700011894;17;3;19;1000;1;1;1;1.0;7.0;149;LA MORINERIE;M;4763691.0;69128.0;370
201700011944;17;4;16;115;5;2;1;1.0;2.0;27;4 RUE DE CULAISON;M;4732207.0;99963.0;370
201700011954;17;10;6;740;1;1;6;1.0;3.0;273;RD 142;M;4738367.0;78445.0;370
201700011976;17;3;14;1230;1;2;3;1.0;3.0;69;165, RUE D'ORIVAL;M;4913060.0;24609.0;140
201700011981;17;4;18;1820;1;1;1;1.0;1.0;366;0, MANERBE (CHEMIN DE;M;4916320.0;20672.0;140
201700012036;17;5;24;1955;1;2;1;7.0;3.0;31;Rue de chaumetton;M;4728519.0;17334.0;370