Num_Acc;an;mois;jour;hrmn;lum;agg;int;atm;col;com;adr;gps;lat;long;dep
201700018777;17;9;15;1900;1;1;3;1.0;2.0;241;route de barizey;M;4678001.0;469039.0;710
201700018788;17;4;28;1640;1;1;1;1.0;3.0;463;Le Montet;M;4624035.0;426417.0;710
201700018791;17;10;28;1740;1;2;5;1.0;3.0;120;Avenue du Chateau;M;4620304.0;433850.0;710
201700018825;17;12;26;1503;1;1;1;1.0;2.0;263;Route de Cuiseaux;M;4663721.0;524200.0;710
201700018836;17;8;7;1245;1;1;1;1.0;3.0;522;873 route de Cuisery;M;4660193.0;498683.0;710
201700018885;17;2;16;1045;1;1;4;7.0;1.0;8;CD118;M;4298230.0;226500.0;110
201700018887;17;3;15;1630;1;2;4;1.0;1.0;344;Intersection Route de Vi;M;4308094.0;231845.0;110
201700018903;17;10;27;720;3;1;1;8.0;3.0;299;D118;M;4314876.0;229121.0;110
201700018922;17;7;12;750;1;1;6;1.0;2.0;262;RONT POINT DE MOUJAN - C;M;4317342.0;306461.0;110
201700018929;17;11;15;1730;2;1;1;1.0;3.0;262;RD 6009;M;4319587.0;299738.0;110
201700018999;17;4;18;1500;1;1;3;1.0;7.0;208;ROUTE DU TANÉ;M;4392840.0;66728.0;320
201700019009;17;3;1;1530;1;1;1;1.0;7.0;375;RD 127;M;4343150.0;49329.0;320
201700019105;17;5;8;950;1;1;1;1.0;6.0;135;Chonay;M;4621075.0;453164.0;690
201700019107;17;6;23;1640;1;2;1;1.0;1.0;53;le bourg;M;4621351.0;470562.0;690
201700019123;17;12;19;1345;1;2;3;1.0;3.0;140;D14E2 / Ch. de la Douve;M;4477541.0;-35116.0;330
201700019152;17;11;1;1005;1;1;2;1.0;3.0;36;D802-PisCy/R. A des Pins;M;4444166.0;-21872.0;330
201700019155;17;12;19;749;2;2;6;1.0;3.0;36;RN524 / RD3;M;4444389.0;-23611.0;330
201700019173;17;5;25;745;1;1;1;1.0;2.0;26;D11 PR 45+19 reel;M;4450959.0;-43771.0;330
201700019192;17;5;7;1200;1;2;4;1.0;3.0;423;RD2 / RD101;M;4514739.0;-74134.0;330
201700019198;17;8;3;1100;1;1;2;1.0;3.0;395;RD2/Rte.ANGUILEYS;M;4526463.0;-79064.0;330
201700019208;17;10;13;1000;1;2;9;1.0;2.0;521;D1E4 54 route du Bourg;M;4546531.0;-104990.0;330
201700019212;17;2;28;1900;5;2;6;2.0;3.0;466;CARREFOUR MAGRINE;M;4482264.0;-29373.0;330
201700019233;17;4;8;1530;1;1;1;1.0;5.0;62;d817;M;4319935.0;13833.0;650
201700019238;17;8;7;1515;1;2;2;1.0;3.0;2;avenue des Pyrénées;M;4313862.0;-2771.0;650
201700019259;17;1;30;1630;1;1;1;1.0;7.0;176;Col de Spandelles - PK 2;M;4301658.0;-24143.0;650
201700019263;17;3;14;1700;1;1;1;1.0;7.0;29;RD 918 pk 20+120;M;4299906.0;-11145.0;650
201700019265;17;4;18;750;1;2;1;1.0;6.0;25;1a avenue Besque;M;4300145.0;-10027.0;650
201700019267;17;5;13;1440;1;1;1;1.0;6.0;77;route du Hautacam;M;4297325.0;-2742.0;650
201700019271;17;7;5;1130;1;2;1;1.0;3.0;138;Carrefour D920, lieur di;M;4289811.0;-11105.0;650
201700019272;17;7;16;1015;1;1;1;1.0;3.0;77;route de Hautacam;M;4297329.0;-2756.0;650
201700019273;17;10;30;1615;1;1;4;1.0;7.0;55;Carrefour CD913 / CD100;M;4300391.0;-7922.0;650
201700019278;17;7;15;1520;1;2;1;1.0;7.0;389;avenue des châtaigniers;M;4307900.0;48181.0;650
201700019279;17;7;26;1205;1;2;3;1.0;1.0;51;D71;M;4306832.0;51971.0;650
201700019332;17;9;29;1810;1;2;1;1.0;3.0;135;526 avenue de la républi;M;4415083.0;137990.0;820
201700019344;17;6;25;940;1;1;1;1.0;1.0;85;chemin de négret;M;4397010.0;127467.0;820
201700019363;17;8;13;940;1;1;1;1.0;3.0;155;lieu dit marsac;M;4415032.0;177020.0;820
201700019415;17;12;18;740;2;2;1;2.0;5.0;186;route de cornillas;M;4411701.0;89568.0;820
201700019439;17;1;4;1410;1;2;1;2.0;2.0;630;rue porte boiteux;M;4977696.0;198061.0;800
201700019459;17;7;3;1015;1;2;2;1.0;3.0;82;rue Marcelle Genevois;M;4996534.0;213454.0;800
201700019515;17;9;24;845;1;2;1;1.0;2.0;253;route d'albert;M;5014940.0;234584.0;800
201700019530;17;12;23;1630;1;2;3;2.0;6.0;711;20, R DU GAL DE GAULLE;M;5004305.0;212141.0;800
201700019537;17;6;30;1435;1;1;2;1.0;3.0;685;D221;M;4968413.0;278965.0;800
201700019582;17;2;17;1600;1;1;3;1.0;3.0;807;CARR D120 / VC;M;4996170.0;262250.0;800
201700019591;17;6;12;1715;1;2;1;1.0;3.0;680;19 R JULES DIJEON;M;4981169.0;269711.0;800
201700019597;17;8;7;1930;1;1;3;1.0;6.0;617;D34;M;4974690.0;274646.0;800
201700019603;17;9;15;1345;1;1;1;2.0;3.0;172;D 164;M;4991886.0;277026.0;800
201700019676;17;7;29;935;1;1;1;1.0;1.0;246;cd 205;M;4243248.0;936287.0;202
201700019680;17;8;18;1830;1;1;1;1.0;7.0;318;D330;M;4243450.0;947707.0;202
201700019684;17;9;14;950;1;1;1;1.0;6.0;291;D 506;M;4237196.0;937319.0;202
201700019715;17;6;28;1445;1;1;1;1.0;6.0;49;U Nichjaretu - Route de;M;4251997.0;872067.0;202
201700019728;17;5;31;1040;1;2;9;7.0;6.0;96;Piste cyclable RT 50;M;4230189.0;916350.0;202
201700019729;17;8;2;910;1;1;1;9.0;7.0;126;Route Territoriale 50;M;4219226.0;936304.0;202
201700019738;17;4;9;1030;1;1;1;1.0;3.0;283;RT10;M;4189523.0;939098.0;202
201700019740;17;6;12;1450;1;1;1;1.0;7.0;123;D344;M;4209266.0;934774.0;202
201700019758;17;8;22;845;1;2;6;1.0;3.0;150;AVENUE LATECOERE;M;4364688.0;133592.0;310
201700019759;17;9;13;740;2;2;2;1.0;3.0;150;chemin testete;M;4364510.0;133475.0;310
201700019809;17;7;31;1730;1;1;5;1.0;3.0;263;RUE DE LA MAIRIE;M;4652556.0;-58295.0;790
201700019822;17;3;9;1300;1;1;1;1.0;2.0;220;;M;4621865.0;-63889.0;790
201700019853;17;5;17;1100;1;1;1;1.0;7.0;79;;M;4691458.0;-74347.0;790
201700019858;17;11;22;1000;1;1;1;7.0;4.0;79;"LD ""LA ROUILLARDIERE""";M;4694906.0;-87161.0;790
201700019923;17;2;13;1715;1;1;1;7.0;2.0;482;RD 55 - PK 33+300;M;4985980.0;104288.0;760
201700019940;17;1;14;915;1;1;1;1.0;3.0;2;;M;4960109.0;62108.0;760
201700019942;17;6;6;1630;1;1;2;6.0;3.0;281;D484;M;4952490.0;58194.0;760
201700019945;17;3;21;1410;1;1;1;1.0;2.0;606;D920 PK 2+400;M;4977309.0;170874.0;760
201700019948;17;6;13;1505;1;1;1;1.0;3.0;598;Cd 920;M;4982497.0;161978.0;760
201700019951;17;8;10;1210;1;2;3;1.0;3.0;101;rue des étangs;M;4993030.0;163841.0;760
201700019966;17;8;26;1345;1;1;1;1.0;5.0;728;1214 route de duclair;M;4948194.0;99411.0;760
201700020011;17;5;31;1730;1;1;1;1.0;7.0;66;2 vacquenoux;M;4846027.0;717322.0;670
201700020026;17;8;16;1530;1;1;1;7.0;7.0;191;RD38 PR 5+200;M;4902568.0;709757.0;670
201700020027;17;9;21;910;1;1;1;1.0;5.0;355;Route départementale 919;M;4900485.0;710859.0;670
201700020029;17;10;15;1700;1;2;1;1.0;2.0;355;rue de Herbitzheim;M;4900073.0;712763.0;670
201700020092;17;6;3;1530;1;1;1;1.0;7.0;120;route de Cruseilles;M;4605238.0;621694.0;740
201700020113;17;6;10;1555;1;2;6;1.0;3.0;275;Intersection rue de l'ég;M;4583697.0;621692.0;740
201700020122;17;8;13;1115;1;2;3;1.0;2.0;275;;M;4582844.0;622103.0;740
201700020123;17;8;14;1130;1;1;1;1.0;6.0;267;Piste cyclable;M;4585551.0;613807.0;740
201700020124;17;8;27;1040;1;1;1;1.0;1.0;148;;M;4577465.0;611870.0;740
201700020127;17;9;29;1500;1;1;1;1.0;6.0;108;VOIE VERTE;M;4582340.0;620818.0;740
201700020153;17;12;14;745;2;1;3;2.0;3.0;255;RD16;M;4587016.0;596157.0;740
201700020154;17;3;16;1750;1;2;1;1.0;3.0;164;489 avenue du pont neuf;M;4608945.0;650544.0;740
201700020159;17;6;18;1215;1;2;1;1.0;3.0;183;chef lieu;M;4614078.0;653650.0;740
201700020167;17;3;30;610;5;1;2;1.0;3.0;262;19 route de Reignier;M;4612337.0;631119.0;740
201700020194;17;3;13;1845;5;2;3;1.0;7.0;173;252 rue charles feige;M;4585848.0;662067.0;740
201700020206;17;6;18;1130;1;1;3;1.0;3.0;236;Route de Saint-Gervais;M;4590737.0;671200.0;740
201700020215;17;7;20;1327;1;1;1;1.0;1.0;358;chemin du Vliet;M;5092412.0;224653.0;590
201700020237;17;8;26;1120;1;1;4;1.0;5.0;580;petite rue du rivelde;M;5081968.0;253383.0;590
201700020238;17;11;19;1215;1;1;1;1.0;6.0;587;voie communale, Taerte S;M;5080094.0;255182.0;590
201700020249;17;4;26;1300;1;2;1;1.0;3.0;164;11 ABBE GUILLEVIN;M;4766668.0;-280090.0;560
201700020254;17;7;28;1600;1;2;3;1.0;3.0;206;Rue de St Michel;M;4771377.0;-275273.0;560
201700020255;17;9;13;915;1;2;6;2.0;1.0;3;rond point du guippe;M;4762639.0;-282914.0;560
201700020285;17;5;10;1500;1;1;1;1.0;7.0;109;D 140;M;4761591.0;-253905.0;560
201700020290;17;11;7;750;2;1;1;1.0;3.0;231;le cosqueric;M;4769007.0;-267146.0;560
201700020297;17;5;27;1145;1;2;4;1.0;3.0;243;route de nantes;M;4764963.0;-271627.0;560
201700020302;17;8;13;1240;1;2;9;1.0;3.0;5;Rond point de Kerjouanno;M;4754124.0;-287866.0;560
201700020309;17;7;19;1200;1;2;4;1.0;3.0;116;route de Kerpenhir;M;4756005.0;-293726.0;560
201700020312;17;8;14;945;1;2;6;1.0;3.0;186;Gen De Gau- prt de peche;M;4747767.0;-312874.0;560
201700020313;17;8;20;1735;1;1;1;1.0;6.0;186;boulevard de la teignous;M;4748283.0;-309724.0;560
201700020315;17;9;7;1000;1;2;1;1.0;3.0;234;Rue Notre Dame de Lotivy;M;4752751.0;-314368.0;560
201700020329;17;4;23;1030;1;2;2;1.0;1.0;96;Rue de l'océan;M;4774729.0;-307689.0;560
201700020331;17;5;1;1200;1;1;1;1.0;2.0;177;route d'auray;M;4775948.0;-302093.0;560
201700020352;17;2;14;1615;1;1;3;1.0;3.0;78;Départementale 306;M;4780590.0;-345815.0;560
201700020356;17;4;20;1610;1;1;1;1.0;7.0;78;le loch;M;4775468.0;-350833.0;560
201700020360;17;5;26;1000;1;1;2;1.0;3.0;179;keriaquel;M;4782210.0;-341191.0;560
201700020363;17;6;25;1100;1;2;1;1.0;3.0;166;D 769 bis;M;4790677.0;-333591.0;560
201700020378;17;11;23;1845;3;1;1;3.0;2.0;40;CD 769 BIS LIEUX DIT KER;M;4785213.0;-331652.0;560
201700020384;17;4;18;1120;1;2;1;1.0;3.0;13;route d'ETEL - CD16;M;4766557.0;-317992.0;560
201700020386;17;5;24;1000;1;2;6;1.0;3.0;54;D781;M;4764652.0;-315965.0;560
201700020391;17;9;18;1015;1;2;2;1.0;3.0;62;RUE DE LA PETITE MER;M;4769735.0;-334995.0;560
201700020393;17;10;4;1250;1;2;1;1.0;3.0;130;rue de port louis;M;4773466.0;-323830.0;560
201700020414;17;3;8;1550;1;1;1;1.0;6.0;6;RD 772 - PK 17+500;M;4792226.0;-230257.0;560
201700020443;17;8;6;1010;1;1;1;1.0;2.0;198;LES JANIERS;M;4807964.0;-276024.0;560
201700020448;17;11;18;1100;1;1;1;1.0;3.0;47;Coet Moru;M;4804885.0;-273999.0;560
201700020505;17;9;9;1640;1;1;1;1.0;3.0;194;RUE DU PRÉ DE L'ÉTANG;M;4533100.0;168716.0;190
201700020513;17;8;3;2045;1;2;1;1.0;7.0;229;rue du Général de Gaulle;M;4514288.0;145461.0;190
201700020545;17;5;16;2150;2;2;1;1.0;3.0;241;"LD ""Le Chassaing""";M;4569348.0;209579.0;190
201700020547;17;4;6;1545;1;2;3;1.0;3.0;474;rue Raymond Wastiaux;M;5008177.0;376458.0;590
201700020560;17;10;11;1705;1;2;3;1.0;6.0;525;rue des fosses  à marne;M;5009205.0;400483.0;590
201700020597;17;8;10;845;1;2;1;1.0;6.0;634;RUE DE LA FONTAINE;M;4895872.0;426750.0;510
201700020599;17;9;3;1230;1;2;2;1.0;3.0;149;RUE SAINT GERMAIN;M;4891536.0;447216.0;510
201700020634;17;10;12;1600;1;1;1;1.0;7.0;7;D26;M;4909511.0;417624.0;510
201700020635;17;10;20;1715;1;2;1;1.0;3.0;643;RUE ROGER THOMAS;M;4900934.0;390551.0;510
201700020661;17;5;28;1950;1;2;1;1.0;3.0;440;15 RUE DE VOUZIERS;M;4929824.0;432354.0;510
201700020679;17;5;21;1127;1;2;1;1.0;1.0;448;D240;M;5066125.0;167509.0;620
201700020691;17;2;16;1840;5;2;3;2.0;3.0;553;ZAC la Pointe Ringale;M;4863043.0;249193.0;910
201700020695;17;5;2;745;2;2;6;2.0;3.0;225;carrefour du coudray;M;4863840.0;245958.0;910
201700020720;17;6;13;1750;1;2;6;1.0;3.0;272;rond point des trois ave;M;4869798.0;212296.0;910
201700020738;17;8;20;1100;1;1;3;1.0;1.0;365;RD 9;M;4906860.0;243480.0;950
201700020749;17;6;27;1205;1;2;2;1.0;3.0;239;36 rue carnot;M;4817017.0;334212.0;890
201700020752;17;8;23;855;1;1;1;1.0;3.0;291;départementale 606;M;4810841.0;328506.0;890
201700020760;17;6;13;1615;1;1;1;1.0;2.0;161;;M;4441950.0;644607.0;40
201700020773;17;8;30;1700;1;2;4;1.0;3.0;552;rue des thermes;M;4904825.0;618446.0;570
201700020816;17;8;1;1700;1;2;3;1.0;3.0;64;rue principale;M;4880181.0;724241.0;570
201700020835;17;4;9;1645;1;1;9;1.0;3.0;628;RD656;M;4900915.0;699411.0;570
201700020873;17;8;24;1750;1;2;2;1.0;1.0;588;34 boulevard des Pyrénée;M;4352626.0;133517.0;310
201700020892;17;4;16;955;1;2;4;1.0;2.0;297;35 rue du cluse;M;5081336.0;217458.0;620
201700020907;17;5;21;1020;1;1;1;1.0;3.0;125;D70 - route d'ESPARRON;M;4352587.0;586470.0;830
201700020924;17;3;22;1810;1;2;1;1.0;3.0;67;Avenue Clémenceau;M;4332037.0;628572.0;830
201700020926;17;4;12;1421;1;1;1;1.0;2.0;26;D13;M;4344493.0;620761.0;830
201700020927;17;4;13;1700;1;1;1;1.0;3.0;18;D13;M;4334628.0;617985.0;830
201700020932;17;7;11;1100;1;2;1;1.0;3.0;92;RD97;M;4329969.0;622829.0;830
201700020943;17;4;8;1845;1;2;1;1.0;1.0;171;route de ballaison;M;4631299.0;633897.0;740
201700020957;17;9;21;1750;1;1;1;1.0;2.0;70;;M;4629116.0;627131.0;740
201700020987;17;5;17;1415;1;2;3;1.0;3.0;374;36 RUE DE VAUCOULEURS;M;4564189.0;18564.0;160
201700020995;17;9;27;1600;1;1;1;1.0;3.0;166;RD1000;M;4567333.0;19077.0;160
201700021002;17;8;2;1655;1;2;2;1.0;3.0;102;;M;4568779.0;-31444.0;160
201700021007;17;10;4;1545;1;2;1;1.0;6.0;102;5 RUE JEAN JAURES;M;4569000.0;-32026.0;160
201700021008;17;10;14;2120;5;2;4;1.0;3.0;102;;M;4569317.0;-32566.0;160
201700021011;17;12;4;1525;1;2;6;1.0;2.0;89;Le Fief du Roi;M;4567882.0;-31131.0;160
201700021030;17;2;10;740;1;2;1;1.0;3.0;301;45 rue du rieu de condé;M;5049497.0;355082.0;590
201700021037;17;9;13;1340;1;2;9;1.0;3.0;189;Rue Jean Bouin;M;4265845.0;295399.0;660
201700021040;17;1;4;845;1;2;1;1.0;7.0;299;., DIERAS AVENUE DU DOCT;M;4594776.0;-97633.0;170
201700021045;17;2;16;1445;1;2;4;1.0;6.0;299;., BAUDIN IMPASSE ET RUE;M;4593592.0;-96911.0;170
201700021050;17;4;7;1740;1;2;2;1.0;3.0;299;., ONZE NOVEMBRE 1918 AV;M;4592564.0;-95998.0;170
201700021053;17;5;17;845;1;2;6;1.0;3.0;299;., POUZET BOULEVARD EDOU;M;4593709.0;-98285.0;170
201700021054;17;6;2;1540;1;2;1;1.0;3.0;449;3, GAULLE AVENUE DU GENE;M;4594436.0;-89324.0;170
201700021058;17;8;3;710;2;2;6;1.0;3.0;299;., BEGON ROND POINT ET R;M;4594337.0;-96031.0;170
201700021074;17;1;4;1213;1;2;2;1.0;6.0;300;02, BOURGOGNE   AVENUE D;M;4615910.0;-118278.0;170
201700021086;17;1;26;750;2;2;3;1.0;3.0;300;148, REMPARTS   CHEMIN D;M;4616650.0;-115321.0;170
201700021096;17;2;2;755;5;2;3;2.0;3.0;300;1, CHAUDRIER   RUE;M;4616174.0;-115284.0;170
201700021106;17;2;10;705;5;2;6;1.0;3.0;300;2, VERDIER   BOULEVARD A;M;4616145.0;-113972.0;170
201700021108;17;2;13;2015;5;2;6;1.0;3.0;300;2, SCIERIE   RUE DE LA;M;4614601.0;-115241.0;170
201700021121;17;3;6;1515;1;2;6;6.0;3.0;300;1, PERRIER   ROND-POINT;M;4613880.0;-115455.0;170
201700021124;17;3;10;1415;1;2;1;1.0;3.0;300;6, CHIRONS LONGS   CHEMI;M;4616483.0;-120419.0;170
201700021128;17;3;13;930;1;2;6;2.0;3.0;300;1, Mdaills Militaires;M;4616910.0;-114990.0;170
201700021130;17;3;14;1816;1;2;3;1.0;3.0;300;381, GUITON   AVENUE JEA;M;4615945.0;-120001.0;170
201700021142;17;4;10;1600;1;2;1;1.0;3.0;300;69, SAUTEL  BOULEVARD AN;M;4616812.0;-113260.0;170
201700021149;17;4;21;850;1;2;1;1.0;3.0;300;166, NORMANDIN   RUE EMI;M;4614147.0;-113887.0;170
201700021150;17;4;22;1140;1;2;2;1.0;3.0;300;SARTRE   AVENUE JEAN-PAU;M;4615485.0;-113581.0;170
201700021151;17;4;23;1950;1;2;2;1.0;3.0;300;SAINT-LOUIS   RUE;M;4615887.0;-114645.0;170
201700021159;17;5;4;755;1;2;2;1.0;3.0;300;1, CENT-VINGT-TROISIEME;M;4615298.0;-114888.0;170
201700021160;17;5;5;1730;1;1;1;1.0;1.0;300;26, BERGERIE   RUE DE LA;M;4617583.0;-117493.0;170
201700021164;17;5;9;1755;1;2;1;1.0;3.0;300;20, VERDUN   PLACE DE;M;4616265.0;-115397.0;170
201700021170;17;5;22;1744;1;2;2;1.0;3.0;300;21, CLEMENCEAU   AVENUE;M;4616331.0;-118205.0;170
201700021171;17;5;23;829;1;2;1;1.0;3.0;300;01, COGNEHORS   BOULEVAR;M;4616914.0;-114650.0;170
201700021172;17;5;24;845;1;2;2;1.0;3.0;300;GUITON   AVENUE JEAN (9/;M;4615869.0;-115953.0;170
201700021175;17;5;27;834;1;2;3;1.0;3.0;300;ROYALE  AVENUE DE LA POR;M;4616222.0;-114223.0;170
201700021176;17;5;30;826;1;2;9;1.0;3.0;300;CHURCHILL   BOULEVARD WI;M;4615381.0;-118378.0;170
201700021185;17;6;14;750;1;2;2;1.0;2.0;300;386, POINCARE   AVENUE R;M;4616727.0;-119505.0;170
201700021188;17;6;17;1005;1;2;3;1.0;3.0;300;12, CHAUDRIER   RUE;M;4616120.0;-115305.0;170
201700021189;17;6;17;1909;1;1;1;1.0;1.0;300;150, NORMANDIN   RUE EMI;M;4614181.0;-113985.0;170
201700021194;17;6;28;1600;1;2;3;2.0;3.0;300;1, MANGIN   AVENUE DU GE;M;4616776.0;-118299.0;170
201700021198;17;7;7;1255;1;2;3;1.0;3.0;300;10, NOUE   RUE DE LA;M;4616038.0;-115568.0;170
201700021210;17;7;23;1150;1;2;2;1.0;3.0;300;14, KENNEDY   AVENUE DU;M;4616722.0;-117773.0;170
201700021211;17;7;23;1450;1;2;1;1.0;1.0;300;01, DEMEOCQ   RUE JEAN;M;4615187.0;-114056.0;170
201700021212;17;7;24;1110;1;2;1;1.0;3.0;300;1, REPUBLIQUE   AVENUE D;M;4614094.0;-115754.0;170
201700021218;17;8;10;910;1;2;1;1.0;3.0;300;MISSY   RUE DE;M;4616341.0;-116942.0;170
201700021221;17;8;14;1310;1;2;1;1.0;3.0;300;84, QUEBEC   RUE DE (1/1;M;4614998.0;-120608.0;170
201700021226;17;8;21;845;1;2;1;7.0;3.0;300;44, GUITON   AVENUE JEAN;M;4615939.0;-116364.0;170
201700021227;17;8;22;830;1;2;3;1.0;3.0;300;1, ROYALE  AVENUE DE LA;M;4616224.0;-114225.0;170
201700021228;17;8;22;1400;1;2;6;1.0;3.0;300;17, LYAUTEY   BOULEVARD;M;4616169.0;-120276.0;170
201700021229;17;8;24;855;1;2;1;1.0;3.0;300;87, COGNEHORS   BOULEVAR;M;4616768.0;-114027.0;170
201700021236;17;9;4;915;1;2;6;1.0;3.0;291;1, EUROPE  AVENUE;M;4617762.0;-111656.0;170
201700021248;17;9;28;1530;1;2;1;1.0;1.0;300;5, MAUBEC   QUAI;M;4615840.0;-115070.0;170
201700021250;17;9;29;850;1;2;1;1.0;4.0;300;56 TER, ALBERT IER   RUE;M;4616617.0;-115103.0;170
201700021253;17;10;3;755;2;2;1;8.0;3.0;300;78, SALINES  RUE DU PONT;M;4615691.0;111942.0;170
201700021264;17;10;12;1315;1;2;4;1.0;3.0;300;28, CLEMENCEAU   AVENUE;M;4616253.0;-118223.0;170
201700021266;17;10;12;1730;1;2;3;1.0;3.0;300;1, REPUBLIQUE   BOULEVAR;M;4614098.0;114129.0;170
201700021267;17;10;12;1805;1;2;1;1.0;2.0;200;3, GODETTES   RUE DES;M;4618795.0;-116041.0;170
201700021268;17;10;14;1409;1;2;6;1.0;1.0;300;27, GARGOT   RUE NICOLAS;M;4613977.0;-114520.0;170
201700021272;17;10;17;1630;1;2;1;1.0;3.0;300;0, SALINES  RUE DU PONT;M;4616087.0;-112310.0;170
201700021275;17;10;19;1505;1;2;6;1.0;2.0;200;00, HUIT MAI 1945   AVEN;M;4619021.0;-114660.0;170
201700021285;17;10;31;1444;1;2;1;1.0;6.0;300;7, PALAIS   RUE DU;M;4616004.0;-115346.0;170
201700021288;17;11;3;810;1;2;1;1.0;6.0;300;01, LECLERC   AVENUE DU;M;4616245.0;-115922.0;170
201700021291;17;11;9;750;1;2;3;1.0;3.0;300;85, GRASSET   AVENUE EDM;M;4616367.0;-117120.0;170
201700021294;17;11;14;1710;1;2;3;1.0;3.0;300;5, ALBERT IER   RUE;M;4616277.0;-115236.0;170
201700021295;17;11;15;1455;1;2;3;1.0;3.0;300;4, DENFERT-ROCHEREAU   A;M;4616551.0;-118891.0;170
201700021297;17;11;18;1300;1;2;6;1.0;3.0;300;00, CARNOT   AVENUE;M;4616449.0;-118180.0;170
201700021304;17;11;28;822;1;2;1;3.0;1.0;300;ARSENAL   RUE DE L';M;4616003.0;-114784.0;170
201700021310;17;12;12;1017;1;2;6;1.0;3.0;300;COGNEHORS   BOULEVARD DE;M;4616734.0;-114016.0;170
201700021312;17;12;15;1847;5;2;3;1.0;3.0;200;00, MARIENNEE   RUE DE L;M;4618421.0;-114245.0;170
201700021317;17;12;18;1850;5;2;6;1.0;3.0;300;1, CHAMP DE MARS   AVENU;M;4616907.0;-114967.0;170
201700021319;17;12;19;830;1;2;1;1.0;2.0;300;45, LAZARET   AVENUE DU;M;4614045.0;-116550.0;170
201700021327;17;11;14;1031;1;2;1;1.0;3.0;306;1, PROVIDENCE (DE LA);M;4562775.0;-102817.0;170
201700021331;17;11;19;1059;1;2;3;1.0;3.0;306;105, MARNE (DE LA) (BD);M;4562505.0;-100423.0;170
201700021344;17;2;17;1800;1;2;2;1.0;3.0;333;JAURES (AVENUE);M;4561282.0;-99100.0;170
201700021371;17;6;1;825;1;2;1;1.0;3.0;380;GRANDE COTE (AVENUE DE L;M;4564733.0;-110993.0;170
201700021372;17;6;2;1530;1;2;1;1.0;3.0;380;93, VERDUN (AVENUE DE);M;4566176.0;-107220.0;170
201700021387;17;8;4;1;5;2;1;1.0;1.0;380;REPUBLIQUE (AVENUE DE LA;M;4564352.0;-108963.0;170
201700021390;17;8;6;1330;1;2;1;1.0;2.0;461;172, COTE DE BEAUTE (BOU;M;4563368.0;-106599.0;170
201700021392;17;8;8;1615;1;2;1;1.0;3.0;306;PONTAILLAC (DE) (AVENUE);M;4562037.0;-103517.0;170
201700021395;17;8;11;1746;1;2;1;1.0;3.0;306;38, FRONT DE MER (PROMEN;M;4562058.0;-101859.0;170
201700021397;17;8;12;1436;1;2;1;1.0;3.0;306;FONCILLON (FACADE DE);M;4561957.0;-103309.0;170
201700021414;17;10;7;1630;1;2;1;1.0;3.0;333;51, REPUBLIQUE (DE LA);M;4560245.0;-99737.0;170
201700021455;17;1;4;1315;1;2;2;1.0;1.0;415;02, APOTRES DE LA LIBERT;M;4574313.0;-64001.0;170
201700021474;17;5;29;1650;1;2;6;1.0;3.0;415;COURBIAC DE QUAI YSER A;M;4575302.0;-63100.0;170
201700021475;17;6;1;1617;1;2;6;1.0;2.0;415;1, SAINTONGE PONT A RUE;M;4574067.0;-62671.0;170
201700021476;17;6;9;1845;1;2;3;1.0;1.0;415;1, POITOU RUE DU;M;4573611.0;-61933.0;170
201700021484;17;8;9;830;1;2;6;3.0;6.0;415;GAMBETTA 74 A 162 ET 29;M;4574643.0;-62024.0;170
201700021494;17;9;27;900;1;2;1;1.0;2.0;415;140, SAINT EUTROPE RUE;M;4574387.0;-64528.0;170
201700021504;17;12;1;1315;1;2;1;1.0;7.0;415;06, SAINT REMY RUE DE;M;4575301.0;-64590.0;170
201700021506;17;12;1;1840;2;2;1;1.0;6.0;415;1, SAINTONGE IMPASSE DE;M;4574533.0;-62722.0;170
201700021507;17;12;2;820;2;1;1;1.0;7.0;415;1, RETAUD ROUTE DE;M;4572659.0;-66752.0;170
201700021508;17;12;2;1824;2;2;1;2.0;7.0;415;1, GAMBETTA 74 A 162 ET;M;4574639.0;-61876.0;170
201700021510;17;12;8;1446;1;2;1;1.0;7.0;415;19, SANTONES RUE DES;M;4575325.0;-63617.0;170