Num_Acc;an;mois;jour;hrmn;lum;agg;int;atm;col;com;adr;gps;lat;long;dep
201700021513;17;12;17;1735;2;2;1;1.0;3.0;415;1, SAINTONGE BLANC. A AP;M;4574186.0;-63703.0;170
201700021515;17;12;20;902;1;2;1;1.0;6.0;415;34, GAMBETTA 2 A 72 ET 5;M;4574681.0;-62699.0;170
201700021550;17;3;8;1455;1;2;3;1.0;3.0;292;rue mistral;M;4410206.0;455651.0;300
201700021559;17;8;7;1020;1;1;1;1.0;2.0;207;RD 6086;M;4404588.0;457604.0;300
201700021573;17;10;26;640;3;2;1;5.0;3.0;238;"""la vallée verte"" RD 5";M;4788313.0;80042.0;410
201700021580;17;6;16;2115;1;2;1;1.0;2.0;247;72, RUE NOTRE DAME - D60;M;4876023.0;335031.0;770
201700021593;17;5;15;1400;1;1;3;1.0;3.0;697;RD 956;M;5026197.0;302220.0;620
201700021617;17;1;5;2130;5;2;1;9.0;2.0;770;Rue de Guarbecque;M;5062100.0;251919.0;620
201700021621;17;6;14;1211;1;2;2;1.0;3.0;473;RUE ROGER SALENGRO;M;5061493.0;247599.0;620
201700021631;17;5;4;1700;1;2;2;1.0;1.0;196;Carrefour RD 139/ RD 146;M;5047752.0;171995.0;620
201700021655;17;3;28;1800;1;2;1;1.0;3.0;45;rue Hermant;M;5035063.0;258446.0;620
201700021706;17;10;22;900;1;1;1;1.0;3.0;54;route de la crau;M;4315786.0;606587.0;830
201700021707;17;11;6;555;3;2;1;3.0;1.0;130;Ave Maréchal de Lattre;M;4318774.0;603796.0;830
201700021721;17;10;23;1645;1;2;9;1.0;3.0;1;INTERSECTION N21 ET RUE;M;4579680.0;114219.0;870
201700021776;17;9;4;1640;1;1;1;1.0;7.0;175;Parking château de la hu;M;4847137.0;-234134.0;220
201700021806;17;2;1;1640;1;1;1;1.0;2.0;221;D6580 - PK 18.100;M;4403558.0;473065.0;300
201700021856;17;5;23;1745;1;1;1;1.0;3.0;33;JUIN (AVENUE DU MA;M;4710553.0;242387.0;180
201700021877;17;10;11;1804;1;1;1;7.0;2.0;33;SAINT-MICHEL (ROUTE DE);M;;;180
201700022013;17;6;16;1310;1;2;4;1.0;3.0;109;Avenue des Sables;M;4686775.0;-102477.0;850
201700022069;17;6;11;1027;1;1;1;1.0;5.0;1;D2;M;4755557.0;-148695.0;440
201700022081;17;5;21;1225;1;1;1;1.0;6.0;299;Lieu dit Les Allais;M;4786125.0;31273.0;720
201700022113;17;6;29;930;1;1;1;1.0;1.0;19;RD 41;M;4314621.0;631716.0;830
201700022126;17;12;30;1130;1;1;1;1.0;3.0;19;RD41;M;4318710.0;633074.0;830
201700022141;17;10;18;1726;1;1;1;1.0;2.0;479;D136;M;4919849.0;284695.0;600
201700022163;17;2;23;1510;1;2;1;1.0;6.0;31;16, DUBAYLE (RUE ANTOINE;M;4514353.0;149098.0;190
201700022165;17;2;28;1935;5;2;6;8.0;3.0;31;39, ALVITRE (AVENUE ABBE;M;4515350.0;150899.0;190
201700022199;17;6;2;940;1;2;1;1.0;6.0;31;53, PARIS (AVENUE DE);M;4516348.0;153233.0;190
201700022210;17;7;18;1645;1;2;1;1.0;3.0;31;1, DUCLAUX (AVENUE EMILE;M;4514986.0;149792.0;190
201700022224;17;9;3;1515;1;2;6;1.0;2.0;31;01, COMTE (RUE ERNEST);M;4515557.0;148029.0;190
201700022232;17;10;2;800;1;2;6;2.0;3.0;31;0, TAURISSON (RUE LOUIS);M;4514309.0;148323.0;190
201700022239;17;10;16;1230;1;2;1;1.0;3.0;31;110, POMPIDOU (AVENUE GE;M;4515779.0;154923.0;190
201700022241;17;10;18;1430;1;2;1;1.0;3.0;31;12, DUMAITRE (RUE JEAN);M;4515607.0;154782.0;190
201700022263;17;12;20;1640;1;2;2;1.0;6.0;31;20, DIX HUIT JUIN 1940 (;M;4515941.0;149734.0;190
201700022303;17;4;4;1828;1;2;1;1.0;3.0;54;8, SALINS (AVENUE GUIGON;M;4703189.0;483438.0;210
201700022305;17;6;2;1715;1;1;6;1.0;3.0;54;, PHILIPPE LE BON (ROND;M;4700585.0;484996.0;210
201700022313;17;9;29;1125;1;2;7;7.0;3.0;54;19, COLBERT (RUE);M;4702628.0;484643.0;210
201700022320;17;7;12;945;1;2;1;1.0;3.0;263;416-458 Avenue de Bonnat;M;4633338.0;638750.0;740
201700022325;17;1;11;1818;5;2;1;2.0;6.0;231;86, RAYMOND POINCARE (AV;M;4732881.0;506760.0;210
201700022326;17;1;17;1659;1;2;1;1.0;1.0;355;DIJON (DE) (ROUTE);M;4728458.0;506288.0;210
201700022329;17;3;8;1725;1;2;3;2.0;3.0;231;CHICAGO (DE) (BOULEVARD);M;4730047.0;506011.0;210
201700022330;17;3;16;2021;5;2;3;1.0;3.0;231;ILE (DE L') (RUE);M;4731508.0;502972.0;210
201700022354;17;11;27;1537;1;2;1;3.0;3.0;231;50, PIERRE BOISSON (RUE);M;4730839.0;501841.0;210
201700022367;17;3;13;910;1;1;6;1.0;3.0;113;SAINT PIERRE (RUE);M;4875177.0;-345254.0;220
201700022374;17;5;11;930;1;2;6;1.0;3.0;113;KERMARIA (PONT DE);M;4872797.0;-345760.0;220
201700022384;17;9;16;1100;1;1;1;8.0;2.0;113;KER AR FAOUT (CHEMIN DE);M;4875133.0;-348503.0;220
201700022413;17;2;6;1925;2;2;1;2.0;6.0;215;22, VILLES MOISAN (RUE D;M;4849537.0;-277570.0;220
201700022425;17;4;3;1620;1;2;6;1.0;3.0;360;67, PASTEUR (RUE);M;4848623.0;-275056.0;220
201700022437;17;5;25;1005;1;2;3;1.0;7.0;187;17, 2 Frres Durand (Rue;M;4852521.0;-274873.0;220
201700022440;17;6;4;2323;5;1;6;1.0;3.0;278;AGADEZ (ROND-POINT);M;4851030.0;-278331.0;220
201700022442;17;6;14;1655;1;2;3;1.0;3.0;278;47, TREGUEUX (DE);M;4850160.0;-275898.0;220
201700022454;17;7;4;1908;1;2;1;1.0;6.0;106;0, SAINT-PERN (RUE);M;4849576.0;-271584.0;220
201700022462;17;8;3;1615;1;1;9;1.0;6.0;278;DOUVENANT (DE);M;4850128.0;-273432.0;220
201700022464;17;8;7;1525;1;2;3;1.0;2.0;215;0, GRANDE METAIRIE (RUE;M;4849153.0;-280445.0;220
201700022474;17;8;20;530;5;2;1;1.0;2.0;278;LA FAYETTE;M;4851011.0;-274636.0;220
201700022479;17;9;27;1730;1;2;1;1.0;2.0;278;10, CHARNER (BD);M;4850781.0;-276309.0;220
201700022480;17;10;11;1215;1;2;6;1.0;3.0;360;LAENNEC (RUE DU DR);M;4848831.0;-274012.0;220
201700022497;17;11;21;1830;5;2;1;1.0;6.0;278;10, PRIGENT (EDOUARD);M;4850904.0;-277362.0;220
201700022500;17;11;28;1830;3;2;1;1.0;6.0;360;49, GUE MORIN (RUE DU);M;4848424.0;-275679.0;220
201700022506;17;5;23;1340;1;2;2;1.0;3.0;96;3, LAVILATTE (RUE DU DOC;M;4617234.0;186762.0;230
201700022519;17;5;9;1840;1;1;1;1.0;2.0;37;RD 936 E1;M;4482646.0;49384.0;240
201700022527;17;3;27;1715;1;2;6;2.0;1.0;322;BEAURONNE (ROND POINT);M;4519972.0;67498.0;240
201700022538;17;7;24;1550;1;2;3;1.0;6.0;322;GYMNASE ( RUE DU);M;4518104.0;71520.0;240
201700022551;17;2;26;2038;5;2;3;1.0;3.0;56;SANS, BEARN RUE DU;M;4721718.0;596233.0;250
201700022561;17;3;21;1225;1;2;1;1.0;1.0;56;11, DOLE RUE DE <82;M;4722861.0;598706.0;250
201700022562;17;3;25;2013;5;2;9;1.0;3.0;56;SANS, SOUVENIR FRANCAIS;M;4726675.0;602562.0;250
201700022583;17;7;5;811;1;2;9;1.0;6.0;56;129, DOLE RUE DE >82 & <;M;4722787.0;598394.0;250
201700022602;17;9;29;2247;5;2;1;1.0;2.0;56;34, MONTRAPON AVENUE DE;M;4724745.0;600660.0;250
201700022608;17;10;13;1349;1;2;6;1.0;6.0;56;sans, DROZ   AVENUE EDOU;M;4723870.0;603404.0;250
201700022611;17;10;21;215;5;2;3;1.0;3.0;56;SANS, BACCHUS  PLACE;M;4724267.0;602105.0;250
201700022616;17;11;5;1100;1;2;1;1.0;6.0;56;sans, MOURAS RUE DOCTEUR;M;4722590.0;598405.0;250
201700022618;17;11;13;1647;1;2;1;2.0;6.0;56;DIDEROT BOULEVARD;M;4724261.0;603366.0;250
201700022635;17;3;18;1200;1;2;1;1.0;3.0;285;48, GNRAL DE GAULLE(RU;M;4757577.0;675948.0;700
201700022655;17;12;13;945;1;2;1;1.0;6.0;580;20, OEHMICHEN (RUE);M;4746604.0;683301.0;250
201700022675;17;6;16;755;1;2;1;1.0;3.0;462;29, ARMEE DE L'EST (AVEN;M;4689418.0;636452.0;250
201700022688;17;9;21;1853;1;2;3;1.0;1.0;462;13, STAND;M;4689864.0;634905.0;250
201700022715;17;5;23;1830;1;1;1;1.0;2.0;94;CERNIER;M;4517482.0;492357.0;260
201700022728;17;7;20;1600;1;2;1;1.0;2.0;62;route du stade;M;4389027.0;511698.0;840
201700022737;17;8;9;1015;1;1;1;1.0;3.0;83;CD928;M;5091888.0;241022.0;590
201700022745;17;4;14;1830;1;2;2;1.0;3.0;106;ROUTE DE FONTAINE;M;4599325.0;-8594.0;790
201700022770;17;8;21;1045;1;2;1;1.0;3.0;56;D 62;M;5060464.0;291690.0;590
201700022779;17;3;29;1745;1;2;3;9.0;3.0;33;rue de l'industrie;M;4610551.0;582006.0;10
201700022781;17;6;23;1945;1;2;4;1.0;1.0;91;rue du muret;M;4621070.0;570267.0;10
201700022791;17;3;15;1045;1;2;1;1.0;2.0;49;avenue Gabriel Peri;M;4323573.0;607121.0;830
201700022827;17;7;27;2100;1;2;6;1.0;3.0;198;AVENUE SAINT LAZARE;M;4456745.0;475536.0;260
201700022828;17;9;4;1925;1;1;1;1.0;6.0;198;RN 7;M;4458330.0;475250.0;260
201700022844;17;1;30;735;1;2;3;1.0;3.0;281;RUE  PECHERIE;M;4504266.0;504717.0;260
201700022845;17;2;4;939;1;2;1;1.0;1.0;281;49 AV JEAN MOULIN;M;4505328.0;504839.0;260
201700022857;17;3;29;1700;1;1;6;1.0;3.0;281;ROUTE DES BALMES;M;4506177.0;501673.0;260
201700022860;17;4;12;1400;1;2;1;1.0;3.0;281;RUE DE LA PAILLERE;M;4504103.0;502725.0;260
201700022862;17;5;6;1345;1;2;1;1.0;6.0;57;AV DU GENERAL DE GAULLE;;;;260
201700022869;17;5;26;929;1;2;6;1.0;3.0;281;PLACE CARNOT;M;4504870.0;504890.0;260
201700022872;17;6;12;900;1;2;2;1.0;3.0;281;RTE DE SAINT BARDOUX;M;4505982.0;499706.0;260
201700022873;17;6;17;1750;1;2;2;1.0;3.0;281;BD MARX DORMOY;M;4504757.0;505483.0;260
201700022898;17;10;10;1206;1;2;1;2.0;3.0;281;AVENUE DU 11 NOVEMBRE;M;4504465.0;507136.0;260
201700022902;17;10;26;2320;5;2;2;1.0;3.0;281;RUE ARMILLERIE;M;4504397.0;505009.0;260
201700022905;17;11;16;1450;1;2;1;1.0;6.0;281;AVENUE  EMILE ZOLA;M;4505720.0;506451.0;260
201700022911;17;11;27;1700;1;2;1;1.0;3.0;57;BD ALPES PROVENCE;M;4503819.0;505546.0;260
201700022933;17;4;7;1630;1;2;6;1.0;3.0;362;AV DE ROMANS;M;4493256.0;489859.0;260
201700022938;17;5;19;1340;1;2;2;1.0;3.0;58;AVENUE JEAN JAURES;M;4493892.0;489609.0;260
201700022959;17;11;15;845;1;1;6;1.0;3.0;362;L.A.C.R.A.  RN7;M;;;260
201700022963;17;12;1;1105;1;2;2;1.0;3.0;362;RUE  FAVENTINES;M;4491646.0;491086.0;260
201700022989;17;5;8;1135;1;2;3;1.0;3.0;33;4501 route d?partemental;M;4378788.0;718487.0;60
201700022990;17;5;8;815;1;1;1;1.0;2.0;126;487 quartier de la Lauzi;M;4381603.0;718829.0;60
201700022991;17;5;29;1630;1;1;1;1.0;3.0;6;2342 route de Nice;M;4376640.0;724212.0;60
201700022996;17;7;30;1100;1;1;1;1.0;7.0;46;RM 6202;M;4376587.0;720723.0;60
201700022997;17;8;3;1005;1;2;1;1.0;1.0;33;RM1, CARROS VILLAGE;M;4378895.0;718489.0;60
201700023005;17;2;19;1600;1;2;6;1.0;3.0;383;rond point D49 et C19;M;4538557.0;563315.0;380
201700023013;17;5;27;1715;1;1;1;1.0;2.0;383;RD 520, route de voiron;M;4536712.0;562879.0;380
201700023017;17;6;25;1100;1;1;1;1.0;1.0;432;ROUTE DE CHIRENS;M;4540995.0;561069.0;380
201700023020;17;8;25;835;1;2;1;1.0;1.0;432;RD 49, route de Chirens;M;4540040.0;560234.0;380
201700023022;17;9;27;1251;1;1;1;1.0;3.0;368;route de charavines;M;4539133.0;552172.0;380
201700023030;17;1;22;1830;3;1;1;1.0;2.0;283;route de chaponnay;M;;;690
201700023035;17;9;26;1810;2;2;6;1.0;3.0;283;rond point de la déchett;M;4567210.0;493335.0;690
201700023037;17;12;6;1600;1;1;1;1.0;1.0;283;Route de Valencin;M;4564793.0;495849.0;690
201700023046;17;2;28;850;1;2;1;3.0;3.0;86;rue Robert Naberis;M;4738010.0;290539.0;580
201700023055;17;10;6;1500;1;1;1;1.0;3.0;102;lieu dit  les cabets;M;4734962.0;311224.0;580
201700023078;17;2;1;1540;1;2;3;1.0;3.0;229;2, SEMARD (RUE PIERRE);;;;270
201700023108;17;11;15;1850;5;2;1;1.0;7.0;701;FERME (VOIE DE LA);M;4927138.0;121608.0;270
201700023132;17;11;4;1735;3;2;1;8.0;5.0;118;route de saint Vallier;M;4366746.0;679655.0;60
201700023144;17;6;23;1430;1;2;4;1.0;3.0;407;RUE DE LA TRICHERIE;M;4619097.0;-101298.0;170
201700023158;17;4;28;920;1;2;1;2.0;3.0;665;av de la division lecler;M;4866860.0;227925.0;910
201700023186;17;4;6;1625;1;2;3;1.0;3.0;266;92 rue nationale;M;5054186.0;298218.0;590
201700023222;17;6;11;1200;1;2;9;1.0;3.0;182;rue du commerce;M;4605155.0;392383.0;420
201700023237;17;5;18;2110;1;2;1;2.0;1.0;404;CRECY (ROUTE DE);M;4873721.0;138143.0;280
201700023238;17;5;26;1750;1;2;3;1.0;3.0;134;0, PASTEUR (BOULEVARD);M;4873728.0;138131.0;280
201700023367;17;7;12;1910;1;2;1;1.0;2.0;354;rue de gex;M;4624526.0;602339.0;10
201700023388;17;1;13;1610;1;1;1;1.0;2.0;425;D716;M;4876713.0;738089.0;670
201700023394;17;10;21;1210;1;2;1;1.0;3.0;117;70 rue principale;M;4876776.0;735733.0;670
201700023405;17;6;26;540;1;1;1;7.0;3.0;485;CD 64 - PR 0+500;M;4862660.0;762729.0;670
201700023421;17;12;22;1830;3;1;1;2.0;5.0;219;lieu dit mourraine - RD7;M;4782067.0;-190771.0;350
201700023479;17;8;8;2340;3;1;1;8.0;3.0;71;2600 route de genève;M;4630668.0;606628.0;10
201700023502;17;3;16;1150;1;2;1;1.0;7.0;410;RD 281;M;4338184.0;-59516.0;640
201700023518;17;2;25;1110;1;1;2;1.0;3.0;253;intersection rue mass;M;4777525.0;751696.0;680
201700023521;17;3;30;1130;1;2;1;1.0;3.0;20;17 rue du général de Gau;M;4782461.0;751539.0;680
201700023526;17;10;5;1845;2;2;6;1.0;2.0;64;intersection CD 4 BIS II;M;4781688.0;754171.0;680
201700023530;17;2;17;1150;1;2;1;7.0;3.0;322;inter D6/chemin gravière;M;4556222.0;447577.0;10
201700023532;17;3;30;815;1;2;1;1.0;2.0;398;2172 route de la dombes;M;4600071.0;484920.0;10
201700023573;17;12;18;836;5;2;1;2.0;3.0;19;GOUESNOU (DE 43 A 219 ET;M;4841233.0;446832.0;290
201700023579;17;1;16;820;2;2;3;1.0;3.0;19;65., PORTE (DE 1 A 75 ET;M;4838415.0;-450248.0;290
201700023590;17;1;3;910;1;2;2;1.0;1.0;19;., LOUPPE ALBERT (DE 1 A;M;4840474.0;-447713.0;290
201700023593;17;2;10;1710;1;2;1;1.0;3.0;19;., ROND POINT HMCS ATHAB;M;4837470.0;-455760.0;290
201700023598;17;2;16;1830;1;2;1;1.0;3.0;19;64 bis, DROGOU COMMANDAN;M;4840485.0;-449529.0;290
201700023604;17;2;27;1910;1;2;2;1.0;3.0;19;., ROBESPIERRE (DE 33 A;M;4840390.0;-448990.0;290
201700023606;17;2;23;2000;5;2;2;1.0;2.0;19;., VERDUN ( 174 ET 201 A;M;4839810.0;-446512.0;290
201700023612;17;3;14;1650;1;2;1;1.0;3.0;19;DOURJACQ;M;4840771.0;-447174.0;290
201700023623;17;3;29;1320;1;2;3;1.0;6.0;19;2-, KERGONIAM (RUE ET IM;M;4839643.0;-444345.0;290
201700023631;17;4;5;1415;1;2;1;1.0;3.0;19;85, NATTIER;M;4841495.0;-447246.0;290
201700023632;17;4;26;1244;1;2;3;1.0;6.0;19;., TREMAUDAN ERNESTINE D;M;4842761.0;-447654.0;290
201700023633;17;3;24;810;1;2;4;7.0;3.0;19;., GUILERS (DE 141 A 155;M;4838866.0;-451691.0;290
201700023642;17;5;26;1520;1;2;1;1.0;3.0;19;BEREST EUGENE;M;4839310.0;-443480.0;290
201700023676;17;6;20;1900;1;2;1;1.0;3.0;19;SAVOIE;M;4840629.0;-450211.0;290
201700023685;17;8;3;1125;1;2;3;1.0;1.0;19;16, PARIS (DE 1 A 31 ET;M;4840422.0;-446476.0;290
201700023700;17;8;8;1700;1;2;1;1.0;2.0;19;., LE BRIS JEAN MARIE;M;4838412.0;-448348.0;290
201700023715;17;10;6;1145;1;2;2;1.0;1.0;19;ROBESPIERRE (96 ET 10;M;4840390.0;-448900.0;290
201700023719;17;10;2;1705;1;2;1;2.0;3.0;19;., SENATEUR PICHON;M;4838652.0;-447151.0;290
201700023721;17;10;28;1100;1;2;2;1.0;1.0;19;KERVERN AUGUSTE;M;4840202.0;-448870.0;290
201700023776;17;7;17;855;1;2;1;1.0;3.0;39;LIN (Rond-Point du);M;4787723.0;-391152.0;290
201700023786;17;9;14;1735;1;2;1;1.0;3.0;39;SABLES BLANCS (RUE DES );M;4788082.0;-393128.0;290
201700023787;17;9;22;1125;1;2;9;1.0;6.0;39;AUBEPINES (RUE DES);M;4787525.0;-392075.0;290
201700023798;17;10;24;1705;1;2;1;1.0;7.0;39;19, SABLES BLANCS (RUE D;M;4787931.0;-393032.0;290
201700023801;17;11;8;1925;3;2;6;1.0;3.0;39;KERAMPERU ( ROND POINT D;M;4789001.0;-391597.0;290
201700023829;17;7;17;1740;1;1;1;1.0;7.0;238;Départementale 31;M;4955286.0;24666.0;760
201700023863;17;3;3;1210;1;1;1;2.0;2.0;232;BENODET ROUTE DE;M;4793405.0;-406922.0;290
201700023870;17;3;29;830;1;2;6;2.0;3.0;232;FRUGY Rond-Point du;M;4798760.0;-410881.0;290
201700023873;17;3;30;1750;1;2;1;1.0;3.0;232;33, TY NAY ROUTE DE;M;4801560.0;-409522.0;290
201700023878;17;4;6;1600;1;2;6;1.0;3.0;232;SEMINAIRE  ROND POINT DU;M;4800595.0;-409724.0;290
201700023891;17;5;23;1900;1;2;6;1.0;3.0;232;., MENEZ EDOUARD  ROND P;M;4801521.0;-408164.0;290
201700023930;17;7;25;1010;1;2;1;1.0;3.0;232;106, TY BOS AVENUE DE;M;4797689.0;-406923.0;290
201700024001;17;5;17;1445;1;2;4;1.0;3.0;89;route des fusillés CD60A;M;4818611.0;678679.0;880
201700024006;17;8;22;1840;1;2;3;1.0;3.0;349;21 rue de GERARDMER;M;4816989.0;701348.0;880
201700024017;17;5;21;1500;1;1;9;1.0;6.0;256;D129;M;4929704.0;202683.0;600
201700024043;17;3;28;1830;1;2;1;7.0;6.0;7;971 SILHOL (MONTEE);M;4412913.0;410324.0;300
201700024059;17;6;6;720;1;2;6;1.0;3.0;7;CLAVIERES (AVE DE);M;4413459.0;409046.0;300
201700024062;17;6;25;830;1;2;6;1.0;3.0;7;CASSIN (RUE RENE);M;4410949.0;410088.0;300
201700024080;17;10;5;1200;1;2;1;1.0;3.0;7;LARMINAT (AVE);M;4412047.0;409306.0;300
201700024087;17;11;20;1620;1;2;6;1.0;3.0;7;ALSACE (ROUTE D');M;4413926.0;408847.0;300
201700024088;17;11;21;1325;1;2;6;1.0;3.0;7;RIBOT (AVE GASTON);M;4413467.0;409076.0;300
201700024089;17;2;24;1300;1;2;3;1.0;3.0;28;1, COMMANDO VIGAN BRAQUE;M;4416320.0;461182.0;300
201700024120;17;2;23;2025;5;2;4;1.0;1.0;189;NOTRE DAME (RUE);M;4383707.0;436586.0;300
201700024130;17;3;22;1140;1;2;6;1.0;3.0;189;ALLENDE SALVADOR (RUE);M;4381806.0;434760.0;300
201700024132;17;3;31;1425;1;2;1;1.0;2.0;189;DAYAN GEORGES (AVENUE);;;;300
201700024135;17;2;28;1538;1;2;6;1.0;1.0;189;PONT DES ILES (CHEMIN);M;4382939.0;438317.0;300
201700024169;17;6;17;850;1;2;2;1.0;2.0;189;REPUBLIQUE (RUE);M;4383216.0;435801.0;300
201700024208;17;9;11;1900;1;2;3;1.0;3.0;189;MAS DE VIGNOLLES (ALLEE;M;4382231.0;436232.0;300
201700024209;17;9;14;1820;1;2;3;1.0;3.0;189;NOTRE DAME (RUE);M;4383886.0;436891.0;300
201700024234;17;10;19;1900;5;2;6;1.0;3.0;189;ALLENDE SALVADOR (RUE);M;4382428.0;436962.0;300
201700024285;17;11;10;1540;1;2;3;2.0;3.0;71;D52 - Route du Puy de dô;M;4576747.0;289740.0;630
201700024289;17;6;10;1537;1;1;1;1.0;5.0;247;D 48, entre Pautour et l;M;4621907.0;178926.0;230
201700024294;17;12;30;1210;1;1;2;3.0;3.0;208;Carrefour D914 - route d;M;4617148.0;180563.0;230
201700024320;17;12;9;1410;1;1;6;1.0;3.0;29;route d'orange;M;4415720.0;486360.0;840
201700024324;17;4;4;1610;1;1;3;6.0;6.0;164;CD607 PK 5.345;M;4328773.0;287012.0;110
201700024327;17;6;7;1550;1;1;1;1.0;3.0;111;RD24;M;4319302.0;280094.0;110
201700024334;17;8;17;830;1;1;1;1.0;2.0;164;D607;M;4328986.0;286841.0;110
201700024343;17;4;20;1900;1;2;1;1.0;1.0;318;rue de l'Auriol;M;4833828.0;-193244.0;350
201700024368;17;9;10;1110;1;1;1;1.0;3.0;230;9 rue de la cote blanche;M;4886908.0;142050.0;270
201700024369;17;10;6;1420;1;2;1;1.0;1.0;278;117 rue Curie (D67);M;4891730.0;143020.0;270
201700024405;17;10;11;810;1;2;1;1.0;1.0;86;387 route de callas;M;4347856.0;656629.0;830
201700024407;17;10;20;1000;1;2;1;1.0;3.0;148;Avenue du président Wils;M;4341620.0;642042.0;830
201700024414;17;6;17;1535;1;1;1;1.0;1.0;27;D902;M;4482260.0;673597.0;50
201700024415;17;7;10;1145;1;1;1;1.0;1.0;27;D902, route du Col de l';M;4483814.0;672340.0;50
201700024416;17;7;14;1205;1;1;1;1.0;1.0;27;RD 902 PR 21+15;M;4485389.0;672570.0;50
201700024417;17;7;19;1045;1;2;1;1.0;3.0;85;RN 94, PR 172.0245;M;4492888.0;671503.0;50
201700024430;17;10;28;1900;3;1;1;1.0;2.0;445;C1422;M;4829113.0;745777.0;670
201700024459;17;9;5;758;1;2;6;1.0;3.0;483;01, POMPIDOU GEORGES ( R;M;4311286.0;72089.0;310
201700024482;17;8;1;1930;1;2;9;1.0;1.0;280;ALLEE DES BOUCHETIERES;M;4580003.0;507900.0;690
201700024484;17;9;21;1405;1;2;1;1.0;1.0;285;Chemin sous le coteau;M;4575888.0;505175.0;690
201700024491;17;5;11;1800;1;1;1;1.0;2.0;199;;M;4650821.0;-105054.0;850
201700024513;17;1;15;8;5;2;1;1.0;1.0;555;999, BD DE LA MARNE;M;4358160.0;146270.0;310
201700024514;17;1;16;905;1;2;6;2.0;3.0;149;999, FONTAINE LUMINEUSE;M;4360924.0;135253.0;310
201700024519;17;1;19;1530;1;2;3;1.0;1.0;555;999, RUE DU FAUBOURG BON;M;4361602.0;145321.0;310
201700024525;17;1;21;2356;5;2;2;1.0;3.0;555;999, AV DES MINIMES;M;4361620.0;143709.0;310
201700024529;17;1;24;1720;2;2;3;1.0;1.0;149;999, COLLONGUES (RUE ETI;M;4359705.0;132785.0;310
201700024538;17;1;31;750;2;2;1;1.0;3.0;555;153, AV DE LARDENNE;M;4359288.0;138932.0;310
201700024543;17;2;3;830;1;2;1;2.0;3.0;555;25, RUE DU LANGUEDOC;M;4359723.0;144553.0;310
201700024547;17;2;4;300;3;2;2;1.0;3.0;555;999, RUE GABRIEL PERI;M;4360568.0;145112.0;310
201700024550;17;2;6;1445;1;2;1;1.0;7.0;555;6, CHE DE LA TERRASSE;M;4357758.0;149042.0;310
201700024629;17;3;28;710;2;2;1;1.0;1.0;555;75, AV DE GRANDE BRETAGN;M;4359917.0;141676.0;310
201700024632;17;3;28;1620;1;2;6;1.0;3.0;149;999, RD POINT DE LA MEDI;M;4361290.0;133184.0;310
201700024635;17;3;29;720;1;2;1;1.0;3.0;555;999, RTE D AGDE;M;4362674.0;147737.0;310
201700024637;17;3;29;1745;1;2;1;1.0;2.0;555;270, AV DE MURET;M;4359045.0;143282.0;310
201700024638;17;3;29;1800;1;2;1;1.0;1.0;555;19, CHE D AUDIBERT;M;4363669.0;144087.0;310
201700024646;17;4;1;2223;5;2;1;2.0;3.0;555;999, ALL CHARLES DE FITT;M;4359948.0;142951.0;310
201700024648;17;3;31;1635;1;2;1;1.0;3.0;149;999, BD GENERAL DE GAULL;M;4360962.0;132780.0;310
201700024650;17;4;4;805;1;1;6;1.0;3.0;555;999, ALL JEAN GRIFFON;M;4355878.0;149610.0;310
201700024656;17;4;8;145;5;2;1;1.0;6.0;555;54, AV DE LA GLOIRE;M;4360607.0;146204.0;310
201700024671;17;4;14;1234;1;2;6;1.0;3.0;557;999, AV JEAN JAURES;M;4358850.0;135889.0;310
201700024672;17;4;14;1430;1;2;3;1.0;3.0;69;999, GRENADE (ROUTE DE);M;4363430.0;139125.0;310
201700024685;17;4;27;1727;1;2;2;1.0;3.0;555;999, RUE PIERRE PAUL RIQ;M;4360741.0;145387.0;310
201700024690;17;5;1;1600;1;2;1;1.0;1.0;555;149, RUE DU FAUBOURG BON;M;4362170.0;145803.0;310
201700024713;17;5;13;1600;1;2;1;1.0;3.0;555;999, BD DE STRASBOURG;M;4360805.0;144626.0;310
201700024740;17;5;26;815;1;2;3;7.0;3.0;555;999, AV DE LARDENNE;M;4359021.0;136803.0;310