Num_Acc;an;mois;jour;hrmn;lum;agg;int;atm;col;com;adr;gps;lat;long;dep
201700024745;17;5;28;1950;1;2;1;1.0;1.0;555;999, RUE JACQUES DECOMBL;M;4362687.0;145402.0;310
201700024747;17;5;29;1605;1;2;3;1.0;3.0;557;999, GAY (BD JEAN);M;4357619.0;131464.0;310
201700024771;17;6;9;1220;1;2;1;1.0;2.0;555;38, ALL CHARLES DE FITTE;M;4359601.0;143234.0;310
201700024773;17;6;13;750;1;2;1;1.0;3.0;149;999, TOURNEFEUILLE (AVEN;M;4360241.0;135072.0;310
201700024776;17;6;14;1830;1;2;1;1.0;3.0;555;5, RUE DU LOT;M;4358290.0;140719.0;310
201700024788;17;6;21;1630;1;2;1;1.0;3.0;149;999, Esplanade des Ramas;M;4360042.0;135343.0;310
201700024797;17;6;28;1345;1;2;1;1.0;3.0;555;29, BD DEODAT DE SEVERAC;M;4358679.0;142588.0;310
201700024798;17;6;28;1610;1;2;1;3.0;2.0;555;37, ALL HENRI SELLIER;M;4357726.0;143762.0;310
201700024806;17;7;6;1110;1;2;1;1.0;6.0;555;58, RUE RAYMOND IV;M;4361154.0;145024.0;310
201700024814;17;7;12;910;1;2;1;1.0;2.0;69;999, MAGA (RD-PT JEAN);M;4362183.0;139693.0;310
201700024819;17;7;14;1500;1;2;1;1.0;2.0;149;999, PAGE (CHEMIN DU);M;4360602.0;134684.0;310
201700024829;17;7;24;2000;1;2;1;1.0;3.0;555;999, ALL CHARLES DE FITT;M;4359792.0;143069.0;310
201700024833;17;7;26;1850;1;2;1;1.0;5.0;555;999, ALL JULES GUESDE;M;4359461.0;144892.0;310
201700024839;17;7;31;1850;1;2;3;1.0;3.0;555;999, AV GEORGES POMPIDOU;M;4361241.0;145851.0;310
201700024847;17;8;4;1655;1;2;1;1.0;6.0;555;29, ALL FORAIN FRANCOIS;M;4360025.0;145178.0;310
201700024851;17;8;7;1835;1;2;1;1.0;3.0;555;999, AV DE GRANDE BRETAG;M;4360593.0;140170.0;310
201700024853;17;8;9;920;1;2;6;1.0;3.0;555;316, RTE DE BAYONNE;M;4361121.0;137272.0;310
201700024861;17;8;17;905;1;2;2;1.0;3.0;555;999, PONT GEORGES POMPID;M;4360954.0;145449.0;310
201700024875;17;8;31;1815;1;2;1;8.0;6.0;555;48, ALL JEAN JAURES;M;4360678.0;145079.0;310
201700024886;17;9;8;1425;1;2;1;1.0;3.0;555;999, AV DE CASSELARDIT;M;4361338.0;140152.0;310
201700024892;17;9;11;850;1;2;1;1.0;3.0;555;999, AV YVES BRUNAUD;M;4364167.0;144892.0;310
201700024896;17;9;12;745;1;2;1;1.0;6.0;555;124, RTE DE SEYSSES;M;4355765.0;140172.0;310
201700024898;17;9;13;800;1;2;1;1.0;1.0;557;33, LICORNE (RUE DE LA);M;4359450.0;131828.0;310
201700024900;17;9;13;455;5;2;3;1.0;3.0;149;999, ROND POINT JUPITER;M;4360466.0;130726.0;310
201700024915;17;9;18;1750;1;2;2;1.0;3.0;555;999, AV FREDERIC ESTEBE;M;4362375.0;143690.0;310
201700024922;17;9;20;1415;1;2;1;1.0;3.0;555;32, CHE DU PRAT LONG;M;4362572.0;142262.0;310
201700024924;17;9;21;2120;5;2;3;1.0;1.0;555;999, RUE DE LA MARTINIQU;M;4358055.0;141025.0;310
201700024925;17;9;22;1835;1;2;1;1.0;3.0;555;15, CHEM LOUIS AURIACOMB;M;4356971.0;140407.0;310
201700024927;17;9;23;1240;1;2;1;1.0;3.0;555;37, RUE DE METZ;M;4360060.0;144932.0;310
201700024945;17;9;29;1350;1;2;2;1.0;3.0;555;999, PONT DES MINIMES;M;4361603.0;143721.0;310
201700024949;17;10;2;1550;1;2;2;1.0;3.0;555;999, RUE D ALSACE LORRAI;M;4360613.0;144569.0;310
201700024951;17;10;3;745;2;2;1;8.0;6.0;555;55, RTE DE NARBONNE;M;4357047.0;145477.0;310
201700024952;17;10;3;1611;1;2;1;1.0;3.0;555;999, BD DE STRASBOURG;M;4360556.0;144880.0;310
201700024964;17;10;9;1455;1;2;1;1.0;3.0;555;7, AV EDOUARD BELIN;M;4356429.0;148128.0;310
201700024966;17;10;11;1750;1;2;1;1.0;2.0;555;17, ALL JEAN JAURES;M;4360616.0;144882.0;310
201700024976;17;10;17;1740;1;2;1;1.0;1.0;69;999, SERVANTY (AV LUCIEN;M;4362487.0;139245.0;310
201700024988;17;10;23;1120;1;2;1;1.0;3.0;555;999, RUE DE METZ;M;4360039.0;145067.0;310
201700024999;17;10;30;830;1;2;1;1.0;6.0;555;3, RUE DE LA REPUBLIQUE;M;4359885.0;143624.0;310
201700025001;17;10;31;1245;1;2;1;1.0;3.0;555;109, AV JULES JULIEN;M;4357810.0;145037.0;310
201700025020;17;11;8;1745;5;2;6;2.0;3.0;149;999, OUEST (BOULEVARD DE;M;4360918.0;132633.0;310
201700025023;17;11;10;715;2;2;1;1.0;3.0;555;999, RUE DU BEARNAIS;M;4360911.0;142766.0;310
201700025037;17;11;15;1245;1;2;2;1.0;3.0;555;999, BD DEODAT DE SEVERA;M;4359049.0;142021.0;310
201700025066;17;11;30;1805;5;2;1;1.0;3.0;555;999, AV MAURICE HAURIOU;M;4359325.0;144294.0;310
201700025087;17;12;9;340;5;2;3;1.0;3.0;555;999, BD LASCROSSES;M;4360908.0;143058.0;310
201700025089;17;11;23;1800;5;2;1;1.0;6.0;555;999, AV YVES BRUNAUD;M;4361980.0;146886.0;310
201700025119;17;12;22;1945;5;2;1;2.0;3.0;69;999, GRENADE (ROUTE DE);M;4363113.0;139172.0;310
201700025136;17;9;22;1700;1;1;1;1.0;7.0;389;rd 924;M;4801858.0;135230.0;280
201700025159;17;11;22;816;2;1;3;7.0;2.0;260;route départementale 444;M;4822106.0;411437.0;100
201700025173;17;3;11;1100;1;2;2;1.0;3.0;172;69 rue principale;M;4807642.0;753428.0;680
201700025175;17;4;8;1450;1;1;1;1.0;2.0;295;RD1;M;4801467.0;736680.0;680
201700025180;17;5;8;1050;1;2;2;2.0;3.0;295;14 route de sundhoffen;M;4801233.0;738536.0;680
201700025194;17;3;6;850;1;2;2;2.0;3.0;5;route du Vin / rue de la;M;4812421.0;728483.0;680
201700025196;17;3;13;1353;1;2;3;1.0;3.0;162;RD415;M;4813536.0;726590.0;680
201700025197;17;3;26;1350;1;1;1;1.0;5.0;310;Voie viticole 11;M;4812893.0;731480.0;680
201700025200;17;5;16;1800;1;1;6;1.0;3.0;310;giratoire D10- D4.1;M;4813293.0;731864.0;680
201700025288;17;1;20;1555;1;2;2;1.0;3.0;156;Intersection D22/D30;M;4390923.0;203250.0;810
201700025323;17;1;16;1830;5;2;4;1.0;6.0;13;49, BOUBEE;M;4363720.0;59642.0;320
201700025331;17;3;27;1825;1;2;3;1.0;3.0;13;JEAN JAURES (AVENUE);M;4366440.0;59617.0;320
201700025342;17;5;5;1510;1;2;1;1.0;2.0;13;PIERRE DE MONTESQUIOU (A;M;4363540.0;58903.0;320
201700025350;17;5;28;1830;1;1;6;1.0;3.0;13;TOULOUSE (ROUTE DE);M;4365390.0;61182.0;320
201700025363;17;8;23;1930;1;2;1;1.0;6.0;13;16, TARRIBLE;M;4365700.0;58897.0;320
201700025368;17;9;30;1025;1;2;1;2.0;2.0;13;PRIEURE (PONT DU);M;4364720.0;58896.0;320
201700025378;17;12;8;1420;1;2;1;1.0;7.0;13;LISSAGARAY (RUE);M;4364770.0;59022.0;320
201700025393;17;6;23;1345;1;1;1;1.0;6.0;551;Route départementale 38;M;4884923.0;706560.0;570
201700025395;17;7;1;1530;1;2;1;1.0;7.0;629;rue de la Sarre;M;4877281.0;705952.0;570
201700025427;17;6;9;1300;1;2;1;1.0;2.0;44;avenue des aérostiers;M;4360747.0;148549.0;310
201700025433;17;10;1;1045;1;1;1;1.0;5.0;285;D112;M;4364718.0;158971.0;310
201700025438;17;11;15;1415;1;2;1;1.0;3.0;44;avenue georges pompidou;M;4362961.0;148751.0;310
201700025453;17;12;2;1900;5;2;1;1.0;3.0;113;3 rue pierre boissin;M;4351660.0;150650.0;310
201700025467;17;11;10;1745;3;1;1;2.0;3.0;332;route du HALAGE;M;4600881.0;404678.0;420
201700025472;17;5;25;1415;1;1;1;1.0;1.0;69;D974;M;4416161.0;514166.0;840
201700025475;17;8;28;1350;1;1;1;1.0;3.0;15;D974;M;4417271.0;522443.0;840
201700025481;17;11;8;1530;1;1;6;1.0;3.0;104;route départementale 977;M;4419172.0;501464.0;840
201700025513;17;10;4;1815;2;2;1;7.0;1.0;101;rue de gatine;M;4760630.0;114518.0;410
201700025527;17;1;8;1820;5;2;3;1.0;3.0;9;2, Av MAL LYAUTEY;M;4464445.0;-119555.0;330
201700025538;17;4;16;1900;1;2;1;1.0;6.0;529;35, PORT (RUE DU);M;4463610.0;-114452.0;330
201700025546;17;7;5;1110;1;2;1;1.0;6.0;529;Rue Lagrua;M;4464561.0;-115789.0;330
201700025550;17;7;19;1030;1;1;1;1.0;6.0;529;D804-PistCyc-28+433;M;4456703.0;-122881.0;330
201700025562;17;11;10;820;1;2;3;2.0;3.0;9;., DUNES (ALL. DES);M;4465617.0;-117811.0;330
201700025568;17;5;16;1010;1;2;1;1.0;2.0;238;CD 902;M;4622988.0;665833.0;740
201700025593;17;1;11;950;1;2;4;2.0;3.0;63;VELODROME/TAUDIN;M;4485420.0;-60944.0;330
201700025642;17;2;6;840;1;2;3;1.0;3.0;75;ALL DE BOUTAUT/R.PREVOST;M;4486930.0;-57618.0;330
201700025645;17;2;16;900;1;2;1;1.0;6.0;63;54CRSPASTEURS/PSTECYCLA.;M;4483190.0;-57347.0;330
201700025646;17;2;18;720;2;2;1;1.0;2.0;63;151, CRS DE LA MARNE;M;4482857.0;-56243.0;330
201700025647;17;2;17;945;1;2;2;1.0;1.0;63;MAL JOFFRE/CURSOL;M;4483480.0;-57835.0;330
201700025651;17;2;12;1910;5;2;1;1.0;2.0;63;54, CRS DE LA MARTINIQUE;M;4485370.0;-57096.0;330
201700025654;17;2;17;2011;5;2;3;1.0;3.0;192;ALL G.RODRIGUES/ALL PINS;M;4477170.0;-60950.0;330
201700025656;17;2;25;2050;5;2;3;1.0;1.0;522;CRS GAMBETTA/BERTHELOT;M;4481910.0;-58446.0;330
201700025658;17;2;23;730;5;2;6;1.0;1.0;281;PL>DASSAULT/VELO>PREVERT;M;4484280.0;-67000.0;330
201700025662;17;3;2;1825;1;2;2;1.0;5.0;63;R.BILLAUDEL/R.FIEFFE;M;4482320.0;-56278.0;330
201700025673;17;3;10;2330;5;2;1;1.0;3.0;63;VLZ-VELO>PCEQUINCONCES;M;4484100.0;-56922.0;330
201700025676;17;3;15;2015;5;2;1;1.0;3.0;63;25 AVE THIERS=>CENON;M;4484140.0;-55801.0;330
201700025691;17;3;23;850;1;2;4;2.0;3.0;281;RUE JARD/RAOUL AMAT;M;4484300.0;-63950.0;330
201700025701;17;3;28;1340;1;2;1;1.0;1.0;522;LIBERATION (CRS DE LA);M;4480725.0;-59150.0;330
201700025726;17;4;17;130;5;2;2;1.0;1.0;63;CRS YSER/RUE LAFONTAINE;M;4482690.0;-56922.0;330
201700025737;17;4;22;130;5;2;2;1.0;3.0;63;54, RUE LAGRANGE/MANDRON;M;4485310.0;-58001.0;330
201700025745;17;4;30;330;5;2;2;1.0;3.0;63;VL>QUAIS/VELO>GARE;M;4482830.0;-55722.0;330
201700025746;17;5;3;2008;1;2;4;1.0;1.0;522;215CRSGAMBETTA/J.JUILLAC;M;4481410.0;-58879.0;330
201700025753;17;5;9;1625;1;2;3;1.0;6.0;63;VELO VENANT DE MONTBAZON;M;4483840.0;-57947.0;330
201700025759;17;5;13;1430;1;2;3;1.0;1.0;63;50AV 40JOURNAUX/AUCHAN;M;4487870.0;-56846.0;330
201700025769;17;5;18;2330;5;2;2;2.0;1.0;63;GLLARMINAT/PLGAVINIES;M;4483330.0;-59418.0;330
201700025778;17;5;29;1945;1;1;1;1.0;2.0;281;25 AV DE BEAUDESERT;M;4483910.0;-69378.0;330
201700025790;17;6;3;1200;1;2;4;2.0;5.0;63;VEHICULES>PCE VICTOIRE;M;4483170.0;-57338.0;330
201700025801;17;6;17;2130;1;2;2;1.0;1.0;281;401, VERDUN (AVE DE);M;4484040.0;-64018.0;330
201700025803;17;6;22;2130;1;2;2;1.0;3.0;63;BD DU PRESIDENT WILSON;M;4484829.0;-59762.0;330
201700025804;17;6;26;742;2;2;1;1.0;2.0;192;VL ET VELO >MALARTIC;M;4477900.0;-59468.0;330
201700025811;17;7;1;450;5;2;2;9.0;3.0;63;GALLECLERC/STAMAND;M;4485530.0;-61396.0;330
201700025815;17;6;22;1230;1;2;3;1.0;5.0;63;RUE DE PESSAC;M;4482862.0;-58348.0;330
201700025821;17;7;5;1000;1;2;6;1.0;3.0;63;SORTIE GIR VERS CHU;M;4482570.0;-59842.0;330
201700025829;17;7;11;900;1;2;2;1.0;3.0;281;MERIGNAC (AVENUE DE);M;4483876.0;-62593.0;330
201700025847;17;7;24;2230;5;2;1;1.0;2.0;63;R.L.FAURE=>LATULE;M;4486580.0;-56059.0;330
201700025851;17;8;3;1720;1;2;1;1.0;3.0;63;83, AVE THIERS;M;4484303.0;-55513.0;330
201700025854;17;8;10;2035;1;2;1;1.0;3.0;63;VL>PONTCHABAN/VELOS/PPP;M;4483420.0;-56264.0;330
201700025859;17;8;13;140;5;2;2;1.0;3.0;63;RUE BELLEVILLE;M;4483292.0;-58413.0;330
201700025870;17;8;26;1930;1;2;2;1.0;3.0;63;CRS A.BRIAND/TANESSE;M;4483190.0;-57727.0;330
201700025891;17;9;24;540;5;2;1;1.0;5.0;63;PONT DE PIERRE;M;4483881.0;-56212.0;330
201700025899;17;8;31;40;5;2;1;1.0;6.0;63;15, RUE ETOBON CHENEBIER;M;4484205.0;-55189.0;330
201700025917;17;10;22;2110;5;2;4;1.0;1.0;63;71, CRS ARISTIDE BRIAND;M;4483142.0;-57537.0;330
201700025920;17;10;26;2210;5;2;2;1.0;1.0;167;AV PLAFARGUE/R. ECOMBES;M;4483140.0;-53317.0;330
201700025938;17;11;19;120;5;2;3;1.0;3.0;63;VL>PTPIERRE/VELO>GARONNE;M;4483890.0;-56798.0;330
201700025948;17;11;27;1610;1;2;2;1.0;1.0;192;RUE SAINT-FRANCOIS XAVIE;M;4478043.0;-60323.0;330
201700025950;17;11;28;1400;1;2;2;8.0;3.0;39;AVE DU MARECHAL LECLERC;M;4480958.0;-54223.0;330
201700025956;17;12;10;1835;2;2;2;3.0;3.0;63;397, RUE PASTEUR CAUD;M;4484692.0;-62914.0;330
201700025958;17;12;17;200;5;2;1;1.0;1.0;63;FACEALLMUNICH>CHARTRONS;M;4484500.0;-57058.0;330
201700025960;17;12;14;1015;1;2;6;2.0;1.0;522;VL>LIBER?/VELO>ARTMETIER;M;4480450.0;-60076.0;330
201700025972;17;3;10;730;2;1;2;1.0;3.0;192;D65/Rue du champ fleury;M;4701525.0;-74425.0;490
201700025977;17;7;14;1100;1;2;6;1.0;3.0;192;ROND POINT DE LA MAIRE -;M;4700675.0;-74525.0;490
201700025981;17;8;22;1115;1;1;1;1.0;2.0;195;route de Nuaillé;M;4705580.0;-80712.0;490
201700025987;17;11;5;940;1;2;4;1.0;3.0;371;rue du parc;M;4711895.0;-70984.0;490
201700025992;17;7;10;1345;1;1;1;1.0;2.0;168;les grands augerons;M;4737005.0;265535.0;180
201700026002;17;3;10;1745;1;2;1;7.0;3.0;161;rd 6007 - face de la gar;M;4363068.0;713422.0;60
201700026011;17;5;31;1815;1;2;1;1.0;3.0;161;Parking du 970 Route Nat;M;4364316.0;712187.0;60
201700026018;17;7;24;750;1;2;1;1.0;;44;1375 boulevard Honoré Te;M;4368615.0;710263.0;60
201700026027;17;9;18;930;1;2;1;1.0;3.0;161;1261 Route du bord de me;M;4363088.0;713489.0;60
201700026034;17;12;4;1810;3;2;1;1.0;2.0;161;Boulevard des Italiens;M;4361943.0;713031.0;60
201700026038;17;2;15;1330;1;2;2;2.0;3.0;3;VENT DES DAMES (I13 A J1;M;4328294.0;350294.0;340
201700026041;17;4;6;1500;1;2;1;1.0;6.0;3;CASSIN (J18 A I20;M;4330000.0;349000.0;340
201700026049;17;7;19;850;2;1;1;1.0;3.0;3;RD612;M;4329745.0;347484.0;340
201700026053;17;9;22;1755;1;2;6;7.0;3.0;3;TOURS DE SAINT-MARTIN (R;M;4328221.0;349816.0;340
201700026054;17;10;11;1715;1;2;7;1.0;2.0;3;22, JANIN (G15 A K16;M;4330795.0;347653.0;340
201700026067;17;5;1;2120;5;2;1;1.0;6.0;32;4, FONT-NEUVE (PLACE DE;M;4335300.0;321848.0;340
201700026094;17;1;5;1810;5;2;1;1.0;3.0;172;42, GAMBETTA (COURS);M;4360760.0;386982.0;340
201700026107;17;1;26;2005;5;2;4;1.0;2.0;172;Sans, CHASSEURS (RUE DES;M;4360030.0;385951.0;340
201700026144;17;3;24;930;1;2;1;2.0;3.0;172;sans, ALCO (ROND POINT D;M;4362554.0;383669.0;340
201700026150;17;4;6;1315;1;2;3;1.0;3.0;129;20, VINCI (AVENUE LEONAR;M;4357219.0;390195.0;340
201700026164;17;4;28;1230;1;2;1;1.0;3.0;172;9 bis, FLAHAULT (AVENUE;M;4362065.0;386481.0;340
201700026166;17;4;26;915;1;2;2;1.0;3.0;172;0, ASTIER DE LA VIGERIE;M;4361761.0;390223.0;340
201700026188;17;5;24;1615;1;2;1;1.0;7.0;172;JEUNE PARQUE (RUE DE LA);M;4358183.0;386872.0;340
201700026190;17;5;27;1350;1;2;1;1.0;1.0;172;sans, RIEGES (RUE DES);M;4361990.0;385023.0;340
201700026191;17;5;28;2035;1;2;3;1.0;3.0;172;SANS, GAMBETTA (COURS);M;4360544.0;387394.0;340
201700026212;17;6;19;1815;1;2;1;1.0;3.0;172;42, RENOUVIER (BOULEVARD;M;4360247.0;386799.0;340
201700026236;17;7;29;1910;1;2;1;1.0;5.0;172;RICHER DE BELLEVAL (RUE);M;4361236.0;386831.0;340
201700026237;17;7;31;1245;1;2;1;1.0;1.0;129;sans, MEJEAN (AVENUE DE);M;4357190.0;389512.0;340
201700026255;17;9;6;1215;1;2;1;1.0;1.0;172;., VALLOIS (RUE PROFESSE;M;4361443.0;388378.0;340
201700026282;17;10;2;1530;1;2;1;1.0;7.0;172;65, PALAVAS (AVENUE DE);M;4359694.0;388656.0;340
201700026312;17;11;10;910;1;2;3;1.0;1.0;172;sans, TANNEURS (QUAI DES;M;4361527.0;387747.0;340
201700026314;17;11;8;1235;1;2;1;1.0;7.0;172;130, PALAVAS (AVENUE DE);M;4359506.0;388827.0;340
201700026324;17;11;20;1105;1;2;6;1.0;3.0;172;0, GALOIS (ROND-POINT EV;M;4360884.0;391342.0;340
201700026331;17;12;5;1710;2;2;1;1.0;3.0;172;RIMBAUD (RUE PAUL);M;4361826.0;384456.0;340
201700026377;17;3;2;1515;1;2;1;1.0;1.0;115;27, DES FONTAINES (RUE);M;4835347.0;-121183.0;350
201700026389;17;10;23;730;5;2;1;2.0;3.0;115;20, GROSLAY (BD DE JUSQU;M;4835408.0;-118652.0;350
201700026396;17;12;11;820;5;2;2;3.0;6.0;278;00, EGLISE (RUE DE L');M;4815156.0;-168347.0;350
201700026399;17;12;12;2023;5;2;2;1.0;3.0;238;24-30, DUVAL (ALEXANDRE);M;4810354.0;-169398.0;350
201700026406;17;12;20;1234;1;2;1;1.0;7.0;238;143, FOUGERES (RUE DE);M;4812098.0;-166430.0;350
201700026407;17;12;20;1025;1;2;1;1.0;6.0;238;5, ALMA (DE L');M;4810425.0;-167724.0;350
201700026441;17;1;18;1440;1;2;2;1.0;3.0;238;00, HORLOGE (DE L');M;4811175.0;-168026.0;350
201700026447;17;1;28;2350;5;2;1;1.0;1.0;238;40, ROUTE DE ST MALOM;M;4811498.0;-167924.0;350
201700026450;17;1;24;1440;1;2;6;1.0;3.0;238;00, ALBERT 1ER (BD);M;4808951.0;-168256.0;350
201700026453;17;1;27;1840;3;2;6;8.0;3.0;51;00, RENNES (RUE DE);M;4811435.0;-161032.0;350
201700026456;17;1;28;1636;1;2;2;1.0;3.0;238;PAILLETTE (DE LA);M;4810941.0;-168918.0;350
201700026460;17;1;30;914;1;2;1;3.0;3.0;238;00, SAINT-BRIEUC (DE);M;4811549.0;-170815.0;350
201700026466;17;2;2;1305;1;2;3;2.0;3.0;238;0, CHATEAUGIRON (DE);M;4809891.0;-164511.0;350
201700026476;17;2;7;1730;1;2;6;8.0;3.0;238;0, CARREL (BD ALEXIS);M;4811862.0;-165560.0;350
201700026484;17;2;9;1350;1;2;3;1.0;3.0;238;0, NITSCH (CARREFOUR GEO;M;4810187.0;-168428.0;350
201700026485;17;2;9;835;1;2;2;1.0;3.0;238;0, BOIS PERRIN (DU);M;4811574.0;-164839.0;350
201700026490;17;2;16;800;1;2;1;1.0;3.0;238;0, MAREY (ALLEE ETIENNE);M;4811988.0;-164331.0;350
201700026498;17;3;1;1410;1;2;1;2.0;6.0;238;227, LECLERC (AVENUE DU;M;4811395.0;-164581.0;350
201700026499;17;3;1;1915;5;2;5;1.0;6.0;238;ROOSEVELT (BD FRANKLIN);M;4809726.0;-165787.0;350
201700026515;17;3;14;734;1;2;1;1.0;7.0;238;6, RICHEMONT (QUAI);M;4810985.0;-167329.0;350
201700026517;17;3;15;1850;1;2;1;1.0;7.0;238;139, ANTRAIN (RUE D');M;4812399.0;-166814.0;350
201700026519;17;3;17;1228;1;1;3;1.0;6.0;238;00, LORIENT (DE);M;4810668.0;-172954.0;350
201700026531;17;3;27;1357;1;2;3;1.0;3.0;238;23, LE BRAZ (ANATOLE);M;4811886.0;-166415.0;350
201700026532;17;3;28;1220;1;2;1;1.0;6.0;238;2, GUY (JEAN);M;4810706.0;-169508.0;350
201700026538;17;3;20;916;1;2;2;1.0;2.0;238;6, VANEAU;M;4810859.0;-169297.0;350
201700026539;17;3;31;834;1;2;1;1.0;2.0;281;00, LA TEILLAIS ( VC 10);M;4807231.0;-170965.0;350
201700026545;17;4;1;956;1;2;1;1.0;3.0;238;00, GERMAIN (GABRIEL);M;4813178.0;-169360.0;350
201700026547;17;4;3;1539;1;2;1;1.0;7.0;238;41, VASSELOT;M;4810858.0;-167680.0;350
201700026548;17;4;4;900;1;2;2;1.0;3.0;238;192, NANTES (DE);M;4809819.0;-168828.0;350
201700026551;17;4;4;1745;1;2;1;1.0;3.0;238;00, VILLEBOIS MAREUIL (B;M;4810556.0;-165067.0;350
201700026558;17;4;7;1144;1;2;1;1.0;6.0;238;31, BRIAND (AVENUE ARIST;M;4811027.0;-166844.0;350
201700026559;17;4;7;1612;1;2;3;1.0;6.0;238;STRASBOURG (BOULEVARD DE;M;4811170.0;-165608.0;350
201700026574;17;4;19;1250;1;2;3;1.0;2.0;238;00, CHATEAUGIRON (DE);M;4809832.0;-164378.0;350
201700026579;17;4;20;1647;1;2;7;1.0;6.0;238;2, RONCERAY (PLACE DU);M;4809139.0;-164101.0;350
201700026584;17;4;24;809;1;2;3;1.0;3.0;238;00, SEVIGNE (BD DE);M;4811628.0;-166553.0;350
201700026585;17;4;24;1200;1;2;1;1.0;6.0;238;GRIMAULT (BD LEON);M;4809114.0;-164875.0;350
201700026591;17;4;28;1633;1;2;1;1.0;6.0;51;00, BRAY (RUE DE);M;4810761.0;-161791.0;350
201700026594;17;4;29;1048;1;2;1;1.0;6.0;238;CHEZY (BD DE);M;4812020.0;-168271.0;350
201700026600;17;5;3;1831;1;2;1;1.0;3.0;238;00, PATTON (AVENUE DU GE;M;4812592.0;-166579.0;350
201700026607;17;5;9;1303;1;2;2;1.0;3.0;238;00, FREVILLE (AVENUE HEN;M;4808672.0;-167498.0;350
201700026610;17;5;15;914;1;2;3;1.0;6.0;238;00, PAVIE (AUGUSTE);M;4810463.0;-164888.0;350
201700026613;17;5;16;1048;1;2;1;1.0;6.0;238;00, MENDES FRANCE (BD PI;M;4809593.0;-169235.0;350
201700026622;17;6;9;1618;1;2;5;1.0;3.0;238;METZ (BD DE);M;4811464.0;-165709.0;350
201700026633;17;5;29;730;1;2;5;1.0;3.0;238;VEZIN (ROUTE DE);M;4811629.0;-171391.0;350
201700026634;17;5;29;908;1;1;3;2.0;3.0;238;00, TREGAIN (DE);M;4812541.0;-166086.0;350
201700026637;17;5;31;2000;1;2;6;1.0;3.0;238;00, CHATEAU (AVENUE FRAN;M;4811183.0;-164622.0;350
201700026641;17;6;1;1213;1;2;1;1.0;6.0;238;26, ROUSSIN (ZACHARIE);M;4811959.0;-165803.0;350
201700026644;17;6;1;1924;1;2;6;1.0;6.0;238;, VALLES (JULES);M;4810356.0;-171200.0;350
201700026649;17;4;20;1730;1;2;3;1.0;6.0;238;00, ALBERT 1ER (BD);M;4808968.0;-168546.0;350
201700026655;17;6;9;1404;1;2;2;1.0;6.0;238;00, LIBERTE (BD DE LA);M;4810750.0;-167909.0;350
201700026660;17;6;13;1716;1;2;1;1.0;6.0;238;00, TILLON (AVENUE CHARL;M;4812456.0;-170551.0;350
201700026668;17;6;17;1538;1;2;1;1.0;6.0;238;4, QUINELEU (DE);M;4810151.0;-167152.0;350
201700026672;17;6;20;1946;1;2;3;1.0;6.0;238;86, METZ (BD DE);M;4811940.0;-166085.0;350
201700026674;17;6;21;1230;1;2;1;1.0;1.0;238;3, METZ (BD DE);M;4811697.0;-165895.0;350
201700026678;17;6;23;908;1;2;3;1.0;3.0;238;00, PAVIE (AUGUSTE);M;4810393.0;-163463.0;350
201700026681;17;6;23;1649;1;2;6;1.0;6.0;55;00, PARC (RUE DU);M;4808814.0;-160862.0;350
201700026688;17;6;28;1609;1;2;9;1.0;7.0;238;2, RONCERAY (PLACE DU);M;4809155.0;-164084.0;350
201700026689;17;6;28;1727;1;2;1;1.0;2.0;238;00, MITTERAND (MAIL FRAN;M;4810917.0;-169032.0;350
201700026706;17;7;7;855;1;2;6;1.0;6.0;51;00, RENNES (RUE DE);M;4811444.0;-163360.0;350
201700026708;17;7;7;1249;1;2;1;2.0;6.0;238;00, DE GAULLE (ESPLANADE;M;4810627.0;-167753.0;350
201700026714;17;7;10;1805;1;1;1;7.0;6.0;238;00, PLANCHE (LIEU-DIT LA;M;4809360.0;-174594.0;350
201700026715;17;7;11;839;1;2;6;1.0;6.0;51;00, HUBLAIS (AVENUE DE L;M;4811430.0;-161539.0;350
201700026728;17;8;1;740;1;2;2;1.0;6.0;238;00, CLEMENCEAU (BD GEORG;M;4809374.0;-167455.0;350
201700026732;17;8;5;1103;1;2;1;1.0;6.0;238;12, PRE BOTTE (DU);M;4810935.0;-167892.0;350
201700026741;17;8;19;2015;1;2;2;1.0;1.0;238;LEGRAVEREND;M;4811720.0;-168083.0;350
201700026748;17;8;25;1058;1;2;1;1.0;6.0;238;70, VILLEBOIS MAREUIL (B;M;4810465.0;-165038.0;350
201700026749;17;8;25;1931;1;2;2;1.0;6.0;238;6, KERVILER;M;4810900.0;-170595.0;350