Num_Acc;an;mois;jour;hrmn;lum;agg;int;atm;col;com;adr;gps;lat;long;dep
201700026761;17;9;7;726;2;2;3;1.0;7.0;238;00, INKERMANN (D');M;4810810.0;-168943.0;350
201700026768;17;9;15;1717;1;2;4;1.0;3.0;238;00, HERVE (BD GAETAN);M;4809104.0;-166509.0;350
201700026773;17;9;18;636;5;2;3;1.0;6.0;55;00, BIGNON (RUE DU);M;4809940.0;-162074.0;350
201700026776;17;9;19;850;1;2;6;1.0;3.0;51;BLANCS (AVENUE DES CHAMP;M;4813635.0;-162398.0;350
201700026785;17;10;3;1232;1;1;6;1.0;6.0;51;00, EST (ROCADE);M;4814002.0;-158245.0;350
201700026787;17;10;4;1515;1;2;1;1.0;6.0;238;00, CHATEAUBRIAND (QUAI);M;4811022.0;-167663.0;350
201700026799;17;10;10;1042;1;2;2;1.0;3.0;238;00, SAINT-BRIEUC (DE);M;4811198.0;-170242.0;350
201700026800;17;10;11;1610;1;2;1;1.0;6.0;238;00, REPUBLIQUE (PLACE DE;M;4810985.0;-167917.0;350
201700026810;17;10;15;2049;5;2;3;1.0;7.0;238;00, GUEHENNO (JEAN);M;4811826.0;-167389.0;350
201700026813;17;10;17;1748;1;2;1;1.0;3.0;278;00, SAINT EXUPERY (RUE A;M;4816200.0;-167621.0;350
201700026814;17;10;17;1349;1;2;1;1.0;3.0;238;268, FOUGERES (RUE DE);M;4812863.0;-164685.0;350
201700026817;17;9;24;1200;1;2;1;1.0;2.0;238;AVENUE DES PREALES;M;4811274.0;-163782.0;350
201700026822;17;9;23;1405;1;2;6;1.0;3.0;51;00, PARIS (RUE DE);M;4811410.0;-160728.0;350
201700026824;17;9;26;1400;1;2;2;1.0;3.0;238;00, CLEMENCEAU (BD GEORG;M;4809421.0;-168180.0;350
201700026827;17;10;24;800;5;2;1;1.0;3.0;238;91, CLEMENCEAU (BD GEORG;M;4809396.0;-167628.0;350
201700026829;17;11;3;1550;1;2;2;1.0;3.0;238;35, CHEZY (BD DE);M;4811786.0;-168556.0;350
201700026831;17;10;24;500;4;2;1;1.0;2.0;51;9, FREBARDIERE (RUE DE L;M;4810175.0;-163003.0;350
201700026838;17;11;8;1809;5;2;1;1.0;3.0;238;62, ANTRAIN (D') DE 43 E;M;4811773.0;-167701.0;350
201700026843;17;11;7;1224;1;2;1;1.0;6.0;238;00, DUCHESSE ANNE (BLD D;M;4811607.0;-166608.0;350
201700026846;17;11;9;1640;1;2;5;2.0;3.0;238;00, MONTAIGNE;M;4809730.0;-165783.0;350
201700026848;17;12;3;1730;5;2;2;9.0;3.0;238;59, ALBERT 1ER (BD);M;4808973.0;-168536.0;350
201700026852;17;11;20;1805;3;2;1;1.0;2.0;238;212, BREST (DE);M;4811417.0;-169879.0;350
201700026862;17;11;10;1410;1;2;6;1.0;3.0;55;00, LOGES (RUE DES);M;4808762.0;-162559.0;350
201700026869;17;11;16;1510;1;2;2;8.0;6.0;238;85, VILLEBOIS MAREUIL (B;M;4810065.0;-164975.0;350
201700026871;17;11;17;1615;1;2;1;1.0;6.0;238;25, LEJEAN (GUILLAUME);M;4811701.0;-165566.0;350
201700026874;17;11;21;840;1;2;2;1.0;3.0;55;86-94, BONNIN ANDRE (AVE;M;4808716.0;-161639.0;350
201700026877;17;11;22;1130;1;2;2;1.0;3.0;238;87, MITTERAND (MAIL FRAN;M;4810858.0;-169297.0;350
201700026880;17;10;9;2026;5;2;2;1.0;3.0;238;59, FOULON (AVENUE PROFE;M;4811905.0;-164876.0;350
201700026882;17;11;24;920;1;2;1;1.0;3.0;238;9, LAENNEC (BD RENE);M;4810743.0;-166585.0;350
201700026885;17;11;30;1306;1;2;6;2.0;3.0;238;00, CHATEAU (AVENUE FRAN;M;4811171.0;-164654.0;350
201700026887;17;11;26;1846;5;2;1;1.0;6.0;238;46, ALMA (DE L');M;4810157.0;-167639.0;350
201700026890;17;11;29;1930;5;2;6;1.0;3.0;281;26, GAITE (ROND-POINT);M;4808693.0;-170740.0;350
201700026891;17;11;29;1031;1;2;6;1.0;3.0;51;00, TAILLIS (ROND-POINT;M;4811381.0;-162061.0;350
201700026916;17;12;8;820;5;2;2;2.0;3.0;238;69, PARKING CENTRE COMME;M;4808374.0;-167553.0;350
201700026917;17;12;9;1840;3;2;1;2.0;3.0;281;00, MERMOZ (BOULEVARD JE;M;4809128.0;-170377.0;350
201700026921;17;5;16;1055;1;1;9;1.0;1.0;288;DE GAULLE GENERAL (AVENU;M;4862183.0;-198906.0;350
201700026976;17;3;13;1155;1;2;1;1.0;6.0;44;RUE PIERRE GAULTIER;M;4680770.0;169787.0;360
201700026978;17;4;21;916;1;2;1;1.0;6.0;44;BD DE CLUIS/RUE DU 8 MAI;M;4680500.0;169823.0;360
201700026980;17;5;3;921;1;2;1;1.0;6.0;44;174 AVENUE DES MARINS;M;4680877.0;167956.0;360
201700026989;17;7;3;1825;1;2;1;1.0;3.0;44;48 BD SAINT DENIS;M;4681470.0;170823.0;360
201700026997;17;7;11;1204;1;1;6;1.0;7.0;159;RP RIAULT DE LA MOTTE;M;4673865.0;172766.0;360
201700027006;17;9;14;942;1;2;2;1.0;2.0;44;27 AV LA CHATRE/BD BRYAS;M;4680860.0;170527.0;360
201700027011;17;9;22;1442;1;1;6;1.0;3.0;63;;M;4684250.0;167390.0;360
201700027016;17;10;9;612;5;2;6;5.0;3.0;44;142 BD LE CORBUSIER;M;4679600.0;170785.0;360
201700027032;17;1;5;625;5;2;1;1.0;2.0;214;40, PORTILLON (QUAI);M;4740002.0;67666.0;370
201700027039;17;1;11;1400;1;2;2;2.0;6.0;261;., PASCAL (RUE BLAISE);;;;370
201700027043;17;1;13;920;1;2;2;2.0;3.0;261;69 BD HEURTELOUP;M;4737127.0;69761.0;370
201700027054;17;1;19;2235;5;2;1;1.0;7.0;261;54, NATIONALE (RUE);M;4739357.0;68762.0;370
201700027055;17;1;20;1225;1;2;2;1.0;3.0;261;9, DANEMARK (AVENUE DU);M;4743200.0;69300.0;370
201700027057;17;1;18;1155;1;2;1;1.0;3.0;261;45, CHURCHILL (BOULEVARD;M;4737375.0;68050.0;370
201700027067;17;1;29;1635;1;2;1;1.0;7.0;122;., BEAULIEU (RUE DE);M;4736495.0;65571.0;370
201700027072;17;1;31;1215;1;2;1;1.0;3.0;261;., CANE (RUE JAMES);M;4738200.0;68500.0;370
201700027086;17;2;8;1825;5;2;3;2.0;7.0;195;66 ter, MAIRIE (RUE DE L;M;4738973.0;66215.0;370
201700027089;17;2;10;910;1;2;6;1.0;3.0;195;65 RUE DES HAUTES MARCHE;M;4738495.0;65421.0;370
201700027092;17;2;16;1100;1;2;2;2.0;7.0;261;2 RUE EMILE ZOLA;M;4739390.0;69460.0;370
201700027094;17;2;17;1346;1;2;7;1.0;3.0;261;2 AV DE LA TRANCHEE;M;4740166.0;68401.0;370
201700027095;17;2;17;1525;1;2;3;1.0;7.0;195;AV DU PRIEURE;M;4737992.0;66385.0;370
201700027108;17;3;3;1855;2;2;4;1.0;2.0;261;54 RUE ED VAILLANT;M;4738149.0;70655.0;370
201700027118;17;1;1;2130;5;2;3;2.0;6.0;261;17, CHAGALL (AVENUE MARC;M;4741435.0;68544.0;370
201700027119;17;3;11;1350;1;2;2;1.0;3.0;214;73 BD CHARLE DE GAULLE;M;4741115.0;67559.0;370
201700027123;17;3;16;600;5;2;1;1.0;6.0;261;AV ANDRE MAGINOT;M;4741207.0;68477.0;370
201700027125;17;3;17;930;1;2;6;1.0;6.0;261;AV MARCEL MERIEUX;M;4736534.0;67548.0;370
201700027130;17;3;21;900;1;2;2;2.0;7.0;261;49 RUE NATIONALE;M;4739291.0;68771.0;370
201700027143;17;3;29;1220;1;2;4;1.0;6.0;122;18 BD DES BRETONNIERES;M;4734613.0;64539.0;370
201700027147;17;4;3;615;5;2;2;1.0;1.0;122;23 RUE ARISTIDE BRIAND;;;;370
201700027148;17;4;3;1050;1;2;6;1.0;3.0;261;ROND P DE LA ROTONDE;M;4738138.0;70642.0;370
201700027150;17;4;4;550;3;2;1;1.0;6.0;122;BD DES BRETONNIERES;M;4734490.0;63568.0;370
201700027153;17;4;6;1700;1;2;1;1.0;1.0;208;AV DU GAL DE GAULLE;M;4745667.0;73110.0;370
201700027155;17;3;23;1845;3;2;1;2.0;7.0;195;COUVENT DES MINIMES;;;;370
201700027162;17;4;11;925;1;2;4;1.0;2.0;261;18  RUE  DE PICARDIE;M;4742638.0;67653.0;370
201700027172;17;4;19;1200;1;2;2;1.0;3.0;261;68 RUE D  ENTRAIGUES;;;;370
201700027186;17;5;3;1150;1;2;2;1.0;3.0;261;42 QUAI ANDRE MALRAUX;M;4739751.0;69940.0;370
201700027194;17;4;12;1710;1;2;1;1.0;7.0;214;RUE  TONNELE;;;;370
201700027196;17;5;10;1715;1;2;3;1.0;3.0;261;162 RUE DU PLAT D'ETAIN;M;4738302.0;66894.0;370
201700027198;17;5;11;1230;1;2;6;2.0;3.0;214;QUAI DE PORTILLON;M;4740043.0;67900.0;370
201700027203;17;5;16;905;1;2;1;1.0;6.0;261;29 RUE DES HALLES;M;4739346.0;68445.0;370
201700027212;17;5;20;1557;1;2;1;1.0;6.0;261;22 RUE ED VAILLANT;M;4738954.0;69568.0;370
201700027217;17;5;23;1540;1;2;1;1.0;7.0;261;64 RUE NATIONALE;M;4739304.0;68774.0;370
201700027228;17;5;31;1825;1;2;3;1.0;3.0;261;AVENUE MONTJOYEUX;M;4736360.0;69960.0;370
201700027230;17;6;1;710;1;2;3;1.0;3.0;261;QUAI PAUL BERT;M;4740147.0;68664.0;370
201700027233;17;6;3;245;5;2;1;1.0;6.0;261;135 AVENUE DE LATRANCHEE;M;4740787.0;68179.0;370
201700027236;17;6;5;1050;1;2;1;1.0;3.0;233;CTRE COMMERCIAL ATLANTES;M;4737961.0;71602.0;370
201700027239;17;6;8;1800;1;2;4;1.0;3.0;208;32 RUE DE GRAND COUR;M;4736247.0;71468.0;370
201700027242;17;6;9;2135;2;2;1;1.0;6.0;261;AV DE LA TRANCHEE;M;4740160.0;68418.0;370
201700027245;17;6;13;1230;1;2;2;1.0;3.0;261;80 RUE MICHELET;M;4738663.0;69218.0;370
201700027247;17;6;13;1905;1;2;2;1.0;3.0;261;108 RUE MARCEL TRIBUT;M;4738931.0;70177.0;370
201700027255;17;6;17;1925;1;2;1;1.0;1.0;261;., MARMOUTIER (QUAI DE);M;4740336.0;72345.0;370
201700027256;17;6;18;1725;1;2;1;1.0;7.0;195;11 RUE JEAN  MONNET;M;4738955.0;65741.0;370
201700027258;17;6;19;1615;1;2;6;1.0;1.0;261;PLACE ANATOLE FRANCE;M;4739627.0;68412.0;370
201700027260;17;6;20;2356;5;2;1;1.0;2.0;261;PONT WILSON;M;4739779.0;68591.0;370
201700027270;17;6;29;1225;1;2;2;1.0;3.0;261;36 RUE DE CLOCHEVILLE;M;4739090.0;68359.0;370
201700027274;17;6;30;1355;1;1;1;2.0;5.0;122;51DES MAISONS NEUVES;M;4732664.0;65009.0;370
201700027289;17;7;12;805;1;2;2;1.0;3.0;261;71 AV DE L EUROPE;M;4742359.0;63171.0;370
201700027293;17;7;14;1715;1;2;1;1.0;2.0;261;26 QUAI DE PORTILLON;M;4740029.0;67890.0;370
201700027300;17;7;19;1330;1;2;1;1.0;3.0;208;AVENUE BEAUGAILLARD;M;4736593.0;71816.0;370
201700027313;17;7;26;1455;1;2;2;2.0;3.0;261;69 BD HEURTELOUP;M;4739111.0;69777.0;370
201700027324;17;7;31;1350;1;2;1;1.0;3.0;261;11 AV MARCEL DASSAULT;M;4736414.0;68521.0;370
201700027337;17;8;15;1745;1;2;3;1.0;3.0;122;45 AVENUE DE BORDEAUX;M;4735600.0;69800.0;370
201700027344;17;8;19;1105;1;2;6;1.0;3.0;208;RUE DE CORMERY;M;4734209.0;73746.0;370
201700027368;17;9;8;850;1;2;3;2.0;7.0;261;RUE  RAPIN;M;4739222.0;68095.0;370
201700027371;17;9;9;1820;1;2;6;2.0;3.0;122;163 BD DE CHINON;M;4735074.0;67775.0;370
201700027381;17;9;12;1600;1;2;3;1.0;3.0;261;ALLEE DE LA BOURDAISIERE;M;4738493.0;69607.0;370
201700027392;17;9;18;1740;1;2;6;1.0;2.0;261;PLACE JEAN JAURES;M;4739029.0;68958.0;370
201700027398;17;9;22;1500;1;2;1;1.0;3.0;261;PONT NAPOLEON;M;4739500.0;67700.0;370
201700027399;17;9;23;835;1;2;1;1.0;3.0;261;22 bis, PLACE G PAILHOU;M;4739177.0;68130.0;370
201700027401;17;9;25;850;1;2;3;1.0;2.0;261;1 RUE  PAS NOTRE DAME;M;4740500.0;69392.0;370
201700027406;17;9;26;2115;5;2;2;1.0;3.0;122;RUE JEAN BONIN;M;4734306.0;65843.0;370
201700027408;17;9;8;938;1;2;1;8.0;7.0;261;RUE DU PONT AUX OIES;M;4737404.0;66362.0;370
201700027409;17;9;26;1000;1;2;1;2.0;7.0;261;71 RUE NATIONALE;M;4739141.0;68826.0;370
201700027410;17;9;29;2110;5;2;1;2.0;6.0;261;38  RUE DU MORTIER;M;4742390.0;68167.0;370
201700027422;17;10;2;1515;1;2;2;1.0;3.0;261;12 RUE MARCEAU;M;4739408.0;68446.0;370
201700027427;17;10;4;1515;1;2;2;1.0;2.0;261;70 RUE D' ENTRAIGUES;M;4738700.0;68400.0;370
201700027436;17;10;10;735;2;2;3;2.0;3.0;261;AVENUE  STENDHAL;M;4736770.0;70039.0;370
201700027441;17;10;12;1045;1;2;1;1.0;7.0;261;80 RUE DE  JEMMAPES;M;4741879.0;68411.0;370
201700027444;17;10;12;1620;1;2;1;1.0;3.0;261;RUE JOHAN STRAUSS;M;4736640.0;71091.0;370
201700027452;17;10;16;925;1;2;6;1.0;3.0;214;QUAI DE PORTILLON;M;4740042.0;67869.0;370
201700027455;17;10;17;1511;1;2;6;1.0;3.0;261;ALOUETTE/GRAMMONT;M;4736376.0;69938.0;370
201700027459;17;10;19;1715;1;2;1;1.0;3.0;261;RUE DE LA VICTOIRE;M;4739597.0;67704.0;370
201700027472;17;10;27;1025;1;2;6;1.0;3.0;261;BD LOUIS XI;M;4737363.0;67227.0;370
201700027475;17;10;30;830;1;2;1;1.0;3.0;261;4 QUAI DE MARMOUTIER;M;4740206.0;71346.0;370
201700027485;17;11;6;850;1;2;2;1.0;3.0;261;98 RUE TOUR D AUVERGNE;M;4738500.0;70691.0;370
201700027488;17;11;7;1800;3;2;1;1.0;3.0;261;79 RUE BLAISE PASCAL;M;4738526.0;69548.0;370
201700027494;17;11;10;640;5;2;6;8.0;6.0;261;BD LOUIS XI;M;4737362.0;67829.0;370
201700027500;17;11;13;900;1;2;6;1.0;3.0;233;RUE HOCHE;M;4739400.0;71600.0;370
201700027507;17;11;16;1825;5;2;1;1.0;1.0;261;RUE  DE BORDEAUX;M;4738960.0;69062.0;370
201700027522;17;11;24;1225;1;2;1;1.0;1.0;261;2 BD TONNELLE;M;4738808.0;66714.0;370
201700027542;17;12;5;1645;1;2;3;1.0;3.0;208;RUE DES CICOTTEES;M;4735510.0;72735.0;370
201700027553;17;12;12;915;1;2;6;1.0;3.0;261;RUE DE SUEDE;M;4743100.0;67875.0;370
201700027559;17;12;18;755;5;2;1;2.0;3.0;261;AV CAMILLE CHAUTEMPS;M;4737464.0;71632.0;370
201700027564;17;12;26;1450;1;2;1;1.0;6.0;208;56 AV BEAUGAILLARD;M;4736154.0;72105.0;370
201700027588;17;1;16;1215;1;2;3;1.0;3.0;516;DOYEN GOSSE (RUE);M;4519921.0;575560.0;380
201700027598;17;2;18;1515;1;2;1;1.0;1.0;185;24, RUE FLIX ESCLANGON;M;4519220.0;570746.0;380
201700027602;17;2;23;1930;1;2;1;1.0;3.0;185;ROND-POINT PIERRE ET MAR;;;;380
201700027612;17;3;15;730;2;2;1;1.0;6.0;151;20, AVENUE DU 8 MAI 1945;M;4514545.0;571692.0;380
201700027613;17;3;16;915;1;2;6;1.0;3.0;185;ROND-POINT PIERRE ET MAR;M;4516028.0;571955.0;380
201700027629;17;5;3;1815;1;2;4;1.0;3.0;421;AVENUE GABRIEL PERI;M;4518496.0;576499.0;380
201700027635;17;5;17;2010;1;2;1;1.0;6.0;169;46, RUE YVES FARGES;M;4519610.0;569076.0;380
201700027638;17;5;28;1020;1;2;1;1.0;6.0;169;RUE DU 19 MARS 1962;M;4519912.0;567480.0;380
201700027644;17;6;7;1930;1;2;1;1.0;6.0;185;73, RUE NICOLAS CHORIER;M;4518396.0;570866.0;380
201700027645;17;6;12;615;1;1;1;1.0;1.0;185;LIBERATION (COURS);M;4517438.0;571462.0;380
201700027675;17;11;7;1150;1;2;1;1.0;6.0;185;RUE RAOUL BLANCHARD;M;4519021.0;572774.0;380
201700027683;17;11;29;1150;1;2;1;2.0;2.0;185;PLACE DE METZ;M;4518746.0;573042.0;380
201700027686;17;11;30;1930;5;2;1;1.0;6.0;185;RUE PIERRE SMARD;M;4519057.0;571238.0;380
201700027704;17;5;3;1610;1;2;4;1.0;3.0;544;FRANCISQUE BONNIER(RUE);M;4553189.0;487419.0;380
201700027732;17;5;17;835;1;2;3;1.0;3.0;563;104, REPUBLIQUE (BOULEVA;M;4536109.0;558768.0;380
201700027763;17;11;22;1445;1;1;1;1.0;2.0;411;;M;4668517.0;561586.0;390
201700027782;17;5;23;1815;1;2;1;1.0;3.0;192;0, BROUCHET (ALLEES);M;4388959.0;-49826.0;400
201700027783;17;6;12;1300;1;2;2;1.0;2.0;192;124 rue de la croix blan;M;4388895.0;49698.0;400
201700027794;17;1;19;810;1;2;1;1.0;3.0;18;TOURVILLE (RUE DU MARECH;M;4758941.0;130599.0;410
201700027801;17;3;21;1656;1;2;1;2.0;2.0;18;VENDOME (AVENUE DE);M;4759993.0;131987.0;410
201700027804;17;4;17;2315;5;2;1;1.0;1.0;18;MOULIN (RUE JEAN);M;4758725.0;132764.0;410
201700027808;17;3;28;1140;1;2;3;1.0;1.0;18;VENDOME (AVENUE DE);M;4759680.0;132587.0;410
201700027816;17;5;20;2015;1;1;1;1.0;3.0;47;chemin de banlieu;M;4760957.0;136418.0;410
201700027820;17;5;18;1137;1;2;2;2.0;3.0;18;FRANCE (AVENUE DE)  1;M;4759285.0;131353.0;410
201700027826;17;6;20;1815;1;2;3;1.0;3.0;18;23, FONTAINE (RUE JEAN D;M;4758056.0;130117.0;410
201700027830;17;7;13;1801;1;2;1;1.0;1.0;18;CHARLOT (MAIL PIERRE);M;4759967.0;134071.0;410
201700027840;17;9;14;1510;1;2;1;1.0;3.0;18;BUTTE (AVENUE DE LA);M;4758235.0;132364.0;410
201700027841;17;9;17;2230;4;2;1;1.0;7.0;18;INDUSTRIE (BOULEVARD DE;M;4760277.0;132295.0;410
201700027847;17;9;27;1730;1;2;1;1.0;7.0;212;CHATEAU RUE DU);M;4757094.0;135341.0;410
201700027849;17;10;2;1735;1;2;1;2.0;3.0;18;FRANCE (AVENUE DE)  2;M;4759996.0;131965.0;410
201700027853;17;10;9;1010;1;2;1;1.0;3.0;295;RUE YVETTE CHASSAGNE;M;4759312.0;139035.0;410
201700027859;17;11;3;1723;2;2;1;1.0;3.0;295;MATISSE (RUE HENRI);M;4758311.0;138211.0;410
201700027869;17;11;27;840;1;2;6;1.0;3.0;295;RUE DU PRESSON;M;4760460.0;140140.0;410
201700027881;17;2;1;1350;1;2;1;1.0;6.0;269;JAURES (RUE JEAN);M;4779775.0;106635.0;410
201700027905;17;2;16;820;1;2;6;1.0;3.0;95;1, SAINT-CHARLES (BOULEV;M;4538970.0;428123.0;420
201700027914;17;8;4;700;1;2;1;7.0;3.0;44;rue James Jackson;M;4539893.0;433917.0;420
201700027920;17;9;21;1750;1;2;7;1.0;3.0;95;ABATTOIR (PLACE DE L');M;4539746.0;429031.0;420
201700027930;17;11;22;1755;5;2;3;1.0;3.0;187;0, CHARLIEU (RUE DE );M;4605328.0;408558.0;420
201700027933;17;11;30;840;1;2;1;2.0;3.0;187;0, LYON (AVENUE DE);M;4604159.0;407365.0;420
201700027934;17;12;1;915;1;2;6;2.0;3.0;187;0, PROMENADES POPULLE(PO;M;4603694.0;406545.0;420
201700027949;17;2;9;1215;1;2;1;1.0;6.0;184;0, GALLIENI JOSEPH (AVEN;M;4604531.0;405268.0;420
201700027950;17;2;9;1820;5;2;6;2.0;3.0;187;0, PROMENADES POPULLE (P;M;4603698.0;406547.0;420
201700027954;17;2;13;1400;1;2;4;1.0;6.0;187;0, HERMINIER (QUAI DU CO;M;4604025.0;408303.0;420
201700027963;17;12;28;1630;1;2;6;1.0;6.0;187;0, THIERS (BOULEVARD DE);M;4602759.0;404819.0;420
201700027966;17;4;3;1230;1;1;1;1.0;6.0;187;0, DESROCHE (RUE HENRI);M;4603138.0;404711.0;420
201700027991;17;6;5;2115;2;2;6;1.0;6.0;184;0, CANAUX (RUE DES);M;4603981.0;405196.0;420
201700027993;17;6;1;1115;1;2;6;1.0;2.0;187;0, FERRY (BOULEVARD JULE;M;4603151.0;407123.0;420
201700028001;17;7;29;1600;1;2;2;1.0;3.0;187;0, CHAPERON (RUE ANTOINE;M;4602656.0;407001.0;420
201700028027;17;10;2;935;1;2;1;1.0;6.0;187;0, LECLERC (QUAI DU GENE;M;4603004.0;407536.0;420
201700028047;17;10;31;1825;5;2;3;1.0;6.0;187;0, GIRAUD (RUE DU GENERA;M;4603353.0;405553.0;420
201700028054;17;1;4;2100;5;2;2;1.0;3.0;218;IGNORE, BEAUBRUN;M;4543483.0;438263.0;420
201700028081;17;2;18;1650;1;2;6;1.0;1.0;218;D3;M;4545822.0;440603.0;420
201700028102;17;4;11;1725;1;2;1;1.0;1.0;218;106, FRAISSINETTE ALEXAN;M;4542237.0;442311.0;420
201700028120;17;5;13;800;1;2;1;1.0;2.0;330;13, BREUIL;M;4546903.0;435606.0;420
201700028161;17;3;11;830;1;2;3;1.0;3.0;186;4, JUIN AVENUE DU MARECH;M;4553151.0;462502.0;420
201700028165;17;6;12;730;1;2;1;1.0;3.0;207;27, LYON ROUTE DE;M;4547961.0;452666.0;420
201700028196;17;6;18;1722;1;2;1;1.0;6.0;157;20 PORTAIL D'AVIGNON (R;;;;430
201700028200;17;8;16;1605;1;2;1;1.0;6.0;46;BD BONGIRAUD;;;;430
201700028208;17;1;3;835;1;1;3;1.0;3.0;55;25, CAILLAUD ( BOULEVARD;M;4727284.0;-234321.0;440
201700028209;17;1;14;1640;1;2;1;8.0;3.0;132;182, OCEANIDES (BOULEVAR;M;4727165.0;-235404.0;440
201700028217;17;4;29;1655;1;2;1;1.0;3.0;132;21, BAULOIS (AVENUE DU);M;4726265.0;-233432.0;440
201700028219;17;6;22;45;5;2;2;1.0;3.0;132;av g. clemenceau;M;4726704.0;-234149.0;440
201700028224;17;8;8;215;5;2;1;1.0;2.0;55;7, RADEAU ( ROUTE DU );M;4729693.0;-236411.0;440
201700028227;17;9;5;1200;1;2;6;1.0;2.0;132;, EUROPE (ROND POINT DE;M;4725935.0;-234064.0;440
201700028229;17;9;26;1103;1;2;6;1.0;2.0;55;NS, CHEVREL ( BOULEVARD;M;4729107.0;-239542.0;440
201700028232;17;10;7;1700;1;2;9;1.0;3.0;132;OCEANIDES (BOULEVARD DES;M;4726534.0;-234525.0;440
201700028233;17;12;4;1019;1;2;4;7.0;3.0;132;33, GAULLE (AVENUE DU GL;M;4726806.0;-234219.0;440
201700028236;17;11;24;1645;1;2;6;1.0;6.0;109;BOULEVARD RENE CASSIN;M;4726433.0;-157416.0;440
201700028240;17;11;17;1135;1;2;1;1.0;3.0;143;1, AVENUE DE LA LIBERATI;M;4719398.0;-154546.0;440
201700028251;17;11;30;830;1;2;1;1.0;3.0;162;BOULEVARD PROFESSEUR JAC;M;4723243.0;-164813.0;440
201700028265;17;12;4;800;2;2;1;1.0;2.0;109;BOULEVARD DES BELGES;M;4723517.0;-154370.0;440
201700028266;17;1;27;1035;1;2;3;1.0;3.0;109;BD MARTYRS N. DE LA RESI;M;4720530.0;-154736.0;440
201700028278;17;1;9;2030;5;2;2;2.0;6.0;143;RUE DE L'AERODROME;M;4717628.0;-156419.0;440
201700028293;17;1;26;830;2;2;1;1.0;6.0;109;29, BD DE LA FRATERNITE;M;4721569.0;-158679.0;440
201700028295;17;2;10;2308;5;2;2;1.0;6.0;109;RUE PAUL BELLAMY;M;4722057.0;-155517.0;440
201700028298;17;2;9;1715;1;2;1;1.0;3.0;114;AVENUE DE LA FERRIERE;M;4724089.0;-159246.0;440
201700028302;17;2;6;1409;2;2;1;1.0;6.0;109;RUE NOIRE;M;4722608.0;-156277.0;440
201700028310;17;3;4;1600;1;1;1;8.0;2.0;162;75;M;4723125.0;-164891.0;440
201700028321;17;3;30;910;1;2;1;1.0;6.0;109;107, LANDREAU ( RUE DU );M;4723354.0;-151101.0;440
201700028329;17;3;14;2015;5;2;1;1.0;6.0;109;QUAI DE LA FOSSE;M;4720927.0;-156666.0;440
201700028336;17;3;16;1340;1;2;1;1.0;6.0;114;ROUTE DE VANNES;M;4724966.0;-161544.0;440
201700028341;17;4;21;900;1;2;3;1.0;6.0;109;40, RUE DE GIGANT;M;4721456.0;-157282.0;440
201700028350;17;4;6;1712;1;2;1;1.0;3.0;143;RUE DE L'ILE MACE;M;4719279.0;-155476.0;440
201700028351;17;5;22;830;1;2;1;1.0;3.0;109;63, ROUTE DE SAINTE LUCE;M;4723168.0;-152283.0;440
201700028352;17;4;22;1845;1;2;1;1.0;6.0;162;BOULEVARD SALVADOR ALLEN;M;4721984.0;-162406.0;440
201700028357;17;4;18;1850;1;2;1;1.0;6.0;109;25, RUE AUGUSTE RENOIR;M;4722407.0;-159637.0;440
201700028362;17;4;26;1215;1;2;1;1.0;3.0;143;77, RUE DE LA COMMUNE DE;M;4718803.0;-155142.0;440
201700028363;17;4;7;2340;5;2;1;1.0;6.0;109;RUE DOS D'ANE;M;4719702.0;-154291.0;440
201700028364;17;4;11;1220;1;2;1;1.0;6.0;109;211, ROUTE DE SAINTE LUC;M;4723971.0;-151332.0;440
201700028373;17;5;28;345;5;1;1;1.0;6.0;109;BOULEVARD GENERAL DE GAU;M;4720903.0;-154134.0;440
201700028378;17;5;28;2015;1;2;1;1.0;6.0;109;RUE PABLO PICASSO;M;4721649.0;-153359.0;440
201700028389;17;5;5;1830;1;2;1;1.0;6.0;109;LEMOINE ( RUE FELIX );M;4723784.0;-154475.0;440
201700028401;17;6;1;758;1;2;1;1.0;3.0;109;8, BOULEVARD PAUL LANGEV;M;4721380.0;-157499.0;440
201700028404;17;6;24;2045;1;2;1;1.0;3.0;109;RUE ERIC TABARLY;M;4719558.0;-154665.0;440
201700028409;17;6;29;1730;1;2;1;1.0;6.0;143;AVENUE DE LA LIBERATION;M;4719276.0;-154682.0;440
201700028411;17;6;6;1310;1;2;1;1.0;2.0;109;174, BOULEVARD DES POILU;M;4723386.0;-153557.0;440
201700028412;17;6;19;1445;1;2;1;1.0;3.0;109;ALLEE DUGUAY TROUIN;M;4721248.0;-155575.0;440
201700028414;17;6;7;1900;1;2;6;1.0;3.0;109;RUE FRANCOIS BRUNEAU;M;4723082.0;-155663.0;440
201700028417;17;6;2;740;1;2;6;1.0;3.0;109;BONDUELLE ( AVENUE J;M;4721182.0;-154351.0;440