Num_Acc;an;mois;jour;hrmn;lum;agg;int;atm;col;com;adr;gps;lat;long;dep
201700028425;17;6;24;1640;1;2;1;1.0;7.0;109;., ROUTE DE SAINT JOSEPH;M;4727880.0;-150928.0;440
201700028430;17;7;3;1335;1;2;1;1.0;3.0;162;RUE DE TILLAY;M;4722956.0;-160622.0;440
201700028434;17;7;17;1830;1;2;1;1.0;6.0;109;RUE HENRI MATISSE;M;4722270.0;-159737.0;440
201700028436;17;7;14;2000;2;2;1;1.0;6.0;109;10, BOULEVARD VICTOR HUG;M;4720446.0;-155329.0;440
201700028444;17;7;16;718;2;2;1;7.0;6.0;114;PLACE DU FORUM;M;4725253.0;-161572.0;440
201700028445;17;7;6;1715;1;2;1;1.0;6.0;109;PORTERIE (ST JOPEPH);M;4726805.0;-152187.0;440
201700028455;17;8;12;1100;1;2;1;2.0;6.0;109;22, BOULEVARD DU TERTRE;M;4722055.0;-160323.0;440
201700028456;17;8;28;1600;1;2;2;1.0;6.0;109;78, ROUTE DE RENNES;M;4725361.0;-157612.0;440
201700028468;17;9;12;1115;1;2;1;1.0;7.0;190;40B, RUE LT MARTY;M;4719612.0;-152362.0;440
201700028470;17;10;6;1356;1;2;1;1.0;3.0;109;7, BOULEVARD ALLARD;M;4721183.0;157834.0;440
201700028471;17;9;8;1700;1;2;1;1.0;2.0;109;RUE DE LA GRANGE AU LOUP;M;4726587.0;-152335.0;440
201700028479;17;9;23;1520;1;2;1;1.0;3.0;114;RUE DU COMMANDANT CHARCO;M;4725581.0;-162004.0;440
201700028482;17;10;28;2200;5;2;1;1.0;3.0;114;AVENUE DE LA FERRIERE;M;4724233.0;-159191.0;440
201700028488;17;10;15;210;5;2;1;1.0;3.0;109;BOULEVARD DU PETIT PORT;M;4724194.0;-155636.0;440
201700028505;17;11;17;910;1;2;1;1.0;2.0;109;14, RUE LA NOUE BRAS DE;M;4720724.0;-155888.0;440
201700028514;17;11;16;1825;3;2;6;9.0;6.0;109;RUE PREFET BONNEFOY;M;4722220.0;-154898.0;440
201700028524;17;2;10;1310;1;2;3;1.0;6.0;184;PARE (RUE AMBROISE);M;4726191.0;-223811.0;440
201700028531;17;2;21;1105;1;2;3;1.0;2.0;184;LESSEPS (AVENUE DE) DU 4;M;4727286.0;-221855.0;440
201700028543;17;5;3;1645;1;2;3;1.0;3.0;184;GAVY (ROUTE DE);M;4725237.0;-226138.0;440
201700028545;17;5;15;1650;1;2;2;1.0;1.0;184;75, ANJOU (RUE D') DU 51;M;4727829.0;-220971.0;440
201700028555;17;7;6;1945;1;2;6;1.0;3.0;184;TREBALE (ROUTE DE);M;4726482.0;-224330.0;440
201700028560;17;8;13;1520;1;2;2;1.0;6.0;184;GRENAPIN (RUE PITRE);M;4725960.0;-225900.0;440
201700028563;17;9;6;650;3;1;3;1.0;3.0;184;PRE HEMBERT (ROUTE DU);M;4727070.0;-225695.0;440
201700028570;17;10;8;900;1;2;2;2.0;3.0;184;ETANG (ROUTE DE L');M;4729040.0;-226580.0;440
201700028571;17;10;9;1645;1;2;1;1.0;3.0;184;EINSTEIN (RUE ALBERT);M;4726433.0;-225756.0;440
201700028572;17;10;10;1705;1;2;6;1.0;3.0;184;HAUT ROCHER (ROUTE DU);M;4726535.0;-226772.0;440
201700028595;17;12;24;1730;5;2;1;8.0;1.0;184;25, RENAISSANCE (BOULEVA;M;4728330.0;-221370.0;440
201700028602;17;1;31;2100;5;2;1;1.0;7.0;68;2 R PONTONNERIE;M;4800175.0;272156.0;450
201700028631;17;5;19;953;1;1;1;1.0;3.0;208;28, CHAUSSEE (RUE DU FAU;M;4799797.0;274052.0;450
201700028639;17;6;14;1748;1;2;1;1.0;6.0;338;35, PELERINS (RUE DES);M;4798327.0;271844.0;450
201700028640;17;6;16;2050;1;2;1;1.0;3.0;208;VILLA RENEE DE FRANCE (R;M;4800028.0;273056.0;450
201700028651;17;7;20;1120;1;2;1;1.0;3.0;208;90, COQUILLET (RUE ANDRE;M;4799068.0;273223.0;450
201700028699;17;1;6;1315;1;2;3;1.0;1.0;302;ROUTE NATIONALE 20;M;4795184.0;189150.0;450
201700028702;17;1;23;1740;2;2;3;1.0;3.0;234;AV PARC FLORAL/R L.VINCI;M;4784624.0;194094.0;450
201700028715;17;4;3;1145;1;2;7;1.0;3.0;147;2 RUE DE LA BARRIERE ST;M;4791960.0;191830.0;450
201700028732;17;4;19;803;1;2;1;1.0;3.0;234;117, CHATEAUDUN (BOULEVA;M;4791155.0;189369.0;450
201700028750;17;5;4;2200;5;2;2;1.0;3.0;234;STUART (BOULEVARD MARIE);M;4791121.0;192959.0;450
201700028767;17;2;27;1340;1;2;1;1.0;3.0;234;1, GAMBETTA (PLACE);M;4790700.0;190400.0;450
201700028768;17;2;26;1619;2;2;2;1.0;3.0;147;SANS, JOIE (RUE DE JOIE);;;;450
201700028772;17;2;24;1415;1;2;1;1.0;3.0;234;01, BOURRIE ROUGE (RUE D;;;;450
201700028776;17;3;28;900;1;2;1;1.0;3.0;302;MONTARAN (RUE DE);M;4794584.0;191251.0;450
201700028786;17;2;20;1745;2;1;1;1.0;2.0;302;01, TUILERIE (RUE DE LA);;;;450
201700028788;17;2;18;2035;5;1;2;1.0;1.0;232;SANS, LABARRE (RUE PAULI;M;4784022.0;187698.0;450
201700028796;17;3;14;730;1;2;1;1.0;1.0;285;MENDES FRANCE (AVENUE PI;M;4791288.0;187338.0;450
201700028805;17;5;23;2015;1;2;3;7.0;1.0;285;BEAUHAIRE (RUE CHARLES);M;4790981.0;188168.0;450
201700028806;17;2;7;822;2;2;1;1.0;6.0;234;1, DROITS DE L'HOMME (AV;;;;450
201700028814;17;1;31;943;1;2;1;1.0;3.0;234;50, ZOLA (EMILE);M;4791073.0;190820.0;450
201700028816;17;3;2;1810;1;2;1;1.0;7.0;147;MONTARAN (RUE DE MONTARA;M;4794620.0;190974.0;450
201700028832;17;1;10;841;1;2;1;1.0;7.0;234;1, GENERAL DE GAULLE (PL;;;;450
201700028839;17;5;29;1700;1;2;1;1.0;3.0;232;160, LORETTE (RUE DE);M;4785032.0;191983.0;450
201700028847;17;6;1;750;1;2;1;1.0;3.0;234;6, CONDORCET (RUE);M;4784100.0;192400.0;450
201700028854;17;6;8;1600;1;2;1;1.0;3.0;234;QUEBEC (BOULEVARD DE);M;4791486.0;190070.0;450
201700028861;17;6;14;735;1;2;6;1.0;2.0;75;1, INGRE (RUE D'INGRE);M;4789000.0;183000.0;450
201700028862;17;6;16;1549;1;2;1;1.0;3.0;234;50, DROITS DE L'HOMME (A;M;4792388.0;193882.0;450
201700028864;17;6;17;1722;1;2;1;1.0;7.0;147;PERRON (RUE DU PERRON);M;4793124.0;192535.0;450
201700028866;17;6;19;1145;1;2;3;1.0;1.0;147;246 QUATER, BANNIER (RUE;M;4992274.0;189762.0;450
201700028867;17;6;18;1930;1;1;3;7.0;6.0;234;PETIT CHAMPS DE L'ECHO (;M;4792686.0;194012.0;450
201700028876;17;6;27;1315;1;2;1;1.0;1.0;147;29, BALZAC (RUE HONORE D;M;4794081.0;191723.0;450
201700028881;17;7;4;810;1;2;1;1.0;3.0;286;DOUFFIAGUES (AVENUE JACQ;M;4788924.0;192971.0;450
201700028898;17;7;19;1100;1;2;1;1.0;3.0;234;10, DROITS DE L'HOMME (A;M;4791376.0;192380.0;450
201700028902;17;7;25;1900;1;2;1;1.0;3.0;234;30, BOLIERE (RUE DE LA);M;4783170.0;192892.0;450
201700028909;17;8;1;1745;1;2;1;1.0;3.0;234;8, RIOBE (BOULEVARD GUY;M;4791285.0;191319.0;450
201700028912;17;8;31;1620;1;2;1;8.0;2.0;147;BERTHELOT (RUE MARCELIN;M;4794792.0;192142.0;450
201700028925;17;8;26;1850;1;2;6;1.0;3.0;234;15, LIBERATION (AVENUE D;M;4791791.0;190074.0;450
201700028927;17;8;31;1620;1;2;1;1.0;2.0;284;, PEGUY (AVENUE CHARLES);M;4790000.0;194000.0;450
201700028929;17;9;8;900;1;2;2;1.0;3.0;234;DROITS DE L'HOMME (AVENU;M;4791476.0;192364.0;450
201700028933;17;9;12;1915;1;2;1;1.0;3.0;234;4, PROUST (RUE MARCEL);M;4790800.0;190815.0;450
201700028936;17;9;20;1320;1;2;1;1.0;3.0;75;11, BERAIRE (RUE DE BERA;M;4788333.0;183333.0;450
201700028955;17;10;6;1220;1;2;3;1.0;3.0;234;MARTIN (BOULEVARD ALEXAN;M;4790000.0;190000.0;450
201700028958;17;10;13;1730;1;2;1;1.0;2.0;169;24, GRENAUDIERE (AVENUE;M;4791000.0;183000.0;450
201700028964;17;10;19;1329;1;2;2;1.0;3.0;234;VOLTAIRE (AVENUE);M;4783640.0;193816.0;450
201700028966;17;10;20;1055;1;2;2;1.0;2.0;302;CHENE MAILLARD (RUE DU);M;4794777.0;190000.0;450
201700028971;17;10;25;751;2;2;6;1.0;2.0;147;, LAMBALLE (BOULEVARD DE;M;4792460.0;192147.0;450
201700028974;17;10;29;1040;1;2;3;2.0;3.0;232;155, VERDUN (AVENUE DE);M;4786000.0;190000.0;450
201700028976;17;10;23;1754;1;2;1;1.0;3.0;286;SANDILLON (ROUTE DE);M;4789580.0;192120.0;450
201700028979;17;11;2;1810;5;2;9;1.0;1.0;234;20, ALBERT 1ER (RUE ALBE;M;4790769.0;190646.0;450
201700028988;17;11;10;1910;5;2;2;1.0;3.0;234;CABAN (RUE);M;4791011.0;189856.0;450
201700028996;17;11;21;901;1;2;6;8.0;3.0;234;RECHERCHE SCIENTIFIQUE (;M;4783952.0;194290.0;450
201700029005;17;12;2;153;5;2;1;1.0;2.0;234;17, OLIVET (ROUTE D'OLIV;M;4788793.0;190327.0;450
201700029025;17;12;18;1840;5;1;1;1.0;3.0;235;1, MONBARY  (RUE DE);M;4794355.0;183419.0;450
201700029051;17;6;24;1920;1;2;1;1.0;2.0;42;., CHARTREUSE (CHEMIN DE;M;4444022.0;143548.0;460
201700029068;17;1;6;1005;1;2;3;7.0;3.0;1;RUE CASSIN/IMP MORERE;M;4419470.0;62348.0;470
201700029075;17;2;10;1115;1;2;1;1.0;3.0;31;LACAPELETTE;M;4417859.0;63026.0;470
201700029084;17;5;5;1543;1;1;1;1.0;1.0;32;CASSOU (RTE DE);M;4420380.0;69806.0;470
201700029096;17;10;25;1950;5;2;1;1.0;2.0;1;LIBERTE (BOULEVARD DE LA;M;4419660.0;61970.0;470
201700029125;17;6;8;1658;1;2;1;1.0;3.0;95;GEORGES CLEMENCEAU (AVEN;M;4452245.0;350300.0;480
201700029130;17;12;26;1134;1;2;1;1.0;7.0;7;00, FOCH BOULEVARD;M;4746907.0;-54973.0;490
201700029142;17;1;10;800;5;2;1;2.0;3.0;7;DEUX CROIX BOULEVARD;M;4747470.0;-52913.0;490
201700029155;17;1;19;815;2;2;2;1.0;6.0;7;0, RECOUVREUR;M;4745242.0;-55891.0;490
201700029156;17;1;16;750;5;2;6;1.0;3.0;7;ARAGON AVENUE;M;4747172.0;-56703.0;490
201700029159;17;1;22;1545;1;2;1;1.0;6.0;15;6, LERICHE AVENUE RENE;M;4749378.0;-58666.0;490
201700029160;17;1;22;1335;1;2;1;1.0;6.0;7;122, CHALOUERE;M;4748455.0;-53398.0;490
201700029163;17;1;23;1400;1;2;2;1.0;3.0;7;0, LISE;M;4747266.0;-54271.0;490
201700029179;17;2;5;845;1;2;1;1.0;2.0;7;38, PATTON AVENUE;M;4747379.0;-58266.0;490
201700029196;17;2;16;1300;1;2;2;1.0;5.0;7;BEDIER BOULEVARD;M;4745096.0;-54945.0;490
201700029206;17;2;26;1120;1;2;1;2.0;3.0;7;43, RUE SAUMUROISE;M;4745915.0;-53557.0;490
201700029208;17;3;1;737;1;2;1;1.0;6.0;7;0, RENNES;M;4747840.0;-54875.0;490
201700029214;17;3;3;1202;1;2;1;6.0;6.0;7;CAMUS BOULEVARD;M;4748579.0;-57563.0;490
201700029220;17;3;14;1105;1;2;1;1.0;6.0;7;0, BRIAND AVENUE;M;4747519.0;-58280.0;490
201700029223;17;3;18;710;2;2;1;1.0;6.0;7;CHURCHILL AVENUE ET SQUA;M;4745229.0;-55610.0;490
201700029229;17;3;23;1710;1;2;2;1.0;3.0;7;PATTON AVENUE;M;4747313.0;-60219.0;490
201700029230;17;3;24;1230;1;2;1;1.0;6.0;7;BEDIER BOULEVARD;M;4745166.0;-54551.0;490
201700029236;17;3;29;1734;1;2;2;1.0;6.0;7;SORIN RUE ET IMPASSE;M;4747573.0;-59391.0;490
201700029237;17;3;30;1112;1;2;1;1.0;7.0;7;5, CARNOT;M;4747518.0;-54820.0;490
201700029245;17;4;5;1735;1;2;1;1.0;3.0;7;39, COUBERTIN BOULEVARD;M;4746256.0;-53229.0;490
201700029246;17;4;6;300;5;2;1;1.0;7.0;7;41, PAUL BERT;M;4746507.0;-54946.0;490
201700029252;17;4;13;910;1;2;2;1.0;3.0;7;0, CARNOT;M;4747454.0;-54676.0;490
201700029255;17;4;17;1614;1;2;1;1.0;3.0;246;00, BERNE;M;4740716.0;-52561.0;490
201700029265;17;5;2;1800;1;2;3;1.0;3.0;7;BON PASTEUR BOULEVARD;M;4747304.0;-57722.0;490
201700029273;17;5;9;1603;1;2;1;1.0;2.0;7;MONPROFIT PLACE;M;4747414.0;-56764.0;490
201700029274;17;5;9;1915;1;2;1;1.0;6.0;7;BEAUSSIER BOULEVARD;M;4746952.0;-59934.0;490
201700029275;17;5;10;755;1;2;1;1.0;3.0;246;58, GALLIENI AVENUE;M;4743754.0;-51253.0;490
201700029276;17;5;11;1800;1;2;1;1.0;6.0;7;67, FOCH BOULEVARD;M;4746643.0;-55293.0;490
201700029277;17;5;15;1030;1;2;2;1.0;1.0;7;02, CARMES QUAI ET RUE;M;4747363.0;-55900.0;490
201700029280;17;5;16;1306;1;2;1;1.0;7.0;7;0, PAUL BERT;M;4746612.0;-55240.0;490
201700029283;17;5;19;750;1;2;1;1.0;1.0;7;03, MICHELET;M;4746504.0;-54541.0;490
201700029285;17;5;22;1440;1;2;6;1.0;6.0;15;0, DUNANT RUE HENRI ET R;M;4750059.0;-59009.0;490
201700029289;17;5;24;806;1;2;1;1.0;7.0;7;0, COLOMBIER CITE ET RUE;M;4745969.0;-52956.0;490
201700029303;17;6;2;2220;5;2;1;1.0;2.0;7;DOYENNE BOULEVARD ET PAS;M;4748758.0;-53764.0;490
201700029310;17;6;10;2050;1;2;2;1.0;3.0;7;BANCHAIS PASSAGE ET RUE;M;4747486.0;-53410.0;490
201700029311;17;6;9;1643;1;2;1;1.0;7.0;7;JAURES;M;4745390.0;-52555.0;490
201700029315;17;6;13;1613;1;2;1;1.0;7.0;7;CONSTITUTION AVENUE;M;4747881.0;-54831.0;490
201700029320;17;6;12;1730;1;2;3;1.0;3.0;7;0, CLEMENCEAU BOULEVARD;M;4747641.0;-56643.0;490
201700029321;17;6;14;1345;1;2;1;1.0;7.0;7;80, MENDES FRANCE PLACE;M;4744775.0;-50892.0;490
201700029322;17;6;15;930;1;2;6;1.0;3.0;7;0, ARBRISSEL;M;4744885.0;-57332.0;490
201700029324;17;6;16;852;1;2;1;1.0;3.0;7;00, COUBERTIN BOULEVARD;M;4743466.0;-53288.0;490
201700029325;17;6;17;935;1;2;1;1.0;7.0;7;23, PAUL BERT;M;4746558.0;-55188.0;490
201700029327;17;6;19;1653;1;2;6;1.0;6.0;353;0, MOULIN AVENUE;M;4744341.0;-48834.0;490
201700029329;17;6;20;1818;1;2;1;2.0;7.0;7;0, FOCH BOULEVARD;M;4746869.0;-54987.0;490
201700029330;17;6;21;558;1;2;1;1.0;6.0;246;00, GALLIENI AVENUE;M;4743637.0;-51770.0;490
201700029343;17;6;29;1321;1;2;1;1.0;7.0;7;56, PARCHEMINERIE;M;4747327.0;-55499.0;490
201700029349;17;7;4;950;1;2;1;1.0;7.0;7;0, AQUITAINE;M;4746305.0;-61557.0;490
201700029350;17;7;5;900;1;2;3;1.0;3.0;7;0, BERANGER;M;4747403.0;-53744.0;490
201700029356;17;7;13;1345;1;2;1;1.0;7.0;7;0, LETANDUERE;M;4745475.0;-55360.0;490
201700029358;17;7;16;149;5;2;1;1.0;7.0;7;BAUDRIERE;M;4747218.0;-55702.0;490
201700029362;17;7;18;835;1;2;1;1.0;7.0;7;6, LETANDUERE;M;4746362.0;-55530.0;490
201700029364;17;7;19;1830;1;1;1;2.0;7.0;7;10, CUSSONEAU;M;4746959.0;-52960.0;490
201700029370;17;7;23;1410;1;2;9;1.0;3.0;7;0, BON PASTEUR BOULEVARD;M;4747303.0;-57752.0;490
201700029382;17;8;9;1852;1;2;1;2.0;6.0;7;22, LETANDUERE;M;4746285.0;-55509.0;490
201700029383;17;8;10;1408;1;2;1;1.0;2.0;7;72, SAINT LEONARD;M;4746390.0;-53880.0;490
201700029393;17;8;20;1513;1;2;1;1.0;3.0;7;00, MONTRIEUX;M;4747793.0;-54612.0;490
201700029394;17;8;21;932;1;2;1;1.0;7.0;7;DEUX CROIX BOULEVARD;M;4747494.0;-52911.0;490
201700029399;17;8;26;1026;1;2;1;1.0;2.0;7;57, JAURES;M;4745694.0;-52332.0;490
201700029402;17;8;31;1900;1;2;1;1.0;6.0;7;17, CHAMP DE BATAILLE;M;4748192.0;-56690.0;490
201700029408;17;9;5;1955;1;2;1;1.0;7.0;7;0, BON PASTEUR BOULEVARD;M;4747317.0;-57773.0;490
201700029410;17;9;2;925;1;2;1;1.0;6.0;7;50, CHATENAY AVENUE VICT;M;4748421.0;-51815.0;490
201700029411;17;9;9;945;1;2;1;1.0;7.0;7;15747, LETANDUERE;M;4745403.0;-55345.0;490
201700029413;17;9;11;1745;1;2;6;1.0;3.0;353;0, RIOTTEAU;M;4744081.0;-49854.0;490
201700029416;17;9;13;1923;1;2;6;2.0;6.0;7;ARAGON AVENUE;M;4747195.0;-56688.0;490
201700029422;17;9;16;1741;1;2;6;1.0;6.0;7;0, DE LATTRE DE TASSIGNY;M;4745779.0;-54439.0;490
201700029423;17;9;15;1920;1;2;1;1.0;7.0;7;0, JEANNE D'ARC AVENUE;M;4746965.0;-54396.0;490
201700029428;17;9;20;1830;1;2;1;1.0;3.0;7;0, PATTON AVENUE;M;4747354.0;-58611.0;490
201700029429;17;9;21;407;5;2;1;1.0;7.0;7;0, PIN;M;4745819.0;-54495.0;490
201700029432;17;9;24;1530;1;2;1;1.0;7.0;7;41, PAUL BERT;M;4746512.0;-49432.0;490
201700029438;17;9;30;1700;1;2;1;1.0;7.0;7;9, CHAPERONNIERE;M;4747028.0;-55368.0;490
201700029439;17;10;3;1731;1;2;1;1.0;1.0;246;56, DAVID D'ANGERS;M;4743874.0;-53218.0;490
201700029442;17;10;4;1810;1;2;3;1.0;3.0;7;00, CORNE;M;4744445.0;-56937.0;490
201700029451;17;10;10;916;1;2;1;1.0;7.0;7;118, CHATEAU D'ORGEMONT;M;4744906.0;-54424.0;490
201700029452;17;10;12;1848;2;2;1;1.0;6.0;7;74, PATTON AVENUE;M;4747361.0;-58737.0;490
201700029453;17;10;12;1230;1;2;1;1.0;2.0;7;BELLE BEILLE;M;4746954.0;-60208.0;490
201700029458;17;10;20;658;5;2;1;1.0;6.0;15;00, MENDES FRANCE AVENUE;M;4750765.0;-59049.0;490
201700029459;17;10;16;827;2;2;1;1.0;6.0;7;00, CONTADES AVENUE;M;4746293.0;-55382.0;490
201700029460;17;10;16;2135;5;2;1;9.0;6.0;7;00, RABELAIS;M;4745953.0;-54569.0;490
201700029463;17;10;18;820;2;2;1;1.0;7.0;7;00, JERUSALEM;M;4747330.0;-53015.0;490
201700029464;17;10;17;957;1;2;1;1.0;3.0;7;12, JOXE AVENUE;M;4748145.0;-53007.0;490
201700029465;17;10;17;1735;1;2;6;1.0;3.0;246;00, ROHARD;M;4743372.0;-52912.0;490
201700029472;17;10;24;1624;1;2;2;1.0;3.0;7;00, CARNOT;M;4747453.0;-54666.0;490
201700029474;17;10;24;1926;5;2;6;1.0;3.0;7;00, DE LATTRE DE TASSIGN;M;4744824.0;-53858.0;490
201700029476;17;10;28;1325;1;2;1;1.0;7.0;7;54, GARDOT;M;4746837.0;-53291.0;490
201700029479;17;10;27;1740;1;2;1;1.0;7.0;7;47, PATTON AVENUE;M;4747367.0;-58386.0;490
201700029495;17;11;16;1827;4;2;1;1.0;6.0;7;00, PAJOTIN;M;4746360.0;-52985.0;490
201700029498;17;11;17;830;5;2;1;1.0;7.0;7;86, MAIL;M;4746382.0;-55032.0;490
201700029499;17;11;17;720;5;2;1;1.0;7.0;7;ARTILLEURS;M;4749195.0;-57216.0;490
201700029524;17;12;4;1041;1;2;1;1.0;3.0;7;273, SAUMUROISE IMPASSE;M;4745374.0;-52675.0;490
201700029526;17;12;2;15;5;2;6;1.0;7.0;7;00, MARIANNE BOULEVARD;M;4745253.0;-52410.0;490
201700029531;17;12;14;2001;5;2;2;1.0;3.0;7;00, VERDUN PONT;M;4747285.0;-55779.0;490
201700029538;17;12;17;1858;5;2;2;1.0;3.0;7;00, MOULIN BOULEVARD;M;4749093.0;-56263.0;490
201700029546;17;12;21;859;1;2;1;1.0;6.0;7;00, MAINE;M;4747702.0;-54806.0;490
201700029548;17;12;20;2125;5;2;6;1.0;3.0;7;00, COUBERTIN BOULEVARD;M;4746749.0;-52957.0;490
201700029558;17;2;8;1615;1;1;1;1.0;2.0;99;HIPPODROME (AVENUE DE L';M;4703542.0;-88479.0;490
201700029573;17;5;31;1015;1;2;1;1.0;6.0;99;36, MARNE (AVENUE DE LA);M;4705090.0;-88758.0;490
201700029575;17;6;8;1140;1;2;6;1.0;3.0;99;ARAYA (PLACE D');M;4705911.0;-90377.0;490
201700029579;17;7;4;1420;1;2;6;1.0;3.0;99;BICENTENAIRE DE 1793 (PL;M;4705548.0;-85939.0;490
201700029581;17;7;8;1145;1;2;6;1.0;3.0;99;GRAND-CHAMP (PLACE DE);M;4705084.0;-85013.0;490
201700029587;17;9;5;1620;1;2;1;8.0;6.0;99;MICHELET(AVENUE EDMOND);M;4707128.0;-84898.0;490
201700029624;17;9;16;1130;1;2;1;1.0;6.0;328;4, TOURS (ROUTE DE);M;4726580.0;-6718.0;490
201700029625;17;9;27;1725;1;2;2;1.0;3.0;328;PETON (AVENUE DU DOCTEUR;M;4725634.0;-7674.0;490
201700029638;17;1;19;1335;1;2;2;1.0;3.0;129;25 RUE ASSELIN;M;4963938.0;-163324.0;500
201700029654;17;2;19;1515;1;2;2;1.0;3.0;602;00, EST (BOULEVARD DE L';M;4963515.0;-158641.0;500
201700029656;17;3;3;1415;1;2;3;1.0;3.0;129;00, CRESPINIERE (RESIDEN;M;4962811.0;165329.0;500
201700029658;17;3;13;1630;1;2;3;1.0;2.0;129;07, COLLINS (PLACE LAWTO;M;4963960.0;161864.0;500
201700029660;17;3;16;945;1;2;2;1.0;7.0;173;00, SURCOUF (RUE);;;;500
201700029705;17;7;6;1215;1;2;1;1.0;1.0;129;00, FLANDRES (RUE DES);M;4962838.0;-162562.0;500
201700029710;17;7;18;1600;1;2;2;1.0;3.0;602;00, NORTHEIM (AVENUE DE);M;4964405.0;-158113.0;500
201700029714;17;8;3;1400;1;2;1;1.0;7.0;602;48, COUPLETS (ROUTE DES);M;4965268.0;155236.0;500
201700029717;17;8;8;1815;1;2;1;1.0;3.0;129;21, VILLETTE (RUE);M;4963157.0;160414.0;500
201700029722;17;8;18;1325;1;2;1;1.0;3.0;129;00, CRESPINIERE (CHEMIN;M;4962977.0;-165068.0;500
201700029731;17;9;8;1150;1;2;1;1.0;6.0;129;00, REPUBLIQUE (PLACE DE;M;4964211.0;-162557.0;500
201700029738;17;10;4;1815;1;2;1;1.0;3.0;416;000, COQUERIE (RUE DE LA;M;4966093.0;-169452.0;500
201700029740;17;10;5;555;3;2;1;1.0;2.0;129;00, ARTOIS (RUE DE L');M;4962889.0;-162858.0;500
201700029743;17;10;9;2000;5;2;2;1.0;3.0;129;000, POLLE (RUE DE LA);M;4964043.0;-164072.0;500
201700029745;17;10;10;1030;1;2;1;1.0;3.0;602;00, NORTHEIM (AVENUE DE);M;4964345.0;-158084.0;500
201700029748;17;10;19;1310;1;2;2;1.0;7.0;129;00, ATLANTIQUE (BOULEVAR;M;4962683.0;163682.0;500
201700029750;17;10;21;1955;5;2;2;1.0;3.0;416;00, PRES (RUE DES);M;4966184.0;-168583.0;500
201700029759;17;11;13;745;5;2;1;1.0;7.0;129;49, MONTEBELLO (RUE);M;4963736.0;-163127.0;500
201700029782;17;4;11;800;1;1;4;7.0;1.0;537;14, LA GALAISIERE;M;4904632.0;-142551.0;500
201700029794;17;1;5;1725;2;2;6;1.0;3.0;218;VENDEENS (AV DES);;;;500
201700029813;17;5;27;1145;1;2;1;1.0;3.0;218;SAINT GAUD (RUE);M;4883160.0;158320.0;500
201700029835;17;11;17;755;1;2;1;1.0;2.0;218;502, SAINT NICOLAS (RUE);M;;;500
201700029851;17;4;12;1430;1;2;6;1.0;1.0;502;MARNE;M;4911363.0;-108558.0;500
201700029891;17;7;10;1429;1;2;1;1.0;3.0;230;45 AVENUE PAUL CHANDON;M;4903814.0;395231.0;510
201700029901;17;1;3;1715;2;2;2;8.0;3.0;454;DIEU LUMIERE/ST JULIEN;M;4924306.0;404394.0;510
201700029913;17;1;19;1445;1;2;2;1.0;3.0;454;VESLE/POISSONNIERS;M;4925211.0;402513.0;510
201700029916;17;1;25;1440;1;2;6;1.0;3.0;454;PLACE MAURICE GABERTHON;M;4928552.0;402757.0;510
201700029929;17;2;15;830;1;2;3;1.0;3.0;454;BD DR ROUX/F. CERVEAUX;M;4923219.0;402359.0;510
201700029933;17;2;22;1750;1;2;1;1.0;3.0;454;RUE DES MOISSONS;M;4925203.0;404309.0;510
201700029964;17;4;10;845;1;2;6;1.0;3.0;454;12EME ESCADRE D'AVIATION;M;4927468.0;403310.0;510
201700029967;17;4;11;1825;1;2;1;1.0;3.0;454;BOULEVARD DES BELGES;M;4927522.0;401828.0;510
201700029970;17;4;15;1415;1;2;1;1.0;1.0;172;RUE DES LAPS;M;4921390.0;404690.0;510
201700030001;17;5;25;1800;1;2;1;1.0;3.0;454;RUE DE LOUVOIS;M;4923378.0;403341.0;510
201700030032;17;6;19;2015;1;2;2;1.0;3.0;454;RUE DE COURLANCY;M;4924564.0;401780.0;510
201700030033;17;6;21;1640;1;2;2;1.0;6.0;454;RUE ERNEST LEFEVRE;M;4926353.0;405610.0;510
201700030050;17;7;17;2155;2;2;1;1.0;6.0;454;02 ALLEE JS BACH;M;4923891.0;402069.0;510
201700030051;17;7;20;1100;1;2;6;1.0;3.0;454;RUE DE COURLANCY;M;4924215.0;402458.0;510
201700030056;17;8;9;1300;1;2;1;8.0;3.0;454;RUE DU GENERAL ESTIENNE;M;4925793.0;402484.0;510
201700030076;17;9;9;1200;1;2;1;2.0;3.0;454;RUE DU DOCTEUR LEMOINE;M;4926495.0;403944.0;510
201700030081;17;9;12;1250;1;2;2;1.0;3.0;454;RUE DE NICE;M;4925945.0;406306.0;510
201700030083;17;9;14;1330;1;2;1;8.0;1.0;454;AVENUE KENNEDY;M;4923410.0;400723.0;510
201700030086;17;9;22;1305;1;2;2;1.0;3.0;454;RUE CHABAUD;M;4925209.0;402515.0;510
201700030091;17;9;25;2000;5;2;1;1.0;3.0;454;AVENUE LEON BLUM;M;4922530.0;400950.0;510
201700030098;17;10;3;740;1;2;1;1.0;3.0;454;70 BD SAINT MARCEAUX;M;4925534.0;404614.0;510
201700030102;17;10;6;1720;1;2;2;1.0;3.0;454;LAON (AVENUE) DU Nø 2 A;M;4926320.0;402813.0;510