Num_Acc;an;mois;jour;hrmn;lum;agg;int;atm;col;com;adr;gps;lat;long;dep
201700030110;17;10;16;940;1;2;1;1.0;1.0;454;RUE PIERRE MEHAULT;M;4922579.0;402688.0;510
201700030117;17;10;29;2112;5;2;1;1.0;3.0;454;43 BOULEVARD FOCH;M;4925766.0;402622.0;510
201700030120;17;11;5;1755;5;2;1;1.0;1.0;454;RUE DU GENERAL BATTESTI;M;4927045.0;403120.0;510
201700030124;17;11;7;2200;5;2;2;1.0;3.0;454;RUE DE CHANZY;M;4925229.0;403211.0;510
201700030125;17;11;9;1130;1;2;1;1.0;3.0;454;4 RUE AUBERT;M;4924327.0;404441.0;510
201700030126;17;11;9;2240;5;2;2;1.0;3.0;454;RUE LIEUTENANT HERDUIN;M;4924923.0;403690.0;510
201700030139;17;11;21;850;1;2;2;1.0;3.0;454;54 RUE SAINT THIERRY;M;4926740.0;401750.0;510
201700030144;17;11;27;840;1;2;1;1.0;2.0;454;AVENUE DE PARIS;M;4924872.0;401386.0;510
201700030145;17;11;27;1350;1;2;2;2.0;1.0;573;AVENUE 29 AOUT 44;M;4925112.0;398499.0;510
201700030156;17;12;11;1310;1;2;6;1.0;2.0;474;1 RUE EMILE DRUART;M;4926839.0;399977.0;510
201700030179;17;1;30;1700;1;2;1;8.0;3.0;121;120, ALPHANDERY (RUE) PA;M;4809897.0;513478.0;520
201700030195;17;9;28;1640;1;2;1;1.0;3.0;121;65, CARNOT (AVENUE);M;4812018.0;513883.0;520
201700030206;17;7;4;1330;1;2;3;1.0;6.0;448;4, GODARD JEANSON (RUE);M;4863101.0;494798.0;520
201700030207;17;8;26;930;1;2;6;1.0;6.0;45;BAR LE DUC (ROUTE DE);M;4865673.0;496845.0;520
201700030224;17;8;9;1815;1;2;6;1.0;2.0;130;JAURES ( BOULEVARD JEAN;M;4806521.0;-79477.0;530
201700030248;17;10;16;1605;1;1;1;1.0;2.0;542;DEPARTEMENTALE 613;M;4921278.0;592175.0;540
201700030253;17;6;22;1210;1;2;1;7.0;2.0;159;47, ROSIERES (AVENUE DE);M;4860865.0;635263.0;540
201700030267;17;7;3;1840;1;2;1;1.0;1.0;451;40, CUTRY (ROUTE DE);M;4949806.0;575220.0;540
201700030273;17;11;28;1705;3;1;6;8.0;3.0;323;18 (ROUTE NATIONALE);M;4950971.0;571311.0;540
201700030284;17;1;4;20;5;2;1;2.0;3.0;395;15, POINCARE (RUE RAYMON;M;4869027.0;617280.0;540
201700030285;17;1;10;735;5;2;2;2.0;3.0;339;SAINT MICHEL (AVENUE);M;4870565.0;619852.0;540
201700030299;17;1;20;955;1;2;1;1.0;6.0;395;19, SERRE (RUE DE);M;4869150.0;617559.0;540
201700030311;17;1;26;710;2;2;2;1.0;3.0;395;METZ (RUE DE);;;;540
201700030319;17;1;31;2005;5;2;1;1.0;6.0;395;11, DUROC (RUE DU GENERA;;;;540
201700030334;17;2;17;1305;1;2;4;1.0;3.0;395;51, BOUFFLERS (AV. DE 74;;;;540
201700030340;17;3;3;1448;1;2;1;1.0;6.0;395;FABVIER (RUE DU GENERAL);;;;540
201700030359;17;3;18;1050;1;2;1;3.0;3.0;184;RD 674;M;4871462.0;624851.0;540
201700030365;17;3;24;1745;1;2;1;1.0;3.0;547;GEMBLOUX (RUE DE);;;;540
201700030370;17;3;25;1916;1;2;1;1.0;6.0;395;2/4, LEOPOLD (COURS);;;;540
201700030379;17;4;4;1425;1;2;1;1.0;3.0;395;MARIN (VIADUC LOUIS);M;4870012.0;618337.0;540
201700030387;17;4;9;150;5;2;2;1.0;3.0;395;JAURES (BOULEVARD JEAN);;;;540
201700030388;17;4;12;1440;1;1;1;1.0;3.0;184;AGINCOURT  (ANCIENNE ROU;;;;540
201700030393;17;4;15;120;5;2;3;1.0;2.0;395;136, LECLERC (AV. DU GEN;M;4867827.0;617921.0;540
201700030400;17;4;21;1850;1;2;1;1.0;3.0;395;PINCHARD (AVENUE - TAMAR;;;;540
201700030403;17;4;22;1800;1;2;3;1.0;3.0;357;METZ (ROUTE DE);;;;540
201700030417;17;5;6;1519;1;2;1;1.0;2.0;482;54, CARNOT (AVENUE);M;4870065.0;620836.0;540
201700030421;17;5;10;1010;1;2;3;1.0;3.0;395;SAINTE CATHERINE (RUE);;;;540
201700030445;17;6;1;820;1;2;2;1.0;3.0;395;DROUIN (RUE LES AUTRES N;M;4869057.0;618893.0;540
201700030448;17;6;2;1640;1;2;1;1.0;6.0;395;STANISLAS (RUE);M;4869202.0;617825.0;540
201700030450;17;6;5;1925;1;2;3;1.0;3.0;300;PATTON (RUE DU GENERAL);M;4865791.0;623044.0;540
201700030456;17;5;30;1847;1;2;2;1.0;3.0;395;METZ (RUE DE);M;4870018.0;617261.0;540
201700030464;17;6;10;1545;1;2;1;1.0;3.0;357;CROSNE-PROLONGE (RUE DU);M;4871014.0;617839.0;540
201700030466;17;6;13;830;1;2;4;1.0;3.0;395;MALZEVILLE (Rue de);M;4870471.0;618336.0;540
201700030470;17;6;16;1025;1;2;9;1.0;6.0;184;SAULXURES (AVENUE DE);M;4870700.0;624617.0;540
201700030475;17;6;18;1745;1;2;1;1.0;3.0;482;NOUE (RUE DE LA);M;4870397.0;621503.0;540
201700030486;17;6;23;1820;1;2;2;1.0;3.0;395;DAUM (RUE DU COLONEL PAU;M;4869750.0;619656.0;540
201700030487;17;6;26;855;1;2;1;1.0;2.0;184;SAULXURES (AVENUE DE);M;4870737.0;624476.0;540
201700030488;17;6;27;915;1;2;2;1.0;3.0;395;VILLERS (RUE DE);M;4868320.0;616621.0;540
201700030495;17;7;1;810;1;2;6;1.0;3.0;184;BRIGACHTAL (AVENUE DE);M;4870833.0;624436.0;540
201700030503;17;7;11;1804;1;2;2;1.0;3.0;395;LEOPOLD (COURS);M;4869671.0;617463.0;540
201700030515;17;7;4;1940;1;2;2;1.0;3.0;184;BRIGACHTAL (AVENUE DE);M;4870310.0;622797.0;540
201700030516;17;7;21;2145;1;2;3;1.0;6.0;395;HENRY (RUE DES FRERES);M;4869836.0;617774.0;540
201700030521;17;7;18;1920;1;2;1;1.0;3.0;547;CHARLES DE GAULLE (ROND;M;4866292.0;617249.0;540
201700030526;17;8;7;1925;1;2;2;1.0;1.0;395;ARC ( RUE JEANNE D'N;M;4868666.0;617134.0;540
201700030529;17;8;9;915;1;2;3;1.0;3.0;395;LEOPOLD (COURS);M;4869568.0;617664.0;540
201700030532;17;8;9;1455;1;2;2;1.0;3.0;395;JAURES (BOULEVARD JEAN);M;4868063.0;617893.0;540
201700030547;17;8;24;1925;1;2;1;1.0;3.0;274;16, RAMEAU (RUE JEAN PHI;M;4867030.0;620901.0;540
201700030556;17;8;29;1630;1;2;3;1.0;3.0;339;LECLERC (AVENUE ET IMPAS;M;4871678.0;618420.0;540
201700030569;17;9;17;1825;1;2;3;1.0;3.0;395;BOUFFLERS (AVENUE) DE 2;M;4868911.0;616143.0;540
201700030575;17;9;22;1525;1;2;1;1.0;6.0;395;CROSNE (RUE DU);M;4870481.0;618332.0;540
201700030582;17;9;29;715;2;2;1;1.0;3.0;184;SAULXURES (AVENUE DE);M;4870398.0;624620.0;540
201700030588;17;10;4;1305;1;2;1;1.0;3.0;395;SABLES (RUE DES);M;4868728.0;619892.0;540
201700030589;17;10;4;1400;1;2;1;1.0;3.0;395;BROT (Rue Marcel);M;4867643.0;620611.0;540
201700030604;17;10;16;1712;1;2;3;1.0;3.0;395;VILLERS (RUE DE);M;4868522.0;616648.0;540
201700030605;17;10;16;1825;1;2;1;1.0;3.0;526;14, MOUILLERON (RUE GABR;M;4867841.0;622172.0;540
201700030609;17;10;20;2000;5;2;1;1.0;5.0;578;123, LECLERC (AVENUE DU;M;4867551.0;615245.0;540
201700030619;17;10;17;1330;1;2;3;1.0;3.0;274;30, DE GAULLE (AVENUE DU;M;4865970.0;620669.0;540
201700030622;17;11;4;1450;1;2;3;1.0;3.0;395;AUXONNE (RUE D');M;4869973.0;616530.0;540
201700030623;17;11;8;745;1;2;3;1.0;6.0;395;133, LECLERC (AV. DU GEN;M;4867453.0;617539.0;540
201700030629;17;11;13;1805;5;2;3;1.0;3.0;304;DEROULEDE (AVENUE PAUL);M;4868458.0;615396.0;540
201700030630;17;11;8;1200;1;2;1;9.0;6.0;395;BONSECOURS (RUE DE);M;4867480.0;619583.0;540
201700030637;17;11;22;925;1;2;3;1.0;3.0;395;AIGUILLETTES  (BD DES);M;4866834.0;616215.0;540
201700030644;17;11;19;2235;5;2;7;1.0;6.0;547;VELODROME (CARREFOUR DU);M;4866650.0;616655.0;540
201700030735;17;4;5;1815;1;1;1;1.0;1.0;545;1, DIEU DU TRICE ( ALLEE;M;4915200.0;538397.0;550
201700030745;17;9;17;855;1;2;1;1.0;7.0;545;35, POINCARE (DU PRESIDE;M;4915800.0;530000.0;550
201700030747;17;12;12;1320;1;2;3;1.0;1.0;545;KENNEDY ( AVENUE DU PRES;M;4914602.0;539143.0;550
201700030770;17;2;1;800;5;2;2;2.0;3.0;121;11, CHAZELLES ( COURS LO;M;4775485.0;-336326.0;560
201700030772;17;2;4;1833;5;2;3;2.0;3.0;162;0, FORT BLOQUE (RUE DU);M;4773769.0;-343922.0;560
201700030780;17;2;22;1640;1;2;1;8.0;6.0;121;16, CHAZELLES ( COURS LO;M;4775511.0;-336326.0;560
201700030791;17;3;10;759;1;2;6;5.0;3.0;121;55, MONISTROL (RUE);M;4773643.0;-338301.0;560
201700030799;17;3;19;1245;1;2;1;1.0;6.0;162;0, PLAGES (RUE DES);M;4773037.0;-343196.0;560
201700030832;17;5;8;1447;1;2;6;1.0;3.0;121;01, FRANCE ( AVE ANATOLE;M;4774664.0;-336626.0;560
201700030838;17;5;15;840;1;2;1;1.0;6.0;121;76, DE GAULLE ( AVE DU G;M;4774138.0;-337284.0;560
201700030848;17;5;30;1040;1;2;2;1.0;3.0;121;26, CARNOT (RUE  LAZARE;M;4774268.0;-336069.0;560
201700030859;17;6;13;955;1;2;1;1.0;6.0;121;18, VERDUN (RUE  DE );M;4775805.0;-336519.0;560
201700030869;17;6;29;1915;1;2;1;1.0;1.0;98;25, ROBESPIERRE (RUE MAX;M;4776991.0;-334252.0;560
201700030884;17;7;24;1700;1;2;1;1.0;6.0;121;61, BLUM ( BD LEON );M;4774802.0;-337490.0;560
201700030885;17;7;25;1500;1;2;1;1.0;2.0;121;0, MARNE ( AV DE LA );M;4774358.0;-336820.0;560
201700030892;17;8;10;1325;1;2;6;1.0;3.0;121;91, MONISTROL (RUE);M;4773352.0;-338526.0;560
201700030896;17;8;18;1815;1;2;6;1.0;3.0;121;14, LECLERC ( BD GENERAL;M;4774994.0;-336640.0;560
201700030908;17;9;9;1648;1;2;3;1.0;3.0;98;29, COMBES (RUE  EMILE );M;4777096.0;-334594.0;560
201700030929;17;10;6;1827;1;2;3;1.0;3.0;121;0, BOLLARDIERE (RUE  GEN;M;4775617.0;-339118.0;560
201700030932;17;10;13;1840;1;2;1;1.0;3.0;121;55, MONISTROL (RUE);M;4773671.0;-338294.0;560
201700030946;17;10;30;1620;1;2;6;1.0;3.0;121;0, BIR-HAKEIM ( RD-PT );M;4773929.0;-338032.0;560
201700030947;17;11;1;125;5;2;3;1.0;6.0;121;7, CLAIRAMBAULT (RUE CHA;M;4774820.0;-335771.0;560
201700030959;17;11;16;1430;1;2;6;1.0;3.0;107;0, DE GAULLE (GENERAL);M;4770690.0;-338385.0;560
201700030961;17;11;19;420;5;2;1;1.0;7.0;121;87, COSMAO-DUMANOIR ( BD;M;4775322.0;-337555.0;560
201700030971;17;11;30;830;2;2;2;1.0;3.0;98;20, CURIE (RUE  PIERRE E;M;4775602.0;-334309.0;560
201700030975;17;12;1;2010;5;2;3;1.0;3.0;121;4, JAURES ( AVE JEAN );M;4774532.0;-336967.0;560
201700030976;17;12;2;1353;1;2;6;8.0;3.0;121;42, KERVENANEC (RUE  DE;M;4773776.0;-339119.0;560
201700031006;17;9;29;1350;1;2;1;1.0;6.0;111;Avenue pasteur;M;4393303.0;371042.0;340
201700031033;17;3;1;1545;1;2;2;1.0;5.0;260;PAIX(BLD DE LA) 111 A 11;M;4766131.0;-275711.0;560
201700031044;17;5;23;1820;1;2;1;1.0;6.0;260;JUIN(AVENUE DU MARECHAL);M;4764175.0;-276111.0;560
201700031047;17;6;4;1000;1;2;2;1.0;3.0;260;., RESISTANCE(BLD DE LA);M;4764622.0;-278018.0;560
201700031049;17;6;19;1845;1;2;2;1.0;3.0;260;., HUGO(AVENUE VICTOR) 3;M;4766131.0;-275710.0;560
201700031051;17;6;14;2022;1;2;1;1.0;3.0;260;., SAINTE-ANNE(ROUTE);M;4766446.0;-278120.0;560
201700031055;17;7;20;2015;2;1;1;1.0;2.0;260;181, JAURES(RUE JEAN);M;4763320.0;-274560.0;560
201700031058;17;8;25;1725;1;2;1;1.0;2.0;260;., BERTHELOT(RUE MARCELI;M;4766559.0;-278741.0;560
201700031061;17;9;30;955;1;2;6;1.0;3.0;260;., ILES(BOULEVARD DES);M;4765307.0;-278328.0;560
201700031069;17;12;19;1115;1;2;3;1.0;3.0;260;., JAURES(RUE JEAN);M;4764870.0;-275468.0;560
201700031101;17;7;14;945;1;1;1;1.0;6.0;2;La Choque;M;4450332.0;-5213.0;330
201700031112;17;2;14;1406;1;2;5;1.0;3.0;81;RD230 /chemin des Baries;M;4463493.0;-30851.0;330
201700031117;17;4;11;1845;1;2;9;1.0;3.0;65;impasse de la savane;M;4364847.0;-144393.0;400
201700031120;17;9;8;1115;1;2;6;1.0;3.0;304;avenue des cigognes;M;4366927.0;-143949.0;400
201700031121;17;9;20;1910;1;2;3;1.0;3.0;65;LATTRE DE TASSIGNY (BD);M;4364411.0;-143284.0;400
201700031122;17;11;22;908;1;2;6;7.0;3.0;65;Boulevard des Cigales;M;4364075.0;-142721.0;400
201700031139;17;2;22;745;1;2;4;2.0;3.0;597;GRAND'RUE;M;4925536.0;606078.0;570
201700031146;17;8;30;1954;1;2;1;1.0;2.0;283;80, METZ (RUE DE);M;4925006.0;617002.0;570
201700031155;17;1;11;1645;2;2;3;2.0;3.0;463;00, TILLEULS (RUE DES );M;4913018.0;621085.0;570
201700031156;17;1;12;1650;2;2;4;1.0;3.0;463;0, ANDRE MAGINOT (BOULEV;M;4911922.0;618409.0;570
201700031160;17;1;28;1720;5;2;1;1.0;3.0;463;0, JOFFRE  (AVENUE );M;4911186.0;617114.0;570
201700031177;17;3;27;1050;1;2;2;1.0;1.0;463;00, GEORGES DUCROCQ (RUE;M;4910072.0;618854.0;570
201700031208;17;6;24;1342;1;2;3;1.0;3.0;463;00, LIMOUSIN (RUE DU );M;4911204.0;621840.0;570
201700031219;17;8;7;1935;1;2;2;1.0;3.0;447;00, RD5b;M;4907232.0;613955.0;570
201700031230;17;9;24;1825;1;2;1;1.0;6.0;480;12, COUVENTS (RUE DES );M;4910369.0;615215.0;570
201700031233;17;10;3;910;1;2;4;1.0;3.0;463;00, SABLON (PASSAGE DU );M;4910687.0;617190.0;570
201700031237;17;10;20;715;5;2;3;2.0;3.0;463;0, AU BOIS (RUE);M;4907895.0;618917.0;570
201700031240;17;11;15;1545;1;2;2;1.0;3.0;463;00, ARENES (RUE AUX);M;4910867.0;618005.0;570
201700031242;17;11;21;735;5;2;1;2.0;3.0;463;34, LORRY (ROUTE DE );M;4913058.0;615831.0;570
201700031263;17;9;15;1135;1;2;1;1.0;2.0;630;44, SARREGUEMINES;M;4874721.0;706384.0;570
201700031266;17;10;19;510;5;2;1;1.0;6.0;630;69, ENTENTE (DE L');M;4874270.0;705233.0;570
201700031268;17;3;27;1850;1;2;1;1.0;2.0;631;75, FOLPERSVILLER (RUE D;M;4912352.0;710573.0;570
201700031270;17;6;16;1205;1;2;1;1.0;3.0;631;14, SCHAAFF (RUE);M;4911856.0;707400.0;570
201700031285;17;4;17;1730;1;2;6;1.0;3.0;757;61, KUNTZIG (RUE DE);M;4934919.0;620352.0;570
201700031288;17;5;9;1720;1;2;1;1.0;3.0;672;1, ESCH SUR ALZETTE ROU;M;4935666.0;614299.0;570
201700031289;17;5;10;1411;1;1;3;1.0;3.0;306;CD 17;M;4931492.0;605730.0;570
201700031294;17;5;24;1945;1;2;6;1.0;6.0;672;1, ROBERT SCHUMANN (BOUL;M;4935309.0;617479.0;570
201700031295;17;5;26;910;1;2;1;1.0;6.0;672;13, LINKLING (RUE DU);M;4935223.0;613857.0;570
201700031296;17;5;26;1705;1;2;6;1.0;3.0;221;1, GRAND'RUE;M;4932213.0;611406.0;570
201700031304;17;7;4;1138;1;1;6;1.0;3.0;221;1, D 653;M;4934388.0;611547.0;570
201700031306;17;7;16;1915;1;2;1;1.0;3.0;672;23, PEPIN LE BREF (RUE);M;4936452.0;617218.0;570
201700031317;17;8;29;1635;1;2;3;1.0;3.0;647;12, GAULLE (RUE CHARLES;M;4931872.0;610234.0;570
201700031325;17;10;12;1220;1;2;1;1.0;6.0;757;1, REPUBLIQUE (RUE DE LA;M;4935271.0;619922.0;570
201700031326;17;10;13;1700;1;2;3;1.0;3.0;647;10, GAULLE (RUE CHARLES;M;4931878.0;610245.0;570
201700031329;17;10;20;1500;1;2;1;1.0;6.0;672;26, CASTELNAU (RUE DE);M;4935230.0;616058.0;570
201700031336;17;11;24;1800;5;2;3;2.0;3.0;672;1, BOISMORTIER (RUE DE);M;4936640.0;615740.0;570
201700031342;17;12;22;1530;1;2;1;1.0;6.0;672;1, ARLON (ROUTE DE);M;4935845.0;613094.0;570
201700031355;17;8;15;930;1;2;1;1.0;7.0;362;D268;M;4174982.0;917061.0;201
201700031360;17;2;21;735;2;1;3;1.0;3.0;1;barraud;M;4502408.0;-15053.0;330
201700031363;17;6;16;2130;2;2;1;1.0;1.0;138;LIEU-DIT L'ATELIER.;M;4505027.0;-11741.0;330
201700031383;17;1;10;1755;2;2;1;1.0;6.0;194;sans, PIERRE BEREGOVOY;M;4698000.0;315000.0;580
201700031409;17;4;13;2210;5;2;1;1.0;6.0;194;SANS, JEROME TRESAGUET;;;;580
201700031412;17;5;16;1845;1;2;1;1.0;3.0;194;SANS, SAINT EXUPERY (BOU;M;4700353.0;315915.0;580
201700031419;17;6;8;1000;1;2;1;1.0;7.0;194;32 bis, LOURDES;M;4699146.0;315614.0;580
201700031423;17;6;28;1635;1;2;1;1.0;7.0;194;sans, QUATRE FILS AYMON;M;4698000.0;316000.0;580
201700031428;17;6;30;835;1;2;6;2.0;3.0;194;SANS, RENE MARLIN (CARRE;M;4699995.0;315543.0;580
201700031430;17;7;24;550;5;2;3;1.0;1.0;194;SANS, SAINT BENIN;M;4698610.0;314950.0;580
201700031439;17;8;8;1625;1;2;1;1.0;6.0;194;SANS, CHARLEVILLE;M;4698930.0;315042.0;580
201700031456;17;10;28;1255;1;2;3;1.0;3.0;194;SANS, GONZAGUE;M;4698576.0;315276.0;580
201700031458;17;11;2;1330;1;2;1;1.0;2.0;194;sans, CROIX JOYEUSE (CAR;M;4699000.0;316000.0;580
201700031462;17;11;22;1200;1;2;6;1.0;7.0;194;SANS, RENE MARLIN (CARRE;M;4699980.0;315551.0;580
201700031463;17;11;24;1025;1;2;3;1.0;7.0;194;29, PREFECTURE;M;4699000.0;316000.0;580
201700031466;17;12;4;1230;1;2;1;1.0;2.0;194;12, GENERAL DE GAULLE;M;4698000.0;315000.0;580
201700031484;17;11;26;1740;3;1;1;1.0;2.0;436;RD 922;M;4913270.0;226360.0;950
201700031487;17;6;26;1500;1;2;1;1.0;6.0;480;CHEMIN DU HALAGE;M;4912410.0;221670.0;950
201700031517;17;7;2;1140;1;2;1;2.0;6.0;431;22, VANUXEEM (RUE DU DOC;M;5070392.0;283831.0;590
201700031524;17;9;6;750;1;2;1;7.0;3.0;17;RESISTANTS (RUE DES );M;5069288.0;286900.0;590
201700031549;17;6;7;1555;1;2;1;1.0;3.0;616;1477, RUE ANTOINE LEFEBV;M;5047785.0;358026.0;590
201700031576;17;6;25;1740;1;2;3;1.0;3.0;172;1, PETIT (R. LOUIS);M;5032145.0;338051.0;590
201700031591;17;12;8;825;2;2;3;9.0;3.0;574;SALENGRO ROGER(RUE);M;5037010.0;327925.0;590
201700031599;17;2;5;1145;1;2;6;2.0;3.0;509;17, JAURES (RUE JEAN);M;5041920.0;310536.0;590
201700031624;17;6;14;1110;1;2;1;1.0;3.0;509;10, HUGO (RUE VICTOR);M;5041562.0;310730.0;590
201700031630;17;7;27;1940;1;2;1;1.0;6.0;569;940, VALLES (SQUARE JULE;M;5034368.0;310525.0;590
201700031636;17;9;13;1205;1;2;1;1.0;3.0;185;CHAPELLE (RUE DE LA);M;5033663.0;320900.0;590
201700031644;17;10;13;1350;1;2;1;1.0;3.0;178;194, TOURNAI (ROUTE DE);M;5039217.0;310780.0;590
201700031653;17;1;16;2205;5;2;2;9.0;1.0;183;KLEBER - AVENUE;;;;590
201700031679;17;8;30;1215;1;2;3;2.0;3.0;271;ANCIEN VILLAGE - AVENUE;M;5101024.0;229051.0;590
201700031705;17;1;2;1935;5;2;1;1.0;6.0;350;11, BLEUETS PLACE AUX;M;5064105.0;306788.0;590
201700031716;17;1;9;1830;2;1;1;8.0;3.0;350;, MOLINEL RUE NøIMPAIRS;M;5063296.0;306476.0;590
201700031723;17;1;18;830;1;2;3;1.0;3.0;378;NATIONALE RUE;M;5066266.0;307470.0;590
201700031733;17;2;27;815;1;2;3;1.0;3.0;507;JAURES JEAN AVENUE;;;;590
201700031753;17;4;10;2050;2;2;3;1.0;1.0;328;BOIS AVENUE DU;M;5064811.0;304458.0;590
201700031773;17;6;25;100;3;2;1;1.0;1.0;378;645, REPUBLIQUE AV DE LA;M;5065927.0;309274.0;590
201700031777;17;7;12;2000;1;2;1;1.0;6.0;350;, BRANDT WILLY AVENUE;M;5063695.0;307265.0;590
201700031780;17;7;11;1820;1;2;4;1.0;1.0;350;LEZENNES BOULEVARD DE;M;5061793.0;310403.0;590
201700031795;17;8;27;1035;1;1;1;1.0;3.0;350;SCHUMAN ROBERT BOULEVARD;M;5064861.0;306861.0;590
201700031802;17;9;23;1;5;1;1;1.0;4.0;560;MULLIER JEAN BAPTISTE RU;M;5053741.0;305125.0;590
201700031809;17;9;30;1445;1;2;1;1.0;4.0;378;BAILLY ALBERT RUE;M;5068830.0;310850.0;590
201700031829;17;10;3;945;1;2;9;1.0;3.0;350;LEZENNES BOULEVARD DE;M;5061785.0;310300.0;590
201700031839;17;10;8;1600;1;2;3;1.0;6.0;350;FAUBOURG DE ROUBAIX RUE;M;5064229.0;308887.0;590
201700031854;17;11;30;1700;5;2;7;2.0;3.0;9;PASTEUR RUE;M;5062650.0;314990.0;590
201700031855;17;11;30;1745;2;2;1;2.0;1.0;410;FAIDHERBE RUE;M;5064030.0;311220.0;590
201700031886;17;2;7;1600;1;2;3;2.0;3.0;339;FLANDRES (RESIDENCE);;;;590
201700031888;17;7;19;1750;1;1;1;1.0;7.0;339;PECHEURS (ALLEE DES);M;5068945.0;323530.0;590
201700031896;17;3;15;1235;1;2;6;1.0;6.0;650;COUTEAUX (BOULEVARD DES);M;5070670.0;317977.0;590
201700031921;17;4;29;1704;1;2;1;1.0;6.0;512;12, COQ FRANCAIS (RUE DU;M;5068515.0;318203.0;590
201700031926;17;5;15;1735;1;2;1;1.0;3.0;650;00000, EGALITE (BOULEVAR;M;5070986.0;319308.0;590
201700031939;17;6;13;1630;1;2;1;1.0;1.0;512;SARTEL (QUAI DU);M;5069333.0;320020.0;590
201700031940;17;6;14;1755;1;2;6;1.0;3.0;646;ARLETTE GRUSS (RdPt);M;5068302.0;312837.0;590
201700031947;17;6;29;1410;1;2;2;1.0;3.0;512;COLMAR (BOULEVARD DE);M;5069296.0;318873.0;590
201700031955;17;7;24;2100;1;1;1;1.0;3.0;512;0000000000, LIMITE (RUE;M;5060000.0;310000.0;590
201700031958;17;7;29;1615;1;2;1;1.0;3.0;650;199, PATRIOTES (RUE DES);M;5070555.0;319812.0;590
201700031963;17;8;16;1430;1;2;1;1.0;3.0;512;SARTEL (QUAI DU);M;5069297.0;319739.0;590
201700031975;17;8;13;1325;1;2;1;1.0;3.0;512;0000000000, METZ (BOULEV;M;5070470.0;318031.0;590
201700031999;17;11;27;2220;5;2;1;2.0;1.0;163;EUROPE (RUE DE L');M;5067391.0;314024.0;590
201700032007;17;12;14;1630;1;2;3;2.0;3.0;650;PATRIOTES (RUE DES);M;5070830.0;319547.0;590
201700032023;17;1;9;1400;1;1;6;1.0;3.0;152;WERWICQ (RUE DE);M;5076725.0;303045.0;590
201700032039;17;4;3;1210;1;2;2;1.0;1.0;599;DRAGON (RUE DU);M;5072017.0;314935.0;590
201700032053;17;6;12;715;1;2;6;1.0;1.0;599;JOFFRE (AVENUE MARECHAL);M;5071892.0;317009.0;590
201700032087;17;11;23;1540;1;2;2;1.0;3.0;599;TESTELIN (RUE ACHILLE);M;5073298.0;318198.0;590
201700032092;17;12;19;1355;1;2;1;1.0;3.0;599;GRAMME (CHAUSSEE);M;5073742.0;316527.0;590
201700032113;17;1;8;100;5;2;2;5.0;3.0;606;00, REIMS (AVENUE DE);;;;590
201700032117;17;2;3;730;5;2;1;1.0;6.0;606;00, POMPIDOU (AVENUE GEO;M;5034951.0;351949.0;590
201700032120;17;3;22;1800;1;2;1;1.0;3.0;459;0.0, 19 MARS 1962;M;5037843.0;347338.0;590
201700032122;17;3;16;730;1;2;1;1.0;6.0;606;00, DENTELLIERES (AVENUE;M;5035602.0;351937.0;590
201700032127;17;3;28;745;5;1;2;1.0;3.0;14;0, MATHIEU (RUE PIERRE);M;5037117.0;350758.0;590
201700032136;17;4;2;1835;1;2;6;1.0;6.0;606;00, FAIDHERBE (AVENUE);M;5035677.0;350472.0;590
201700032139;17;6;7;1100;1;2;1;1.0;3.0;160;48, DEPORTES (RUE DES);M;5040466.0;366585.0;590
201700032144;17;6;19;1400;1;1;1;1.0;2.0;369;00, VANDERBECQ (RUE PIER;M;5031075.0;349916.0;590
201700032190;17;12;5;1100;1;2;6;1.0;6.0;606;00, CARPEAUX (PLACE);M;5036011.0;351701.0;590
201700032199;17;7;22;1645;1;2;2;1.0;1.0;112;avenue du Général de gau;M;4791428.0;720904.0;680
201700032217;17;5;26;1430;1;1;1;1.0;7.0;203;RD 15;M;4790241.0;728594.0;680
201700032228;17;10;14;1550;1;1;3;1.0;1.0;343;Chemin du Grosswald;M;4785190.0;728367.0;680
201700032232;17;11;22;1538;1;2;2;1.0;3.0;159;RUE DE THIERENBACH;M;4788405.0;719514.0;680
201700032254;17;6;17;1040;1;2;6;1.0;3.0;194;avenue de villefranche;M;4734209.0;174907.0;410
201700032259;17;9;26;1600;1;1;1;1.0;1.0;68;D63;M;4748499.0;164595.0;410
201700032288;17;7;5;1246;1;2;7;1.0;1.0;57;1, PLOUY SAINT LUCIEN (P;M;4947085.0;208303.0;600
201700032289;17;7;9;1310;1;2;9;1.0;3.0;57;8 MAI 1945 (AVENUE DU);M;4944286.0;209236.0;600