Num_Acc;an;mois;jour;hrmn;lum;agg;int;atm;col;com;adr;gps;lat;long;dep
201700032299;17;8;16;2022;2;2;1;1.0;3.0;57;21, ERMITAGE (L');M;4945335.0;207325.0;600
201700032316;17;3;19;1450;1;1;1;8.0;3.0;357;route départementale 768;M;4855357.0;-219320.0;220
201700032322;17;9;23;1115;1;1;3;1.0;2.0;172;Carrefour D768-D19;M;4853754.0;-222424.0;220
201700032325;17;11;21;1515;1;1;1;1.0;7.0;48;D68;M;4848689.0;-219554.0;220
201700032328;17;7;26;1620;1;1;1;1.0;7.0;188;CD712, La barricade;M;4852175.0;-287337.0;220
201700032356;17;8;18;1420;1;2;3;1.0;3.0;382;211, JOFFRE (MARECHAL);M;4942438.0;281559.0;600
201700032362;17;11;28;830;4;2;6;1.0;7.0;159;CROIX-ROUGE (CARREFOUR D;M;4940448.0;281082.0;600
201700032377;17;5;4;515;5;2;9;1.0;3.0;175;GAMBETTA (RUE);M;4926273.0;247405.0;600
201700032396;17;4;5;941;1;1;1;1.0;3.0;88;zone prato plage 1;M;4402641.0;505022.0;840
201700032426;17;11;16;1529;1;2;2;1.0;3.0;225;BOULEVARD DE L'EUROPE;M;4586405.0;594033.0;740
201700032431;17;2;8;1840;5;2;1;1.0;1.0;1;30, AMPERE (RUE);M;4844135.0;9229.0;610
201700032436;17;6;26;105;5;2;1;1.0;6.0;1;GENERAL LECLERC (AVENUE;M;4841670.0;8955.0;610
201700032438;17;7;6;1241;1;2;1;1.0;7.0;1;10, FRESNAY (RUE DE );M;4842792.0;8515.0;610
201700032441;17;7;29;1558;1;2;1;1.0;3.0;1;28, PUITS AU VERRIER (IM;M;4843503.0;8624.0;610
201700032445;17;2;3;1805;5;2;3;2.0;5.0;6;1, PARIS (AVENUE DE) Nø;M;4874882.0;-1279.0;610
201700032449;17;7;13;1535;1;2;6;1.0;3.0;6;aucun, ALMENECHES (ROUTE;M;4874006.0;-901.0;610
201700032454;17;9;29;1900;2;2;1;2.0;7.0;6;03 ter, REPUBLIQUE (RUE;M;4874222.0;-2522.0;610
201700032461;17;1;11;915;1;2;1;1.0;2.0;90;boulevard de la corderie;M;4559645.0;-5442.0;160
201700032479;17;8;18;1800;1;2;1;1.0;1.0;10;CHEMIN DES MARAIS;M;4610704.0;-111581.0;170
201700032491;17;9;3;1000;1;1;1;1.0;7.0;454;"Sentier ""Le Chene St Luc";M;4938911.0;232848.0;600
201700032502;17;3;30;1035;1;2;1;1.0;6.0;41;27, LIBERTE ( BOULEVARD;M;5029690.0;276701.0;620
201700032520;17;4;16;1030;1;1;1;1.0;7.0;516;1, CARLUY- RUE DU PETIT-;M;5058471.0;247740.0;620
201700032542;17;11;22;1548;1;2;6;1.0;6.0;108;ROND POINT DU MARQUENTER;M;5040372.0;159613.0;620
201700032554;17;6;12;1000;1;2;1;1.0;3.0;401;233, LENS ( ROUTE DE );M;5050524.0;280855.0;620
201700032590;17;1;18;1500;1;2;1;1.0;3.0;178;224, PEGOUD;M;5046789.0;254783.0;620
201700032604;17;10;10;1300;1;2;2;1.0;6.0;178;445, BASLY ( EMILE );M;5021066.0;274877.0;620
201700032624;17;6;17;830;1;2;2;1.0;1.0;193;ROYALE;M;5095882.0;184928.0;620
201700032650;17;12;23;415;5;2;1;1.0;2.0;193;VERDUN (RUE DE);M;5094557.0;183775.0;620
201700032657;17;11;22;1245;1;2;4;1.0;3.0;215;SANS, EVRARD (R FLORENT;M;5048448.0;294254.0;620
201700032658;17;11;21;1400;1;2;2;8.0;3.0;427;00, PERI (BD GABRIEL);M;5041928.0;293116.0;620
201700032675;17;12;13;925;1;2;6;2.0;3.0;724;00, FOSSE DEUX ( BOULEVA;M;5040191.0;290666.0;620
201700032686;17;3;9;1700;1;2;1;1.0;6.0;413;82, FUSILLES (R DES);M;5044506.0;290708.0;620
201700032705;17;4;24;1830;1;1;1;1.0;3.0;65;53, SEMARD PIERRE;M;5041492.0;284349.0;620
201700032713;17;4;14;1730;1;2;2;1.0;3.0;510;sans, BEDART (R JULES);M;5041844.0;277897.0;620
201700032717;17;3;19;1725;1;2;1;1.0;3.0;510;SANS, DUTEMPLE (R );M;5043196.0;275484.0;620
201700032719;17;5;9;1310;1;2;1;1.0;3.0;842;.sans, ZI (BOIS RIGAULT);M;5045862.0;283771.0;620
201700032724;17;6;27;1340;1;2;1;1.0;6.0;907;RN 17;M;5048816.0;299135.0;620
201700032742;17;5;17;2130;2;2;1;1.0;1.0;510;SANS, HOCHE (R);M;5041651.0;277227.0;620
201700032750;17;7;4;1905;1;2;2;1.0;3.0;528;SANS, MASSENA (R);M;5045523.0;280253.0;620
201700032751;17;7;7;1400;1;2;3;1.0;6.0;186;SANS, BEUGNET (R CASIMIR;M;5042622.0;272118.0;620
201700032752;17;7;19;2050;1;2;3;1.0;3.0;498;FENELON (R );M;5044660.0;281464.0;620
201700032764;17;8;1;1115;1;2;1;1.0;7.0;907;., OEILLETS (R DES);M;5047685.0;301506.0;620
201700032768;17;10;15;1830;2;1;6;1.0;5.0;570;DROITS DE L'ENFANT  (RON;M;5040480.0;287430.0;620
201700032808;17;5;25;2050;1;2;2;1.0;3.0;826;DESVRES (RUE);M;5052791.0;158890.0;620
201700032834;17;5;12;1755;1;2;4;1.0;3.0;113;., ORADOU (RUE DE L');M;4576841.0;310459.0;630
201700032890;17;2;6;2020;3;2;1;2.0;2.0;24;BOULEVARD DU BAB;M;4349370.0;-152090.0;640
201700032895;17;2;16;1600;1;2;2;1.0;3.0;24;AVENUE DE MONTBRUN;M;4350370.0;-150390.0;640
201700032900;17;3;18;1705;1;2;1;1.0;7.0;102;AV DES ALLEES MARINES;M;4349528.0;-147844.0;640
201700032905;17;3;31;650;5;2;1;1.0;3.0;102;DUVERGIER DE HAURANNE;M;4348428.0;-146631.0;640
201700032920;17;5;3;1400;1;2;6;1.0;3.0;24;ROND POINT DOC LACROIX;M;4347763.0;-152398.0;640
201700032947;17;8;9;240;5;2;1;1.0;2.0;24;AVENUE DE BIARRITZ;M;4348031.0;-151772.0;640
201700032950;17;8;18;1115;1;2;1;1.0;7.0;24;96 AVENUE DE L' ADOUR;M;4352044.0;-150238.0;640
201700032984;17;11;20;1330;1;2;6;1.0;3.0;102;GIRATOIRE DE MAIGNON;M;4346620.0;-149516.0;640
201700033025;17;6;7;1915;1;2;1;1.0;3.0;122;CARREFOUR D'HELIANTHE;M;4347870.0;-156474.0;640
201700033038;17;7;24;1355;1;2;1;1.0;3.0;122;ROND POINT DE L EUROPE;M;4348089.0;-154104.0;640
201700033043;17;8;18;1930;1;2;1;8.0;3.0;122;AVENUE DU PRES. KENNEDY;M;4346114.0;-154933.0;640
201700033053;17;10;7;1710;1;2;1;1.0;7.0;122;AVENUE DE LA MILADY;M;4345923.0;-157206.0;640
201700033073;17;1;9;1147;1;2;1;1.0;3.0;445;AVENUE DE L'UNIVERSITE;M;4331128.0;-36348.0;640
201700033077;17;1;14;1842;5;1;1;1.0;3.0;237;RTE  VALLEE HEUREUSE;M;4327882.0;-37527.0;640
201700033078;17;1;17;1010;1;2;1;1.0;3.0;445;AL. CATHERINE DE BOURBON;M;4331917.0;-36010.0;640
201700033084;17;1;25;1820;5;2;1;1.0;3.0;445;16 AVENUE GASTON LACOSTE;M;4329248.0;-36360.0;640
201700033093;17;2;3;1800;1;2;1;2.0;3.0;445;RP DES DROITS DE L'HOMME;M;4331275.0;-36882.0;640
201700033095;17;2;4;2053;5;2;3;2.0;3.0;445;AVENUE DU LOUP;M;4330605.0;-35673.0;640
201700033100;17;2;10;1900;5;2;1;1.0;3.0;445;56 BOULEVARD TOURASSE;M;4331089.0;-34933.0;640
201700033111;17;2;21;1655;1;1;1;1.0;6.0;348;AVENUE DE SANTONA;M;4331970.0;-38551.0;640
201700033117;17;2;25;1705;1;1;6;1.0;3.0;269;RD 817;M;4330764.0;-30726.0;640
201700033120;17;2;27;1300;1;2;6;1.0;6.0;445;COURS LEON BERARD;M;4331806.0;-37820.0;640
201700033128;17;3;11;1510;1;2;3;1.0;3.0;445;AV DOYEN ROBERT POPLAWSK;M;4331703.0;-36820.0;640
201700033136;17;3;23;840;1;2;3;1.0;3.0;445;COURS LYAUTEY;M;4330753.0;-36436.0;640
201700033139;17;3;24;2100;5;2;3;1.0;3.0;445;AVENUE DE MONTARDON;M;4331178.0;-37544.0;640
201700033144;17;3;28;1915;2;2;1;1.0;1.0;445;RUE DU SOUST;M;4329194.0;-37765.0;640
201700033147;17;4;5;1719;1;1;1;1.0;3.0;335;BOUL. DU CAMI SALIE;M;4334831.0;-44157.0;640
201700033156;17;4;20;1755;1;1;1;1.0;2.0;445;RD 817;M;4331251.0;-30430.0;640
201700033170;17;5;5;744;1;2;2;1.0;3.0;445;31 BOULEVARD TOURASSE;M;4331108.0;-35161.0;640
201700033176;17;5;14;820;1;2;1;1.0;3.0;445;RUE MONTPENSIER;M;4330139.0;-37342.0;640
201700033177;17;5;15;1820;1;2;1;1.0;3.0;129;4 ROUTE DE BAYONNE;M;4329774.0;-38822.0;640
201700033180;17;5;17;925;1;1;1;1.0;3.0;348;AVENUE MARCEL DASSAULT;M;4330124.0;-40963.0;640
201700033181;17;5;17;1715;1;2;1;1.0;6.0;445;BOUL. D'ALSACE LORRAINE;M;4330219.0;-35969.0;640
201700033189;17;5;22;1015;1;2;3;1.0;3.0;445;ALLEES CONDORCET;M;4331604.0;-36125.0;640
201700033193;17;5;27;2115;2;2;1;1.0;2.0;445;ALLEES CONDORCET;M;4331318.0;-36256.0;640
201700033196;17;6;5;1355;1;1;1;1.0;3.0;335;BOULEVARD DE L'AVIATION;M;4335519.0;-41978.0;640
201700033197;17;6;9;1152;1;2;3;1.0;3.0;445;RUE DES FRERES CAMORS;M;4331139.0;-36897.0;640
201700033202;17;6;15;1720;1;2;1;1.0;1.0;445;BOUL. D'ALSACE LORRAINE;M;4330280.0;-36193.0;640
201700033206;17;6;22;1655;1;2;6;1.0;3.0;445;VICTOR SCHOELCHER;M;4332094.0;-35902.0;640
201700033233;17;8;2;1444;1;2;3;1.0;1.0;445;RUE PALASSOU;M;4330304.0;-36874.0;640
201700033243;17;8;25;930;1;2;1;1.0;2.0;269;22 ROUTE DE TARBES;M;4330041.0;-31117.0;640
201700033246;17;9;4;1400;1;2;3;1.0;3.0;348;BOUL CHARLES DE GAULLE;M;4330699.0;-40516.0;640
201700033249;17;9;5;1735;1;2;1;1.0;3.0;445;RP ALLEES DE MORLAAS;M;4330803.0;-33934.0;640
201700033259;17;9;13;1105;1;2;1;1.0;3.0;445;RUE RONSARD;M;4331817.0;-35637.0;640
201700033280;17;10;4;1240;1;2;1;1.0;3.0;445;AV DU GENERAL LECLERC;M;4330380.0;-34612.0;640
201700033286;17;10;6;700;5;2;1;1.0;2.0;348;BOUL CHARLES DE GAULLE;M;4331365.0;-41738.0;640
201700033289;17;10;11;1100;1;2;3;1.0;3.0;445;68 RUE EMILE GUICHENNE;M;4329871.0;-36821.0;640
201700033294;17;10;17;855;1;2;3;1.0;3.0;445;COURS LYAUTEY;M;4330754.0;-36439.0;640
201700033299;17;10;20;1955;5;2;1;1.0;3.0;445;ALLEES DE MORLAAS;M;4330300.0;-35217.0;640
201700033301;17;10;26;1717;1;2;1;1.0;3.0;132;RUE GEORGES CLEMENCEAU;M;4328734.0;-35129.0;640
201700033337;17;11;29;900;1;2;1;2.0;3.0;445;9,RUE DE BORDEU;M;4330371.0;-37094.0;640
201700033338;17;11;29;1615;1;2;1;2.0;2.0;129;RUE ANTOINE DE BOURBON;M;4330136.0;-38662.0;640
201700033340;17;11;30;910;1;2;1;1.0;3.0;445;RP DROITS DE L' HOMME;M;4331315.0;-36859.0;640
201700033356;17;12;11;1654;1;2;1;2.0;2.0;284;AVENUE RAUSKI;M;4327826.0;-38832.0;640
201700033362;17;12;18;1815;5;2;6;2.0;3.0;129;CHEMIN DES VIGNES;M;4330713.0;-39885.0;640
201700033371;17;1;12;1500;1;1;1;1.0;3.0;260;BOULEVARD GEN. LECLERC;M;4337136.0;-177298.0;640
201700033388;17;4;21;2130;5;2;1;1.0;1.0;260;BOULEVARD DU GEN LECLERC;M;4338829.0;-167306.0;640
201700033404;17;6;22;1055;1;2;4;1.0;3.0;545;CHEMIN DE LABURRENEA;M;4337792.0;-170417.0;640
201700033410;17;7;13;1300;1;2;1;1.0;3.0;260;AVENUE BAIE DE CHINGUDY;M;4337020.0;-177970.0;640
201700033419;17;8;3;1545;1;2;1;1.0;6.0;260;RUE PELLOT;M;4336176.0;-177299.0;640
201700033421;17;8;6;1100;1;2;1;9.0;2.0;545;ROUTE D'IBARDIN;M;4332110.0;-168480.0;640
201700033452;17;11;1;1225;1;1;1;1.0;3.0;260;RUE SANTIAGO;M;4335231.0;-177680.0;640
201700033474;17;3;28;1525;1;2;3;1.0;2.0;286;82, MARQUI (AVENUE ALEXA;M;4310440.0;-4212.0;650
201700033506;17;2;18;935;1;2;3;1.0;6.0;417;19, BOUCHAYE (RUE AIME);M;4321980.0;10335.0;650
201700033547;17;12;8;745;2;2;6;2.0;3.0;440;., ROND-POINT REFFYE;M;4323930.0;6050.0;650
201700033551;17;12;25;1020;1;2;2;1.0;3.0;440;., ALSACE LORRAINE (AVEN;M;4324960.0;7282.0;650
201700033566;17;8;9;1745;1;1;1;1.0;6.0;85;route de la chambotte;M;4580575.0;585764.0;730
201700033582;17;2;13;1545;1;2;1;3.0;6.0;136;GABRIEL (DES);M;4269645.0;292312.0;660
201700033633;17;7;4;1130;1;2;2;1.0;3.0;136;., GAULLE (AVENUE GENERA;M;4269774.0;288552.0;660
201700033651;17;8;16;1842;1;2;6;1.0;3.0;136;CASSIN (AVENUE RENE);M;4268111.0;289388.0;660
201700033730;17;7;29;920;1;2;1;1.0;1.0;149;66 boulevard g?n?ral de;M;4373932.0;731020.0;60
201700033738;17;6;15;1040;1;2;1;1.0;2.0;322;RUE DE LA GARE;M;4882198.0;741367.0;670
201700033741;17;10;20;2130;5;2;1;1.0;3.0;372;route de haguenau;M;4884517.0;761603.0;670
201700033750;17;8;30;1715;1;2;1;1.0;2.0;110;Rue Étienne Chouteau;M;4651805.0;-89771.0;850
201700033778;17;2;8;1610;1;1;2;1.0;3.0;431;Intersection CD 216 / CD;M;4580271.0;-80594.0;170
201700033780;17;10;12;1910;1;2;1;1.0;1.0;278;Esplanade des coudrats;M;4570051.0;-77949.0;170
201700033807;17;5;23;2330;3;2;4;1.0;6.0;182;rue de la  gare;M;4858660.0;487812.0;520
201700033848;17;3;21;1335;1;2;3;3.0;3.0;180;GRAND RUE;;;;670
201700033863;17;5;26;1215;1;2;3;1.0;3.0;180;SCHWEIGHOUSE (ROUTE DE);M;4881063.0;778175.0;670
201700033870;17;7;4;1042;1;2;9;1.0;3.0;180;SCHWEIGHOUSE (ROUTE DE);M;4881061.0;778167.0;670
201700033875;17;7;24;1445;1;2;3;2.0;3.0;180;14, TORTURE (RUE DE LA);M;4881758.0;779583.0;670
201700033890;17;11;15;1758;5;2;2;1.0;3.0;180;149, GRAND RUE;M;4881827.0;779171.0;670
201700033895;17;11;30;1550;2;2;3;2.0;3.0;180;1, SANDLACH (CHEMIN DE L;M;4882862.0;775660.0;670
201700033902;17;6;30;1500;1;2;6;1.0;3.0;7;route de la croix verte;M;4685769.0;53798.0;860
201700033932;17;11;26;1215;1;1;1;1.0;3.0;378;ROUTE DE SAINT PRIM;M;4543868.0;478375.0;380
201700033948;17;3;30;1530;1;1;3;7.0;3.0;10;D710;M;4520375.0;61056.0;240
201700033951;17;6;9;1040;1;1;1;1.0;3.0;372;la borie;M;4514894.0;54733.0;240
201700033957;17;1;17;1642;1;2;1;1.0;6.0;462;GENERAL CASTELNAU (BOULE;;;;670
201700033960;17;4;20;935;1;2;1;1.0;2.0;462;SEL (RUE DU);;;;670
201700033967;17;9;23;1053;1;2;6;1.0;3.0;462;STROHSACKWEG (CHEMIN DIT;M;4827620.0;746316.0;670
201700033972;17;1;2;1835;5;2;3;1.0;3.0;482;0, PREMIERE ARMEE (RUE D;M;4857779.0;775070.0;670
201700033981;17;1;20;945;1;2;1;1.0;3.0;482;10, KOCH (QUAI);M;4858647.0;775860.0;670
201700033984;17;1;26;800;1;2;6;1.0;6.0;204;0, EMILE MATHIS (RUE);M;4862264.0;772805.0;670
201700033986;17;1;27;800;1;2;1;1.0;3.0;447;0, BITCHE (RUE DE);M;4860983.0;775184.0;670
201700033988;17;1;30;800;1;2;3;2.0;3.0;43;0, MAIRES PFRIMMER (RUE;M;4861368.0;776683.0;670
201700033989;17;1;30;1200;1;2;2;2.0;6.0;482;0, JUIFS (RUE DES);M;4858274.0;775102.0;670
201700033992;17;2;4;1805;5;2;1;2.0;3.0;482;57, JEAN JAURES (AVENUE);M;4856810.0;776834.0;670
201700033995;17;2;9;1555;1;2;1;1.0;3.0;482;67, BOECKLIN (RUE);M;4860041.0;778042.0;670
201700034009;17;3;2;930;1;2;1;1.0;6.0;482;0, ROTHAU (RUE DE);M;4858049.0;772763.0;670
201700034011;17;3;2;1730;1;2;1;1.0;3.0;482;54, CONSEIL DES QUINZE (;M;4859025.0;778209.0;670
201700034014;17;3;5;2030;5;2;1;2.0;1.0;482;MARTIN SCHONGAUER (RUE);M;4856636.0;772068.0;670
201700034016;17;3;7;1140;1;2;1;2.0;3.0;482;24, HOPITAL (ROUTE DE L;M;4857146.0;775068.0;670
201700034020;17;3;10;1052;1;2;3;1.0;3.0;43;0, PERIGUEUX (AVENUE DE);;;;670
201700034024;17;3;14;1100;1;2;2;1.0;3.0;482;0, FRANOIS MITTERRAND (;M;4858317.0;769769.0;670
201700034028;17;3;17;1220;1;2;1;1.0;2.0;447;5, DE LATTRE DE TASSIGNY;M;4860640.0;774835.0;670
201700034031;17;3;22;730;1;2;3;2.0;3.0;482;82, POLYGONE (ROUTE DU);M;4856674.0;775832.0;670
201700034034;17;3;27;1350;1;2;4;1.0;1.0;482;0, ARTHUR RIMBAUD (RUE);M;4858595.0;771402.0;670
201700034037;17;3;28;1125;1;2;2;1.0;3.0;482;00, LYON (BOULEVARD DE);M;4857723.0;773159.0;670
201700034038;17;3;28;1305;1;2;1;1.0;3.0;482;20, LONDRES (RUE DE);M;4857861.0;777170.0;670
201700034044;17;3;31;1350;1;2;1;1.0;6.0;482;2, 22 NOVEMBRE (RUE DU);M;4858295.0;774035.0;670
201700034045;17;3;31;1500;1;2;1;1.0;6.0;482;7, FRERES (RUE DES);M;4858263.0;775203.0;670
201700034049;17;4;3;745;1;2;2;1.0;3.0;218;0, ACHILLE BAUMANN (AVEN;M;4853723.0;772743.0;670
201700034053;17;4;6;1400;1;2;1;1.0;6.0;482;69, POLYGONE (ROUTE DU);M;4856763.0;775798.0;670
201700034055;17;4;7;840;1;2;5;1.0;3.0;482;0, PRESIDENT WILSON (BOU;M;4859001.0;774007.0;670
201700034061;17;4;10;1835;1;2;1;1.0;6.0;43;10, VENDENHEIM (RUE DE);M;4861556.0;773220.0;670
201700034070;17;4;21;655;1;2;1;1.0;1.0;482;0, IMPRIMEURS (RUE DES);M;4856958.0;773463.0;670
201700034072;17;4;21;2000;1;2;2;1.0;1.0;482;0, SENGENWALD (RUE);;;;670
201700034081;17;5;3;1632;1;2;1;1.0;6.0;482;0, PIERRE NUSS (RUE);M;4858922.0;772513.0;670
201700034086;17;5;9;1700;1;2;5;1.0;3.0;482;LANDSBERG (RUE DU);M;4857102.0;776400.0;670
201700034092;17;5;15;1638;1;2;2;1.0;3.0;482;0, SCHUTZENBERGER (AVENU;M;4859658.0;775927.0;670
201700034094;17;5;15;2030;1;2;3;1.0;3.0;447;0, HAUSBERGEN (ROUTE DE);M;4860762.0;772161.0;670
201700034101;17;5;23;1415;1;2;3;1.0;3.0;482;0, CERF BERR (RUE);M;4858420.0;769303.0;670
201700034102;17;5;23;1930;1;2;1;1.0;3.0;482;0, RENE DESCARTES (RUE);M;4857956.0;776691.0;670
201700034105;17;5;26;1350;1;2;2;1.0;3.0;482;0, CESAR JULIEN (RUE DU);M;4858183.0;770350.0;670
201700034109;17;5;28;1940;1;2;1;1.0;3.0;447;6 / 8, FOCH (RUE);M;4860726.0;772951.0;670
201700034111;17;5;29;1340;1;2;1;1.0;5.0;447;59, GENERAL DE GAULLE (R;M;4860268.0;773819.0;670
201700034114;17;5;30;1135;1;2;1;1.0;1.0;482;0, ROUGET DE L ISLE (QUA;M;4858987.0;776454.0;670
201700034117;17;6;2;2005;1;2;3;1.0;1.0;482;0, RIBEAUVILLE (RUE DE);M;4856420.0;776903.0;670
201700034122;17;6;6;1730;1;2;1;1.0;2.0;482;0, VAUBAN (RUE);M;4858222.0;776728.0;670
201700034127;17;6;12;1430;1;2;1;1.0;3.0;482;6, SEBASTIEN BRANT (PLAC;M;4858608.0;776289.0;670
201700034131;17;6;15;1220;1;2;2;1.0;1.0;482;0, EDMOND LABBE (RUE);M;4858187.0;775885.0;670
201700034141;17;6;24;2310;5;2;1;1.0;6.0;482;0, WATTWILLER (RUE DE);M;4856030.0;778436.0;670
201700034144;17;6;27;2105;2;2;2;1.0;1.0;482;0, ARISTIDE BRIAND (AVEN;M;4856868.0;777721.0;670
201700034145;17;6;28;1230;1;2;1;1.0;6.0;482;RHIN TORTU (RUE DU);M;4855011.0;775794.0;670
201700034151;17;7;3;1550;1;2;1;1.0;6.0;482;0, REPUBLIQUE (PLACE DE;M;4858701.0;775445.0;670
201700034153;17;7;5;1345;1;2;1;1.0;6.0;482;46, HOPITAL (ROUTE DE L;M;4857023.0;775087.0;670
201700034154;17;7;6;940;1;2;2;1.0;3.0;482;0, WASSELONNE (RUE DE);M;4857950.0;773091.0;670
201700034158;17;7;8;1030;1;2;1;1.0;1.0;482;10, SAINTE MARGUERITE (R;M;4858145.0;773743.0;670
201700034159;17;7;8;1340;1;2;1;1.0;3.0;482;, PIERRE FRESNAY (RUE);M;4857238.0;776284.0;670
201700034162;17;7;9;1905;1;2;1;2.0;3.0;482;35, CERF BERR (RUE);M;4858438.0;769290.0;670
201700034166;17;7;11;1950;1;2;1;1.0;3.0;482;331, COLMAR (AVENUE DE);M;4854810.0;774113.0;670
201700034167;17;7;13;1130;1;2;1;1.0;6.0;482;139, LA WANTZENAU (ROUTE;M;4860833.0;777917.0;670
201700034168;17;7;17;53;5;2;2;2.0;3.0;482;0, GRAND PONT (RUE DU);M;4857841.0;778296.0;670
201700034170;17;7;16;1930;1;2;1;1.0;6.0;482;7, GENERAL KOENIG (QUAI;M;4857530.0;775797.0;670
201700034171;17;7;16;2030;1;2;1;1.0;3.0;482;0, GARE (PLACE DE LA);M;4858557.0;773605.0;670
201700034172;17;7;18;900;1;2;1;1.0;3.0;482;43, ANVERS (BOULEVARD D;M;4858472.0;777359.0;670
201700034174;17;7;19;2105;2;2;1;1.0;3.0;482;39, ROMAINS (ROUTE DES);M;4857847.0;770846.0;670
201700034182;17;7;27;945;1;2;2;1.0;3.0;482;0, AUBERGE DE JEUNESSE (;M;4857368.0;771855.0;670
201700034184;17;7;30;1845;1;2;1;1.0;6.0;482;33, VIEUX MARCHE AUX POI;M;4858102.0;774909.0;670
201700034191;17;8;6;1053;1;2;1;1.0;7.0;482;0, VIENNE (ROUTE DE);M;4857211.0;775587.0;670
201700034195;17;8;9;1905;1;2;1;1.0;3.0;482;0, HAUTEFORT (RUE DE);M;4854894.0;776897.0;670
201700034200;17;8;13;1855;1;2;1;1.0;3.0;482;0, FINKWILLER (QUAI);M;4857877.0;774502.0;670
201700034201;17;8;14;1415;1;2;1;1.0;6.0;482;0, VICTOIRE (BOULEVARD D;M;4858138.0;776896.0;670
201700034203;17;8;16;1130;1;2;1;1.0;2.0;482;106, MITTELHAUSBERGEN (R;M;4859497.0;771845.0;670
201700034209;17;8;24;1540;1;2;2;1.0;3.0;204;0, STADE (RUE DU);M;4862402.0;776344.0;670
201700034214;17;8;29;1839;1;2;1;1.0;3.0;482;23, RIBEAUVILLE (RUE DE);M;4856369.0;776810.0;670
201700034218;17;9;1;1155;1;2;1;1.0;3.0;482;7, FABRIQUE (RUE DE LA);M;4861123.0;777800.0;670
201700034221;17;9;4;1050;1;2;2;1.0;3.0;482;0, TEMPLE NEUF (RUE DU);M;4858305.0;774804.0;670
201700034223;17;9;5;1700;1;2;1;1.0;6.0;365;0, LECLERC (RUE DU GENER;M;4854974.0;771006.0;670
201700034230;17;9;15;605;5;2;1;1.0;1.0;482;66, JEAN JAURES (AVENUE);M;4856892.0;776513.0;670
201700034232;17;9;15;1400;1;2;1;3.0;2.0;447;30, GENERAL DE GAULLE (R;M;4850220.0;773835.0;670
201700034236;17;9;17;1635;1;2;1;2.0;3.0;482;0, JACQUELINE AURIOL;M;4854650.0;776819.0;670
201700034237;17;9;17;1945;5;2;3;1.0;3.0;482;0, ANNE ALEX. DE FURSTEN;M;4860039.0;779131.0;670
201700034239;17;9;19;1735;1;2;1;1.0;3.0;482;24, YSER (RUE DE L );M;4858542.0;777847.0;670
201700034240;17;9;19;1820;1;2;2;2.0;3.0;447;0, DONON (RUE DU);M;4860997.0;774349.0;670
201700034242;17;9;20;1645;1;2;1;1.0;1.0;482;4, METZ (BOULEVARD DE);M;4858261.0;773312.0;670
201700034244;17;9;21;1220;1;2;1;1.0;6.0;482;0, PAUL ELUARD (RUE);M;4858972.0;769733.0;670
201700034247;17;9;22;1245;1;2;2;1.0;3.0;482;0, GENERAL OFFENSTEIN (R;M;4855502.0;775410.0;670
201700034252;17;9;26;820;1;2;3;1.0;3.0;482;0, JACQUES KABLE (RUE);M;4859226.0;774393.0;670
201700034254;17;9;26;1750;1;2;1;1.0;2.0;482;23, BALE (RUE DE);M;4856770.0;776481.0;670
201700034255;17;9;27;830;1;2;2;1.0;3.0;218;0, SEBASTIEN BRANT (RUE);M;4858205.0;774093.0;670
201700034259;17;9;27;1910;1;2;5;1.0;3.0;447;BISCHHEIM (RUE DE);M;4860970.0;775509.0;670
201700034260;17;9;27;1945;4;2;3;1.0;3.0;365;0, MARECHAL FOCH (RUE DU;M;4853503.0;770705.0;670
201700034267;17;10;2;1820;1;2;2;1.0;3.0;482;0, ALSACE (AVENUE D );M;4858674.0;776141.0;670
201700034280;17;10;11;725;1;2;3;1.0;3.0;482;0, KUHN (RUE);M;4858489.0;773655.0;670
201700034283;17;10;12;2125;5;2;2;1.0;3.0;482;62, BOECKLIN (RUE);M;4860053.0;778107.0;670
201700034287;17;10;16;810;1;2;3;1.0;3.0;447;0, BRETAGNE (RUE DE);M;4860902.0;776638.0;670
201700034288;17;10;18;1000;1;2;2;1.0;3.0;204;0, WANTZENAU (ROUTE DE L;M;4862700.0;775772.0;670
201700034290;17;10;19;1910;5;2;1;1.0;3.0;482;0, HOCHFELDEN (RUE DE);M;4859709.0;772666.0;670
201700034291;17;10;20;805;1;2;1;1.0;3.0;447;0, GENERAL DE GAULLE (RO;M;4860399.0;773771.0;670
201700034292;17;10;21;1115;1;2;2;1.0;3.0;482;0, SIMONIS (RUE);M;4856450.0;775872.0;670
201700034298;17;10;25;800;1;2;1;1.0;6.0;482;15, ALSACE (AVENUE D );M;4858683.0;776134.0;670