Num_Acc;an;mois;jour;hrmn;lum;agg;int;atm;col;com;adr;gps;lat;long;dep
201700034303;17;11;5;1900;5;2;1;2.0;2.0;482;6, PAUL VERLAINE (RUE);M;4858659.0;771598.0;670
201700034306;17;11;9;1450;1;2;1;1.0;3.0;482;4, COMTES (ALLEE DES);M;4857988.0;771568.0;670
201700034308;17;11;14;1325;1;2;3;1.0;3.0;482;0, RHONE (RUE DU);M;4854902.0;774127.0;670
201700034315;17;11;21;805;1;2;1;2.0;3.0;482;0, ALPES (QUAI DES);M;4857416.0;777146.0;670
201700034316;17;11;23;1510;1;2;3;1.0;1.0;482;0, RHIN (ROUTE DU);M;4857116.0;777221.0;670
201700034322;17;11;27;1800;5;2;1;1.0;3.0;482;1, GENERAL DE GAULLE (AV;M;4858099.0;777045.0;670
201700034324;17;11;30;1650;2;2;2;2.0;3.0;482;0, JACQUES PREISS (BOULE;M;4859151.0;776412.0;670
201700034325;17;12;1;1600;1;2;2;8.0;3.0;482;0, FRANOIS MITTERRAND (;M;4858417.0;769295.0;670
201700034330;17;12;5;1830;5;2;2;1.0;3.0;482;0, ALBERT CALMETTE (RUE);M;4859283.0;770927.0;670
201700034331;17;12;6;745;1;2;2;1.0;3.0;482;0, METZERAL (RUE DE);M;4857073.0;776972.0;670
201700034336;17;12;14;1820;5;2;1;2.0;6.0;43;49, NATIONALE (RUE);M;4861846.0;775602.0;670
201700034338;17;12;18;1110;1;2;3;4.0;3.0;482;0, JACQUES PEIROTES (RUE;M;4857621.0;775418.0;670
201700034341;17;12;20;740;5;2;2;2.0;3.0;482;0, GENERAL ZIMMER (RUE D;M;4858138.0;776275.0;670
201700034343;17;12;20;1355;1;2;3;1.0;3.0;482;0, SCHUMANN (RUE);M;4858741.0;777022.0;670
201700034346;17;12;21;1730;5;2;1;2.0;3.0;447;0, HERRENSCHMIDT (AVENUE;M;4860036.0;775390.0;670
201700034349;17;12;27;1940;5;2;3;2.0;3.0;482;50, BAN DE LA ROCHE (RUE;M;4857866.0;772827.0;670
201700034358;17;5;29;1630;1;1;1;1.0;3.0;174;LES EYGOUTIERES;M;;;260
201700034388;17;9;15;1845;1;2;3;1.0;1.0;340;intersection D26 et D260;M;4860136.0;244118.0;910
201700034389;17;10;5;1820;1;2;1;2.0;1.0;86;rue charles de gaulle;M;4861525.0;238162.0;910
201700034405;17;10;4;1100;1;2;3;1.0;1.0;644;Intersection rue princip;M;5064999.0;214403.0;620
201700034409;17;1;17;1641;1;2;2;1.0;3.0;66;ALSACE (RUE D');M;4806945.0;736513.0;680
201700034415;17;9;16;1607;1;2;1;1.0;3.0;66;PARIS (AVENUE DE);M;4807784.0;733248.0;680
201700034422;17;10;13;855;1;2;6;1.0;3.0;66;LORRAINE (AVENUE DE);M;4809238.0;734885.0;680
201700034423;17;10;9;1458;1;2;2;1.0;3.0;66;16, SELESTAT (ROUTE DE);M;4808468.0;736192.0;680
201700034426;17;10;6;1002;1;2;6;1.0;2.0;66;2, LIBERTE (AVENUE DE LA;M;4807470.0;734427.0;680
201700034427;17;11;14;1501;1;2;3;1.0;1.0;66;15, POINCARE (AVENUE RAY;M;4807085.0;735142.0;680
201700034436;17;12;14;1023;1;2;1;1.0;7.0;66;4, MADRID (RUE DE);M;4807753.0;733010.0;680
201700034441;17;1;30;1715;1;2;1;2.0;6.0;224;14, ILLZACH (RUE D');M;4775240.0;733988.0;680
201700034448;17;3;17;755;1;2;9;1.0;3.0;224;27, HEILMANN (RUE JOSUE);M;4752990.0;733167.0;680
201700034453;17;4;7;2045;5;1;1;1.0;6.0;224;53, ISLY (QUAI D');M;4773000.0;733000.0;680
201700034454;17;6;7;315;5;2;1;2.0;1.0;224;BOURTZWILLER (PONT DE);M;4776449.0;732404.0;680
201700034457;17;5;10;1717;1;2;1;1.0;7.0;224;02 A, ROOSEVELT (BOULEVA;M;4774815.0;733333.0;680
201700034465;17;6;24;926;1;2;2;1.0;3.0;224;SIPHON (RUE DU);M;4774711.0;732768.0;680
201700034469;17;7;15;2323;5;2;1;1.0;6.0;224;78, PINS (RUE DES);M;4775000.0;732000.0;680
201700034472;17;8;1;1407;1;2;4;1.0;3.0;224;41, MERLES (RUE DES);M;4775509.0;734474.0;680
201700034476;17;8;27;1630;1;2;3;1.0;3.0;224;90, BROSSOLETTE (RUE PIE;M;4777318.0;733391.0;680
201700034477;17;9;3;1615;1;2;2;1.0;3.0;224;48, HARDT (RUE DE LA);M;4775297.0;735564.0;680
201700034486;17;11;7;1632;1;2;1;1.0;6.0;224;22, GALFINGUE (RUE DE);M;4774358.0;732418.0;680
201700034494;17;3;8;1750;1;2;3;1.0;3.0;297;DE GAULLE ( AVE DU GLE );M;4758113.0;755354.0;680
201700034498;17;8;30;1845;1;2;6;1.0;3.0;149;45, BELFORT ( RUE DE );M;4760056.0;758424.0;680
201700034501;17;10;21;1725;1;2;3;8.0;1.0;297;48, MULHOUSE ( RUE DE)JU;M;4758877.0;756098.0;680
201700034508;17;6;12;1425;1;2;2;1.0;6.0;376;71, KINGERSHEIM (RUE DE);M;4780304.0;733709.0;680
201700034515;17;9;29;737;1;2;2;1.0;3.0;166;GUEBWILLER (RUE DE);M;4778540.0;731665.0;680
201700034516;17;10;11;715;1;2;1;1.0;3.0;166;163, MULHOUSE (FAUBOURG;M;4779940.0;733651.0;680
201700034517;17;11;7;1720;4;2;1;2.0;3.0;166;PFASTATT (RUE DE);M;4778585.0;732774.0;680
201700034537;17;6;10;1735;1;2;6;1.0;3.0;333;intersection D1083 et D8;M;4592622.0;495128.0;10
201700034578;17;8;22;1308;1;2;1;1.0;6.0;91;338, NEUVE (RTE);M;4556821.0;477844.0;690
201700034581;17;9;13;1746;1;2;9;1.0;3.0;91;20, VICTOR HUGO ( R );M;4558918.0;477100.0;690
201700034613;17;7;16;1945;1;2;1;1.0;1.0;264;201, AMPERE  (rue);M;4598885.0;472407.0;690
201700034645;17;12;31;1730;5;2;3;8.0;6.0;282;8 MAI 1945 (DU);M;4576769.0;500211.0;690
201700034660;17;2;17;1630;1;2;6;1.0;3.0;256;., SALVADOR ALLENDE;M;4578122.0;492905.0;690
201700034670;17;2;21;1;5;2;1;1.0;6.0;275;., JEAN JAURES;M;4577243.0;497345.0;690
201700034671;17;3;1;1000;1;2;2;1.0;3.0;29;FRANKLIN ROOSEVELT;M;4573361.0;490868.0;690
201700034700;17;4;8;840;1;2;1;1.0;2.0;266;136 BIS, 8 MAI 1945   (R;M;4577348.0;489535.0;690
201700034712;17;4;24;1827;1;2;8;1.0;3.0;266;., HONORE DE BALZAC   (B;M;4575499.0;488593.0;690
201700034713;17;5;7;1135;1;2;1;1.0;3.0;282;., JACQUELIN AURIOL;M;4578402.0;500126.0;690
201700034720;17;5;15;1450;1;2;2;1.0;1.0;256;FRANKLIN ROOSEVELT;M;4576337.0;493694.0;690
201700034728;17;5;24;1310;1;2;3;1.0;3.0;266;., ANTONIN PERRIN     (R;M;4575956.0;488499.0;690
201700034730;17;5;27;2045;1;2;3;1.0;3.0;29;42, PAIX (DE LA);M;4573439.0;489702.0;690
201700034731;17;5;27;2355;5;2;1;1.0;3.0;266;338, EMILE ZOLA     (Cou;M;4576666.0;489742.0;690
201700034757;17;6;22;1800;1;2;1;1.0;2.0;266;6, LIGNE DE L'EST      (;M;4575730.0;490304.0;690
201700034764;17;7;2;1500;1;2;3;1.0;3.0;282;32, SAINT MATHIEU;M;4576198.0;499109.0;690
201700034766;17;7;4;1210;1;2;1;1.0;2.0;266;21, ANTONIN PERRIN     (;M;4575900.0;488500.0;690
201700034795;17;8;3;1725;1;2;2;3.0;3.0;266;157, ROGER SALENGRO;M;4578029.0;488300.0;690
201700034797;17;8;4;2125;2;2;4;1.0;3.0;266;EMILE DECORPS      (Rue);M;4575687.0;489973.0;690
201700034799;17;8;5;1355;1;2;1;1.0;6.0;266;112, DEDIEU     (Rue);M;4576900.0;487200.0;690
201700034809;17;8;16;1150;1;2;1;1.0;3.0;256;169, GABRIEL PERI;M;4577134.0;490844.0;690
201700034814;17;8;19;915;1;2;3;1.0;3.0;29;26, 8 MAI 1945 (DU);M;4572977.0;491675.0;690
201700034827;17;9;3;1200;1;2;1;1.0;3.0;275;LAVOIR (DU);M;4576362.0;496313.0;690
201700034830;17;9;14;745;2;2;3;7.0;3.0;290;106, JEAN JAURES;M;4569809.0;492558.0;690
201700034831;17;9;14;1750;1;2;1;1.0;3.0;266;53, GABRIEL PERI;M;4577278.0;486632.0;690
201700034836;17;9;21;635;5;2;3;1.0;3.0;29;., PIERRE MENDES FRANCE;M;4572472.0;491500.0;690
201700034849;17;10;3;1355;1;2;3;1.0;3.0;275;BRUYERES (DES);M;4575712.0;494260.0;690
201700034877;17;10;15;1758;1;2;6;1.0;3.0;256;., SALVADOR ALLENDE;M;4578138.0;492934.0;690
201700034889;17;11;2;1700;2;2;1;1.0;2.0;282;., CHASSIEU A MEYZIEU (D;M;4575640.0;498760.0;690
201700034917;17;11;28;750;1;2;1;1.0;3.0;29;115, FRANCOIS MITTERRAND;M;4573697.0;491913.0;690
201700034921;17;12;7;2030;5;2;2;1.0;1.0;266;., EMILE DECORPS      (R;M;4575687.0;489975.0;690
201700034973;17;5;11;1840;1;2;3;1.0;2.0;299;1 rue beaupuy;M;4503672.0;36559.0;240
201700034981;17;11;15;1400;1;1;1;1.0;3.0;409;route de ribérac;M;4504530.0;36850.0;240
201700034988;17;8;12;1100;1;2;1;1.0;7.0;212;D81;M;4221877.0;864275.0;201
201700035004;17;2;13;1130;1;2;1;1.0;2.0;550;19 bis, PONTARCHER (RUE;M;4763114.0;616761.0;700
201700035102;17;10;16;1850;3;1;1;1.0;3.0;108;D115;M;4859264.0;624754.0;540
201700035111;17;7;22;700;1;2;1;1.0;2.0;407;13 rue du maréchal Lyaut;M;4847516.0;606667.0;540
201700035181;17;11;11;1530;1;1;3;2.0;3.0;307;croisement D20 - D70;M;4828694.0;-196918.0;350
201700035204;17;2;17;1635;1;2;1;7.0;3.0;295;CV202;M;4448140.0;79238.0;470
201700035208;17;5;14;1744;1;1;2;1.0;3.0;146;PRAIRIE;M;4445610.0;66364.0;470
201700035227;17;9;26;1305;1;2;1;1.0;3.0;306;1, CLUNY (RUE DE);M;4667377.0;437396.0;710
201700035228;17;10;17;1650;1;2;3;1.0;3.0;40;1, CLAUDE DORLEANS (RUE);M;4669011.0;438437.0;710
201700035240;17;8;19;1845;1;2;1;1.0;3.0;300;AVENUE DU QUERCY;;;;120
201700035242;17;9;15;1450;1;1;1;1.0;2.0;300;ROUTE BASSE DE FARROU -;M;4436110.0;205158.0;120
201700035244;17;10;11;1500;1;2;9;1.0;3.0;300;LIEU-DIT LE RIOLS;M;4436950.0;203934.0;120
201700035259;17;2;8;1700;1;2;6;1.0;3.0;181;BOLLEE (AV) Nø IMP 347 E;M;4799900.0;23597.0;720
201700035269;17;3;16;1620;1;2;6;1.0;3.0;181;BONNETABLE (RTE) Nø IMP;M;4801757.0;21859.0;720
201700035287;17;4;28;1640;1;2;1;1.0;3.0;95;29, SAINT MICHEL (BD);M;4801897.0;20166.0;720
201700035289;17;5;17;750;1;2;2;1.0;3.0;181;CARNOT (BD);M;4800456.0;17933.0;720
201700035293;17;5;28;1040;1;2;6;1.0;3.0;181;DURAND GEORGES (AV) N° I;M;4796326.0;22070.0;720
201700035294;17;6;3;1445;1;2;2;1.0;1.0;181;PORT (RUE DU);M;4800268.0;19325.0;720
201700035313;17;9;12;1915;2;2;1;1.0;3.0;181;ROSTOV SUR LE DON (RUE);M;4800714.0;19761.0;720
201700035314;17;9;15;1245;1;2;2;1.0;3.0;181;MARSEILLE (AV DE);M;4801824.0;18092.0;720
201700035323;17;10;10;735;2;2;4;1.0;3.0;181;CORSE (RUE DE);M;4799614.0;23376.0;720
201700035361;17;9;7;1405;1;2;2;1.0;5.0;130;Croisement D120-D29;M;4282135.0;202108.0;110
201700035362;17;7;3;1515;1;1;1;1.0;2.0;231;RD 999 - PR 11+0500;M;4401890.0;333609.0;120
201700035363;17;4;4;930;1;1;1;1.0;2.0;154;rte des Moulins;M;4300065.0;57876.0;650
201700035377;17;1;11;1525;1;2;8;1.0;3.0;8;GRAND PORT (RONDEAU) AVE;;;;730
201700035378;17;2;23;655;2;2;1;1.0;3.0;8;D1201;M;4569654.0;590736.0;730
201700035386;17;8;7;120;5;2;3;1.0;3.0;8;VICTORIA AVENUE;M;4568993.0;591046.0;730
201700035396;17;5;20;2020;1;2;1;1.0;3.0;11;870, DUBOIS (RUE DU CDT);M;4566500.0;637900.0;730
201700035401;17;9;13;1215;1;2;1;1.0;6.0;11;CHASSEURS ALPINS (AV.);M;4566637.0;639074.0;730
201700035403;17;10;28;1205;1;2;1;1.0;2.0;11;JEUX OLYMPIQUES (AVENUE;M;4565858.0;637554.0;730
201700035412;17;12;27;2100;5;2;3;4.0;1.0;65;0, MACHE (FAUBOURG);M;4556550.0;591589.0;730
201700035417;17;3;19;1530;1;2;1;1.0;2.0;65;ALSACE LORRAINE, av;M;4557380.0;591050.0;730
201700035419;17;1;14;1805;5;1;9;2.0;3.0;222;507, CHAMBERY (AVENUE DE;M;4557362.0;595555.0;730
201700035423;17;3;25;1500;1;2;1;8.0;1.0;65;0, GAMBETTA (PASSAGE);M;4557345.0;591712.0;730
201700035432;17;4;12;1825;1;2;6;7.0;3.0;87;0, BORDEAUX HENRY (AVENU;M;4556861.0;589235.0;730
201700035433;17;4;14;2030;1;2;3;1.0;1.0;29;APREMONT (ROUTE D');M;4556492.0;594250.0;730
201700035437;17;4;23;1943;1;2;1;1.0;3.0;65;COMTE VERT (AVENUE DU);M;4557062.0;591452.0;730
201700035439;17;4;27;1710;1;2;6;8.0;3.0;65;CHEVALLIER PAUL (PLACE);M;4556612.0;593401.0;730
201700035443;17;6;20;1500;1;2;6;1.0;7.0;65;RECLUS (FAUBOURG);M;4557461.0;592307.0;730
201700035450;17;6;27;645;1;2;6;7.0;3.0;222;0, PERRODIERE (RUE DE LA;M;4557611.0;595877.0;730
201700035451;17;6;23;2310;5;2;7;1.0;3.0;65;0, ELEPHANTS (PLACE DES);M;4556658.0;592276.0;730
201700035454;17;7;18;945;1;2;2;1.0;2.0;65;0, GRAND ARIETAZ (AVENUE;M;4558113.0;588976.0;730
201700035467;17;10;14;1210;1;2;6;1.0;3.0;65;0, PLAISANCE (RUE);M;4556348.0;592824.0;730
201700035468;17;10;17;1730;1;2;1;1.0;3.0;65;0, JAURES JEAN (AVENUE);M;4556748.0;591438.0;730
201700035469;17;10;18;1715;1;2;1;1.0;3.0;65;SERBIE (RUE DE);M;4556680.0;593381.0;730
201700035472;17;11;18;106;5;2;1;1.0;6.0;65;528, RECLUS (FAUBOURG);M;4557342.0;592237.0;730
201700035473;17;11;11;1000;1;2;6;1.0;3.0;87;LYON (ROUTE DE);M;4555951.0;589620.0;730
201700035484;17;1;27;1155;1;2;1;1.0;6.0;10;7, RUE THOMAS RUPHY;M;4590718.0;613200.0;740
201700035485;17;1;31;1825;5;2;3;1.0;6.0;10;AV DE CHAMBERY;M;4589818.0;611641.0;740
201700035491;17;3;8;1155;1;2;6;3.0;6.0;10;19 AVENUE DU PARMELAN;M;4590545.0;613212.0;740
201700035492;17;3;10;1833;2;2;3;1.0;6.0;10;RUE DE LA PAIX;M;4590368.0;612739.0;740
201700035495;17;3;18;923;1;2;1;1.0;3.0;10;4 BIS BD DE LA  ROCADE;M;4591160.0;612280.0;740
201700035506;17;2;24;2330;5;2;2;1.0;3.0;10;PARMELAN;M;4590348.0;613049.0;740
201700035507;17;3;28;1545;1;2;6;1.0;3.0;10;AV GAMBETTA;M;4591190.0;613130.0;740
201700035512;17;4;17;1803;1;1;1;1.0;1.0;10;ROUTE DU SEMNOZ;M;4589020.0;613240.0;740
201700035517;17;4;23;1610;1;2;1;1.0;2.0;10;AVENUE ALBIGNY;M;4590540.0;614410.0;740
201700035524;17;4;28;1059;1;2;1;1.0;6.0;10;41, AVENUE DE GENEVE;M;4592040.0;612360.0;740
201700035527;17;3;16;1945;5;2;2;1.0;3.0;10;35 RUE DES ALPINS;M;4591331.0;612491.0;740
201700035528;17;3;30;900;1;2;3;1.0;3.0;10;AV BROGNY;M;4591192.0;612783.0;740
201700035533;17;5;27;1223;1;2;6;1.0;3.0;10;CHEMIN DU  PERIMETRE;M;4592133.0;613335.0;740
201700035544;17;4;28;1200;1;2;3;1.0;6.0;10;AVENUE DE LA MAVERIA;M;4590939.0;614181.0;740
201700035545;17;6;21;1730;1;2;6;1.0;2.0;93;AVENUE DU  PONT-NEUF;M;4589770.0;611460.0;740
201700035559;17;5;28;1200;1;2;4;1.0;6.0;10;RUE JACQUELINE AURIOL;M;4592433.0;612667.0;740
201700035560;17;7;7;815;1;2;1;1.0;6.0;10;46, AVENUE GAMBETTA;M;4591141.0;613423.0;740
201700035567;17;7;10;1950;1;2;3;3.0;3.0;93;RUE DU JOURDIL;M;4590783.0;609923.0;740
201700035571;17;7;24;915;1;2;1;2.0;3.0;10;14, AVENUE DE GENEVE;M;4591040.0;612380.0;740
201700035575;17;7;15;1535;1;2;1;1.0;6.0;10;AVENUE ALBIGNY;M;4590134.0;612820.0;740
201700035583;17;8;23;1703;1;2;4;1.0;3.0;10;113, AVENUE DE GENEVE;M;4592317.0;612369.0;740
201700035586;17;8;31;1900;1;2;2;2.0;7.0;10;RUE LOUIS REVON;M;4590446.0;612999.0;740
201700035602;17;9;22;1515;1;2;2;1.0;3.0;10;49, AVENUE DE LOVERCHY;M;4589305.0;611753.0;740
201700035603;17;9;23;1602;1;2;1;1.0;7.0;93;45,AV. DE LA REPUBLIQUE;M;4590880.0;610013.0;740
201700035605;17;9;26;1050;1;2;4;1.0;3.0;93;8 bis ROUTE DES CREUSES;M;4589410.0;610854.0;740
201700035606;17;10;3;925;1;2;1;2.0;6.0;10;08, RUE SOMMEILLER;M;4590481.0;612625.0;740
201700035613;17;10;17;735;1;2;3;1.0;3.0;10;AVENUE ALBIGNY;M;4590481.0;614507.0;740
201700035620;17;11;2;1900;5;2;4;1.0;3.0;10;21, JOSEPH DESSAIX;M;4590760.0;612430.0;740
201700035621;17;11;7;1300;1;2;6;1.0;3.0;10;11, CHEMIN DU MAQUIS;M;4592070.0;613290.0;740
201700035623;17;11;10;1810;5;2;6;2.0;3.0;10;RUE MARC LEROUX;M;4591606.0;612858.0;740
201700035636;17;12;18;1430;1;2;1;4.0;6.0;10;BERTHOLLET;M;4590471.0;612378.0;740
201700035648;17;4;7;1330;1;2;6;1.0;3.0;12;GENEVE (RUE DE);M;4619294.0;622866.0;740
201700035657;17;8;31;1405;1;2;1;2.0;6.0;133;RUE DE GENEVE;M;4619211.0;620705.0;740
201700035670;17;10;21;2025;5;2;3;3.0;3.0;12;VOIRONS  (RUE DES);M;4620384.0;625729.0;740
201700035672;17;11;15;850;1;2;1;1.0;3.0;12;38, RUE DE ROMAGNY;M;4619700.0;625492.0;740
201700035691;17;12;8;630;5;2;1;2.0;3.0;12;11 AVENUE HENRI BARBUSSE;M;4619202.0;624186.0;740
201700035730;17;3;16;1100;1;2;1;1.0;7.0;217;25, FAUBOURG DE LA BARRE;M;4992272.0;107119.0;760
201700035747;17;8;16;1605;1;1;2;1.0;2.0;217;1739 CHEMIN DES VERTUS;M;4990807.0;107270.0;760
201700035748;17;9;2;1250;1;2;1;1.0;2.0;217;AVENUE DE BREAUTE;M;4991306.0;109055.0;760
201700035770;17;6;20;2330;5;2;1;1.0;2.0;259;212 av jean lorrain;M;4976197.0;37812.0;760
201700035786;17;1;14;1915;5;2;2;2.0;2.0;351;RUE  HAUDRY;M;4949408.0;12408.0;760
201700035789;17;1;5;1305;1;2;3;1.0;3.0;351;BD CLEMENCEAU;M;4949162.0;9697.0;760
201700035804;17;2;19;1115;1;2;1;1.0;6.0;305;48, RTE D'OUDALLE;M;4950301.0;20999.0;760
201700035818;17;2;28;830;1;2;6;2.0;3.0;270;;M;4953020.0;14335.0;760
201700035821;17;3;14;1700;1;2;1;1.0;6.0;351;20, AV LEO LAGRANGE;M;4950180.0;16346.0;760
201700035823;17;2;16;1500;1;2;1;1.0;6.0;351;5, R BERNARDIN DE SAINT;M;4948947.0;10506.0;760
201700035831;17;4;3;2010;1;2;1;1.0;1.0;351;39, ARMAND BARBES;M;4949935.0;15039.0;760
201700035859;17;5;22;2135;2;2;2;1.0;3.0;351;NEANT, JEAN BAPTISTE EYR;M;4949753.0;11557.0;760
201700035862;17;5;30;1115;1;1;6;1.0;6.0;481;CHEMIN DU FOND VALLEES;M;4955479.0;13435.0;760
201700035880;17;7;7;1400;1;2;1;1.0;7.0;481;6, MARTYRS (RUE DES);M;4951520.0;10572.0;760
201700035886;17;7;16;1845;1;2;1;1.0;6.0;351;77, RENE COTY;M;4949795.0;11463.0;760
201700035888;17;7;19;1740;1;2;3;1.0;2.0;351;255 ARISTIDE BRIAND;M;4950015.0;13460.0;760
201700035903;17;8;16;1510;1;2;3;1.0;3.0;351;RUE RENE BAZILLE;M;4950532.0;11816.0;760
201700035913;17;9;9;2005;5;2;2;2.0;3.0;351;NEANT, JULES LECESNE (RU;M;4949301.0;12148.0;760
201700035918;17;9;21;2205;5;2;3;2.0;3.0;351;RUE MARECHAL JOFFRE;M;4950005.0;13084.0;760
201700035920;17;9;24;1545;1;1;1;1.0;3.0;351;42 bis, MONT LE COMTE (A;M;4951044.0;18155.0;760
201700035932;17;10;4;2010;5;2;1;1.0;3.0;351;03, JULES LECESNE (RUE);M;4949416.0;10981.0;760
201700035948;17;10;30;740;1;2;3;1.0;2.0;351;44, FLORIMOND LAURENT (R;M;4951559.0;11266.0;760
201700035963;17;11;22;1010;1;2;3;1.0;6.0;351;29 RUE  MARECHAL JOFFRE;M;4949899.0;11999.0;760
201700035977;17;12;9;1020;1;1;3;1.0;6.0;351;NEANT, CIRCULAIRE (AVENU;M;4951119.0;13843.0;760
201700036010;17;2;4;2115;5;2;1;1.0;3.0;540;47, AV DU MONT RIBOUDET;M;4944594.0;107123.0;760
201700036016;17;2;22;1700;1;2;2;1.0;3.0;165;941, R DE STRASBOURG;M;4928363.0;102629.0;760
201700036022;17;3;15;730;2;1;2;1.0;3.0;391;;M;4930085.0;97509.0;760
201700036052;17;4;14;1100;1;2;3;1.0;3.0;231;VOIE DE LA DECLARATION U;M;4929499.0;99822.0;760
201700036059;17;4;11;1205;1;2;3;1.0;6.0;498;01, CORNEILLE. RUE PIERR;M;4942564.0;105200.0;760
201700036060;17;4;20;1710;1;1;1;1.0;3.0;540;R LE VERRIER;M;4945430.0;113763.0;760
201700036062;17;4;29;1500;1;2;1;1.0;3.0;108;1145, RTE DE NEUFCHATEL;M;4945377.0;110472.0;760
201700036097;17;6;12;1705;1;1;6;1.0;2.0;575;35 AV MARE AUX DAIMS;M;4938538.0;107101.0;760
201700036108;17;5;27;1815;1;2;2;1.0;5.0;681;01, SALVA. RUE LEON;M;4941256.0;108189.0;760
201700036149;17;8;14;1345;1;2;2;1.0;3.0;681;01, BLOCH. RUE JEAN RICH;M;4940357.0;108527.0;760
201700036174;17;10;14;845;1;2;2;1.0;3.0;216;1, RN 27 (ROUTE DE DIEPP;M;4947609.0;104817.0;760
201700036176;17;10;18;1520;1;2;1;1.0;6.0;540;1, PRE AUX LOUPS. QUAI D;M;4942858.0;110991.0;760
201700036197;17;11;20;1558;1;2;1;1.0;6.0;484;27 RUE DE TURGIS;M;4933837.0;108735.0;760
201700036212;17;12;26;803;5;2;2;1.0;1.0;322;5 AV Philippe Le Bon;M;4940521.0;103013.0;760
201700036258;17;3;29;1245;1;1;1;1.0;3.0;14;103, NEMOURS (AVENUE DE);M;4841095.0;273386.0;770
201700036261;17;4;1;1000;1;1;1;1.0;2.0;186;D606;M;4839669.0;270456.0;770
201700036269;17;8;2;1655;1;1;1;1.0;2.0;186;D606 de l'oblisque   li;M;4838535.0;276552.0;770
201700036329;17;8;27;1910;1;1;2;1.0;3.0;335;D129 X D140;M;4896990.0;282975.0;770
201700036352;17;5;16;1430;1;2;1;1.0;7.0;288;NANGIS  (ROUTE DE);M;4854141.0;268084.0;770
201700036354;17;5;26;1311;1;1;1;1.0;2.0;269;D408;M;4854271.0;270629.0;770
201700036356;17;6;2;1355;1;2;1;1.0;3.0;288;70, ARISTIDE BRIAND  (BO;M;4854489.0;265113.0;770
201700036365;17;9;5;2100;3;1;1;1.0;2.0;518;BOURGOGNE(ROUTE DE);M;4850125.0;262265.0;770
201700036377;17;1;17;1555;1;2;3;1.0;2.0;495;PASTEUR (RUE);M;4856449.0;260989.0;770
201700036385;17;4;4;900;1;1;1;1.0;5.0;180;D216;M;4871912.0;264877.0;770
201700036388;17;4;11;1825;1;1;1;1.0;3.0;114;RD 216;M;4873198.0;268845.0;770
201700036401;17;7;31;1730;1;2;1;1.0;3.0;67;43, TRAMONTANE (RUE DE L;M;4857587.0;260904.0;770
201700036410;17;9;18;700;2;1;1;1.0;2.0;296;PIERRE AUBERGE(AVENUE);M;4862971.0;261250.0;770
201700036432;17;10;19;1953;3;1;1;1.0;2.0;172;D606;M;4835895.0;297757.0;770
201700036458;17;6;8;720;1;2;1;1.0;6.0;468;5, CLEF SAINT PIERRE (AL;M;4885792.0;265952.0;770
201700036465;17;10;29;1030;1;2;6;1.0;3.0;83;93, GENERAL DE  GAULLE (;M;4885025.0;258524.0;770
201700036478;17;2;19;1225;1;1;1;1.0;7.0;374;CD 21;M;4879600.0;271870.0;770
201700036482;17;4;9;1905;1;2;1;1.0;3.0;350;D - AV. GENERAL LECLERC;M;4877779.0;267954.0;770
201700036495;17;6;17;1900;1;2;1;7.0;3.0;390;MALIBRAN (AVENUE DE LA);M;4879927.0;263838.0;770
201700036516;17;10;19;1600;1;2;4;1.0;3.0;390;MALIBRAN (AVENUE DE LA);M;4879880.0;263923.0;770
201700036518;17;10;31;1405;1;1;1;1.0;6.0;350;CD 471;M;4877162.0;270798.0;770
201700036530;17;3;29;2215;3;1;1;1.0;6.0;459;Route Departementale 619;M;4854915.0;332922.0;770
201700036543;17;3;22;1045;1;1;9;1.0;3.0;118;DEPARTEMENTAL 212 (ROUTE;M;4894579.0;266781.0;770
201700036571;17;2;3;2145;5;2;1;1.0;2.0;206;3, RUE DE LA REPUBLIQ;;;;780
201700036574;17;3;26;1910;1;2;6;1.0;1.0;643;EUROPE ROND POINT DE L';M;4897630.0;198194.0;780
201700036624;17;5;26;1410;1;2;1;1.0;6.0;297;BARBUSSE / Rd Pt Schoelc;M;4877287.0;207066.0;780
201700036628;17;7;4;1812;1;2;1;1.0;3.0;297;15, AVENUE DU CENTRE;M;4878679.0;204917.0;780
201700036659;17;10;18;1215;1;2;1;1.0;6.0;361;AVENUE DU GENERAL DE GAU;M;4899666.0;167672.0;780
201700036682;17;4;18;1610;1;1;1;1.0;1.0;227;CD 922;M;4900539.0;190937.0;780
201700036690;17;7;3;1835;1;2;2;1.0;3.0;29;MARNE (AVENUE DE);M;4800000.0;456850.0;780
201700036697;17;9;11;1110;1;1;1;1.0;3.0;638;1, D 922;M;4901910.0;198190.0;780