Num_Acc;an;mois;jour;hrmn;lum;agg;int;atm;col;com;adr;gps;lat;long;dep
201700036701;17;12;1;1935;5;2;2;1.0;3.0;440;51, COQUETIERS (RUE DES);M;4899070.0;192296.0;780
201700036728;17;9;24;1050;1;2;3;1.0;3.0;517;ETANG DE LA TOUR (RUE DE;M;4864584.0;186039.0;780
201700036742;17;3;19;917;1;1;1;1.0;3.0;551;RN 184;;;;780
201700036743;17;4;13;2115;3;1;1;1.0;6.0;551;MAISONS LAFFITTE (ROUTE;M;4890500.0;209360.0;780
201700036781;17;9;17;1140;1;2;1;1.0;3.0;358;37, LAVOISIER (AVENUE);M;4895318.0;213891.0;780
201700036810;17;5;15;1805;1;2;1;1.0;3.0;640;12, GENERAL DE GAULLE (A;M;4878502.0;218262.0;780
201700036812;17;5;25;1920;1;2;2;1.0;3.0;646;CLEMENT ADER (AVENUE);M;4879246.0;211812.0;780
201700036821;17;6;21;727;1;2;1;1.0;3.0;646;3, PARIS (AVENUE DE);M;4880302.0;212680.0;780
201700036834;17;9;12;1100;1;2;2;1.0;3.0;646;BONNE AVENTURE (RUE DE L;M;4880667.0;215561.0;780
201700036839;17;9;25;1805;1;2;1;1.0;3.0;686;136, GENERAL LECLERC (AV;M;4880406.0;216889.0;780
201700036842;17;10;10;920;1;2;1;1.0;7.0;646;23, HOCHE (RUE);M;4880720.0;212858.0;780
201700036843;17;10;11;1843;2;2;2;8.0;3.0;646;PARIS AVENUE DE;M;4879833.0;215346.0;780
201700036854;17;10;20;750;3;2;6;2.0;3.0;158;VERSAILLES (RUE DE);M;4882523.0;212827.0;780
201700036856;17;1;4;1205;1;2;3;1.0;7.0;191;105 RUE DE RIBRAY;M;4632229.0;-47477.0;790
201700036859;17;1;30;2030;5;2;1;1.0;6.0;191;64 AV ST-JEAN-D'ANGELY;M;4631856.0;-46568.0;790
201700036867;17;6;24;1815;1;2;2;1.0;6.0;191;178 RUE MARECHAL LECLERC;M;4633557.0;-45265.0;790
201700036869;17;8;29;2210;5;2;2;1.0;3.0;191;BD DE L'ATLANTIQUE;M;4631967.0;-48599.0;790
201700036876;17;10;7;920;1;2;6;1.0;3.0;191;512 AVENUE DE LIMOGES;M;4631764.0;-41333.0;790
201700036882;17;11;14;840;1;2;1;1.0;6.0;191;7 RUE PIERRE BAUGIER;M;4632762.0;-46672.0;790
201700036892;17;5;2;1820;1;2;2;1.0;3.0;329;BOULEVARD DE HANNUT;M;4697900.0;-20019.0;790
201700036898;17;6;25;1430;1;2;1;1.0;3.0;329;138 RUE JULES MICHELET;M;4697666.0;-19647.0;790
201700036901;17;8;22;955;1;2;1;1.0;2.0;329;BOULEVARD DE GARAMBEAU;M;4697931.0;-19893.0;790
201700036932;17;12;22;1910;5;2;2;1.0;3.0;21;93, MAIL ALBERT 1ER;M;4988865.0;230267.0;800
201700036946;17;2;3;855;1;2;1;1.0;6.0;21;204, RUE DE PARIS;M;4988556.0;228761.0;800
201700036956;17;3;1;1840;5;2;1;1.0;3.0;21;PL MARECHAL JOFFRE;M;4988861.0;230304.0;800
201700036984;17;5;5;1640;1;2;1;1.0;6.0;21;4,RUE GENERAL LECLERC;M;4989478.0;229330.0;800
201700037027;17;8;29;945;1;2;2;1.0;6.0;21;R FRANCS MURIERS;M;4989672.0;230042.0;800
201700037034;17;9;15;220;5;2;1;2.0;2.0;21;34, BD MAIGNAN LARIVIERE;M;4989027.0;229093.0;800
201700037052;17;10;21;1910;5;2;1;2.0;3.0;632;10, RTE DE ROUEN;M;4987421.0;224818.0;800
201700037062;17;11;6;1615;1;2;2;1.0;6.0;21;R DU CAMPUS;M;4987721.0;226980.0;800
201700037074;17;11;29;1400;1;2;1;1.0;6.0;21;R DE VERDUN;M;4989437.0;230944.0;800
201700037091;17;12;14;900;1;2;1;3.0;2.0;21;PL LONGUEVILLE;M;4988877.0;229555.0;800
201700037103;17;2;23;1730;1;2;1;1.0;5.0;4;CORDES (RTE DE);M;4395104.0;212550.0;810
201700037106;17;3;16;1805;1;2;3;1.0;3.0;144;JAURES ( AVENUE JEAN );;;;810
201700037107;17;5;9;1015;1;2;1;1.0;2.0;4;MOULIN (LICES JEAN);M;4392488.0;214850.0;810
201700037131;17;8;22;1335;1;2;2;7.0;3.0;33;93, MARECHAL LECLERC (AV;M;4405247.0;110109.0;820
201700037140;17;2;11;1435;1;2;6;1.0;3.0;121;NC, GIRATOIRE RTE DE COR;M;4399262.0;135043.0;820
201700037143;17;3;30;1710;1;2;2;1.0;3.0;121;NC, MOURETS (AVENUE DES);M;4402063.0;137555.0;820
201700037158;17;11;22;750;5;2;3;1.0;3.0;121;NC, FORESTIE (RUE EDOUAR;M;4401097.0;401097.0;820
201700037164;17;2;3;900;1;2;1;1.0;2.0;50;188, MARTYRS DE LA RESIS;M;4353369.0;646652.0;830
201700037179;17;9;18;735;1;1;1;1.0;2.0;50;0, VAUGINE(AVENUE DE LA);M;4353065.0;650995.0;830
201700037182;17;10;31;1210;1;2;1;1.0;6.0;50;40, JARDIN DES PLANTES;M;4354080.0;646820.0;830
201700037186;17;11;27;1415;1;1;1;1.0;1.0;61;RD8;M;4342692.0;671707.0;830
201700037207;17;10;15;1049;1;2;6;1.0;3.0;61;ROND-POINT DE L'EUROPE;M;4344577.0;673727.0;830
201700037223;17;4;18;1150;1;2;3;1.0;3.0;69;GIENS (ROUTE DE );M;4307441.0;615305.0;830
201700037234;17;6;5;1100;1;1;1;1.0;7.0;69;FRONT DE MER (BOULEVARD);M;4310513.0;617557.0;830
201700037250;17;7;3;1715;1;2;1;1.0;3.0;69;44, Avenue GODILLOT;M;4306491.0;607248.0;830
201700037258;17;7;18;953;1;2;1;7.0;3.0;34;1ERE DFL (AVENUE);M;4309243.0;607645.0;830
201700037280;17;9;28;920;1;2;1;1.0;2.0;69;MARINE (BOULEVARD DE LA);M;4310100.0;617080.0;830
201700037286;17;10;18;1230;1;1;6;1.0;3.0;69;0, NICE (ROUTE DE);M;4312698.0;600000.0;830
201700037289;17;10;30;1600;1;1;1;1.0;2.0;69;1163, COL DU SERRE (CHE);M;4310883.0;608763.0;830
201700037291;17;11;5;1550;1;1;1;7.0;3.0;34;1, RUE DES 3 PINS;M;4310204.0;605702.0;830
201700037307;17;12;7;1600;1;2;1;1.0;3.0;34;GENERAL TOUZET DU VIGIER;M;4309711.0;607960.0;830
201700037310;17;12;21;1000;1;2;3;1.0;3.0;123;775, GARE (ROUTE);M;4312174.0;581935.0;830
201700037315;17;2;2;955;1;2;1;1.0;6.0;123;13, CHARLES DE GAULLE (Q;M;4311770.0;580227.0;830
201700037321;17;3;26;1135;1;2;1;1.0;6.0;129;DE GAULLE (PROMENADE CHA;M;4311301.0;581088.0;830
201700037332;17;6;16;1925;1;2;3;1.0;3.0;123;CONFERENCE (CHEMIN DE LA;M;4312304.0;580664.0;830
201700037347;17;8;10;1020;1;1;1;1.0;6.0;129;100, RAYOLET (CORN DU);M;4308645.0;580887.0;830
201700037362;17;1;10;940;1;2;1;1.0;3.0;126;1, SAUVET (ROND POINT DU;;;;830
201700037363;17;1;10;1815;5;2;9;3.0;3.0;126;5, ANCIENS COMBATANTS D';;;;830
201700037379;17;5;26;829;1;2;9;1.0;3.0;126;BD A. JUIN;M;4310762.0;587736.0;830
201700037385;17;6;18;731;1;1;6;1.0;1.0;126;JANAS (ROUTE DE);M;4308486.0;585916.0;830
201700037392;17;9;13;1900;1;2;1;1.0;3.0;126;;M;4310933.0;585028.0;830
201700037422;17;2;15;1650;1;2;2;1.0;3.0;137;BRIAND (AVE ARISTIDE);M;4312795.0;590655.0;830
201700037432;17;3;20;1250;1;1;1;1.0;3.0;98;1264, BROSSET (AVE du);M;4310928.0;600195.0;830
201700037449;17;4;20;1045;1;1;1;1.0;6.0;137;1, ESTIENNE D'ORVES (AVE;M;4312643.0;591182.0;830
201700037505;17;7;22;1925;1;2;1;1.0;3.0;137;460, BAZEILLES (BD);M;4311215.0;593518.0;830
201700037510;17;8;7;1100;1;2;1;1.0;1.0;137;PELVOUX (CHEMIN DU);M;4315000.0;590000.0;830
201700037516;17;8;19;1600;1;2;3;1.0;3.0;144;TORTEL (AVE JM);M;4314180.0;600209.0;830
201700037544;17;10;30;1715;2;2;1;1.0;6.0;137;20, FRANCE (RUE ANATOLE);M;4312297.0;592966.0;830
201700037549;17;11;5;1530;1;2;1;1.0;3.0;137;264, LE CHATELIER (AVE);M;4313904.0;590245.0;830
201700037561;17;11;28;2050;5;2;3;1.0;3.0;62;FABRI DE PEIRESC (AVE);M;4314096.0;603005.0;830
201700037578;17;12;18;1740;5;2;1;1.0;1.0;137;AVE ARISTIDE BRIAND;M;4312358.0;589571.0;830
201700037597;17;5;13;1517;1;2;6;1.0;2.0;11;TAVEL AVENUE DE;M;4396066.0;474986.0;300
201700037610;17;7;31;555;3;1;1;1.0;1.0;7;1591, AMANDIER (Avenue d;M;4393817.0;484976.0;840
201700037644;17;7;20;1325;1;1;1;1.0;2.0;31;1023, VELLERON ROUTE DE;M;4402382.0;503677.0;840
201700037657;17;10;19;1700;1;2;1;1.0;2.0;35;CHEVAL BLANC-RD 973  (RO;M;4382460.0;506004.0;840
201700037658;17;11;12;2050;3;1;1;2.0;2.0;35;15, VIGNERES-RD98 (ROUTE;M;4385500.0;503216.0;840
201700037662;17;2;13;1130;1;2;3;1.0;3.0;87;POURTOULES (RUE);;;;840
201700037702;17;10;7;1300;1;2;1;1.0;7.0;191;20 RUE DE LA RIPARDIERE;M;4666081.0;-145010.0;850
201700037712;17;10;6;750;1;2;2;1.0;3.0;194;RUE DE LA BAUDUERE;M;4649977.0;177997.0;850
201700037714;17;10;30;1840;5;2;2;1.0;3.0;166;ROND POINT MITTERAND;M;4651318.0;177666.0;850
201700037725;17;1;14;1010;1;2;1;1.0;3.0;194;RUE DES GREEURS;M;4650027.0;178626.0;850
201700037730;17;4;22;2005;2;2;6;1.0;2.0;194;RUE JEAN NICOT;M;4649933.0;-178421.0;850
201700037740;17;6;16;915;1;2;1;1.0;6.0;194;7 AVENUE JEAN JAURES;M;4650000.0;-177968.0;850
201700037741;17;7;6;520;5;2;1;1.0;3.0;60;AVENUE DE TALMONT;M;4648826.0;-174682.0;850
201700037742;17;5;27;945;1;2;6;1.0;6.0;194;ROND POINT DU Dr CHARCOT;M;4650545.0;-178990.0;850
201700037743;17;7;27;1115;1;2;3;1.0;3.0;194;RUE DE PETITE GARLIERE;M;4650089.0;-178556.0;850
201700037751;17;7;30;1810;1;2;1;1.0;2.0;194;49AVENUE ALCIDE GABARET;M;4649597.0;-177524.0;850
201700037757;17;10;23;1645;1;2;2;1.0;3.0;166;RUE CLEMENT ADER;M;4651668.0;178118.0;850
201700037761;17;10;15;25;5;2;1;1.0;6.0;194;43 AVENUE JEAN JAURES;M;4650092.0;177861.0;850
201700037767;17;2;21;1340;1;2;1;1.0;2.0;66;21 AVENUE DE KAYA;M;4683456.0;53145.0;860
201700037769;17;3;4;1800;1;1;1;1.0;2.0;66;----, ROUTE DE MONTHOIRO;M;4677767.0;55182.0;860
201700037788;17;6;15;1115;1;2;2;1.0;3.0;66;RUE ALFRED HERAULT;M;4680765.0;55211.0;860
201700037790;17;6;19;2115;2;2;1;1.0;6.0;66;76 BOULEVARD BLOSSAC;M;4681762.0;54594.0;860
201700037798;17;11;9;925;1;2;6;2.0;3.0;66;ESTREES (BOULEVARD GABRI;M;4681252.0;53051.0;860
201700037832;17;2;21;1800;1;2;2;2.0;3.0;194;PETIT TOUR (RUE DU);M;4657434.0;36172.0;860
201700037869;17;4;13;1230;1;2;1;1.0;6.0;194;BIGNOUX (RUE DE);M;4658460.0;37478.0;860
201700037871;17;4;14;1900;1;2;1;1.0;1.0;194;26, LIBERATION (AVENUE D;M;4657277.0;32750.0;860
201700037878;17;4;28;400;5;2;2;1.0;3.0;194;ANATOLE FRANCE (BOULEVAR;M;4657820.0;35063.0;860
201700037890;17;5;25;1350;1;2;3;1.0;3.0;194;JARDIN DES PLANTES (RUE;M;4658759.0;34888.0;860
201700037897;17;6;6;1;5;2;1;2.0;4.0;194;2, FAUBOURG PONT NEUF (R;M;4657700.0;35235.0;860
201700037901;17;6;15;840;1;2;1;1.0;2.0;194;ROCADE EST (RD 162);M;4657377.0;37144.0;860
201700037927;17;7;30;2250;5;2;1;1.0;3.0;194;61, ANATOLE FRANCE (BOUL;M;4657694.0;34694.0;860
201700037965;17;10;5;1300;1;2;3;1.0;3.0;194;1, NOUAILLE (ROUTE DE);M;4657254.0;35902.0;860
201700037971;17;10;18;1825;1;2;1;1.0;6.0;194;0, JACQUES COEUR (AVENUE;M;4656863.0;37372.0;860
201700037973;17;10;2;840;1;2;1;1.0;6.0;194;8, MONTBERNAGE (COTE DE);M;4658361.0;36000.0;860
201700037984;17;11;6;745;1;2;6;1.0;3.0;194;., VICTOR SCHOELCHER (RU;M;4656062.0;37177.0;860
201700038004;17;12;13;1755;5;2;6;2.0;3.0;194;RECTEUR PINEAU (AVENUE D;M;4656973.0;37995.0;860
201700038035;17;1;23;1922;2;2;2;1.0;3.0;85;01, LARREY (AVENUE DOMIN;M;4581440.0;124194.0;870
201700038083;17;3;14;1018;1;2;1;1.0;3.0;85;19, CATROUX (RUE DU GENE;M;4581380.0;128194.0;870
201700038135;17;6;1;2329;5;2;2;1.0;3.0;85;0, PONT NEUF;M;4582600.0;126801.0;870
201700038170;17;7;25;1458;1;2;1;1.0;6.0;75;0, MARS 1962 (RUE DU 19);M;4580900.0;122592.0;870
201700038182;17;8;7;939;1;2;2;1.0;3.0;85;1, BEL AIR (BOULEVARD DE;M;4581880.0;125205.0;870
201700038190;17;8;17;1826;1;2;1;1.0;6.0;85;112, THOMAS (AVENUE ALBE;M;4583760.0;124000.0;870
201700038191;17;8;19;1612;1;2;1;1.0;6.0;85;3, PILATERIES (RUE DES);M;4591290.0;130257.0;870
201700038233;17;10;3;1742;1;2;3;1.0;7.0;85;120, SABLARD (AVENUE DE);M;4582920.0;127812.0;870
201700038234;17;10;16;816;2;2;3;1.0;3.0;85;0, SAINTE CLAIRE (RUE);M;4582360.0;124053.0;870
201700038277;17;11;20;1842;5;2;1;1.0;6.0;85;LIAISON SUD ( VOIE DE);M;4580880.0;125971.0;870
201700038319;17;8;22;1739;1;2;9;7.0;6.0;160;0, PERRAUL (RUE CHARLES-;M;4818487.0;645656.0;880
201700038334;17;6;7;1820;1;2;1;1.0;7.0;413;18, Rue du Nouvel Hpita;M;4829024.0;696318.0;880
201700038335;17;6;16;2000;1;2;1;1.0;3.0;413;28, QUAI CARNOT;M;4828436.0;695293.0;880
201700038336;17;6;28;1515;1;2;2;1.0;6.0;413;2, Rsistance ( Quai de;M;4828422.0;695643.0;880
201700038343;17;8;23;1405;1;2;1;1.0;7.0;413;Rue du 31me BCP;M;4828483.0;695631.0;880
201700038348;17;10;9;900;1;2;6;1.0;3.0;413;rond point marcel MAUSS;M;4829383.0;693463.0;880
201700038349;17;11;7;2120;5;2;3;2.0;3.0;413;Rue des 4 Frres MOUGEOT;M;4828341.0;695734.0;880
201700038355;17;1;13;1810;5;2;3;2.0;3.0;24;0, CHARLES DE GAULLE (AV;M;4780800.0;356438.0;890
201700038378;17;3;7;1400;1;1;1;1.0;3.0;387;GENERAL DELESTRAINT (RUE;M;4820680.0;329982.0;890
201700038382;17;4;12;940;1;2;1;1.0;2.0;387;19, REPUBLIQUE (RUE);M;4819571.0;328324.0;890
201700038389;17;6;10;1505;1;2;2;1.0;1.0;287;0, ARISTIDE BRIAND (RUE);M;4819545.0;326212.0;890
201700038401;17;10;27;850;1;2;1;1.0;3.0;387;1, PIERRE DE COUBERTIN (;M;4819219.0;329952.0;890
201700038406;17;2;9;1841;4;2;1;1.0;1.0;10;1, CLEMENCEAU (BOULEVARD;;;;900
201700038415;17;6;16;1223;1;2;1;1.0;3.0;10;PREMIERE ARMEE FRANCAISE;M;4700000.0;600000.0;900
201700038418;17;7;13;1255;1;2;1;1.0;1.0;32;44, JACQUOT (RUE DU DOCT;M;4761000.0;686000.0;900
201700038421;17;9;25;706;5;2;3;1.0;6.0;10;4, ALTKIRCH (AVENUE);M;4763027.0;686550.0;900
201700038441;17;3;2;1015;1;1;1;1.0;3.0;552;CHANTELOUP (RUE DE);M;4859670.0;225017.0;910
201700038468;17;5;5;2310;5;2;3;1.0;3.0;347;HEBERT JULIEN (RUE);M;4862979.0;228959.0;910
201700038499;17;7;3;1636;1;2;1;1.0;7.0;552;CHANTELOUP (RUE DE);M;4859668.0;225015.0;910
201700038540;17;10;25;1610;1;2;1;1.0;3.0;103;RUE JEAN JAURES;M;4860788.0;203090.0;910
201700038551;17;11;17;1200;1;2;3;1.0;3.0;103;CAMUS ALBERT (RUE);M;4860914.0;232009.0;910
201700038561;17;12;18;1150;1;2;6;1.0;3.0;103;DESSERTE INDUSTRIELLE  (;M;4859043.0;230154.0;910
201700038597;17;7;6;1405;1;2;3;1.0;3.0;514;BRECHE DES VIGNES (CHEMI;M;4867787.0;253789.0;910
201700038619;17;11;22;1320;1;2;2;1.0;3.0;215;CHARLES GOUNOD (AVENUE);M;4869680.0;253390.0;910
201700038626;17;12;23;1500;1;2;6;2.0;2.0;514;RD 33;M;4867807.0;252706.0;910
201700038629;17;1;13;1150;1;2;1;1.0;6.0;174;6, FONTAINEBLEAU (BD);M;4860015.0;247124.0;910
201700038771;17;10;31;1150;1;2;6;1.0;2.0;223;VICTOIRE (ROND-PO;M;4843703.0;216343.0;910
201700038772;17;10;31;1915;2;2;1;1.0;7.0;223;RUE GABRIEL THOMAS;M;4843880.0;214218.0;910
201700038797;17;3;17;1630;1;2;3;1.0;3.0;228;HALAGE (CHEMIN DU);M;4863554.0;245383.0;910
201700038842;17;12;1;1120;1;2;6;2.0;3.0;687;VICTOR SCHOELCHER (AVENU;M;4864778.0;236705.0;910
201700038846;17;12;14;1420;1;2;3;8.0;1.0;326;CHATILLON (RUE DE);M;4868465.0;238917.0;910
201700038848;17;12;18;1925;5;2;1;1.0;5.0;286;EMILE ALLIAUD (AVENUE);M;4864875.0;237745.0;910
201700038877;17;3;14;815;1;2;1;1.0;2.0;377;CARNOT (AVENUE);M;4872542.0;226164.0;910
201700038880;17;4;10;1250;1;2;1;1.0;6.0;377;LONGJUMEAU (RUE DE);M;4872766.0;228112.0;910
201700038898;17;7;3;1715;1;2;3;1.0;2.0;377;NOYER LAMBERT (AVENU DU);M;4873105.0;229058.0;910
201700038899;17;10;10;2041;5;2;6;1.0;3.0;377;DIX-NEUF MARS 1962 (ROND;M;4873770.0;227260.0;910
201700038924;17;4;3;920;1;2;1;1.0;2.0;421;CHARLES DE GAULLE (AVENU;M;4869521.0;245240.0;910
201700038926;17;5;4;800;1;2;1;1.0;1.0;421;67, RAYMOND POMIER (RUE);M;4870405.0;244425.0;910
201700038930;17;4;18;905;1;2;1;1.0;1.0;421;DUMAY DELILLE (BOULEVARD;M;4869787.0;246538.0;910
201700038945;17;7;10;1630;1;2;4;1.0;3.0;421;SENART (AVENUE DE);M;4870223.0;245489.0;910
201700038949;17;8;3;1015;1;2;2;1.0;3.0;691;GERMAINE(RUE);M;4869920.0;248653.0;910
201700038961;17;9;20;755;1;2;6;1.0;3.0;691;JEAN JAURES(RUE);M;4869445.0;248287.0;910
201700038965;17;10;3;2020;5;2;1;1.0;3.0;421;98, JEAN JAURES (AVENUE);M;4871373.0;244837.0;910
201700039008;17;2;22;1615;1;2;1;1.0;3.0;64;111, PARIS (RUE DE);M;4876533.0;222816.0;910
201700039009;17;12;13;740;3;2;1;2.0;3.0;645;00, VALLEE DE LA BIEVRES;M;4873616.0;223834.0;910
201700039027;17;5;11;655;2;2;1;1.0;1.0;471;RD 128;M;4871513.0;217988.0;910
201700039032;17;5;30;740;1;2;2;1.0;3.0;477;45, HUIT MAI 1945 (AVENU;M;4871062.0;224410.0;910
201700039035;17;5;20;1510;1;2;1;1.0;6.0;692;1, AUBRAC (AVENUE DE L');M;4867735.0;217308.0;910
201700039038;17;6;8;1728;1;2;9;1.0;3.0;477;ALLIES (AVENUE DES);M;4872144.0;224827.0;910
201700039055;17;8;17;1415;1;2;1;1.0;3.0;692;AUBRAC (AVENUE DE L');M;4867779.0;217103.0;910
201700039066;17;10;17;1730;1;2;1;1.0;1.0;692;13, FOREZ (RUE DU);M;4868028.0;217074.0;910
201700039077;17;1;18;800;2;2;6;1.0;3.0;549;ROGER PERRIAUD (PLACE);M;4864079.0;232590.0;910
201700039086;17;4;14;1200;1;2;3;1.0;1.0;549;7, RESISTANCE (AVENUE DE;M;4862410.0;233796.0;910
201700039125;17;7;8;2020;1;2;1;1.0;6.0;432;118, BRIAND (AVENUE ARIS;M;4870131.0;232337.0;910
201700039139;17;12;14;800;2;2;2;8.0;3.0;589;48, BLEUETS (RUE DES);M;4868883.0;235455.0;910
201700039146;17;6;2;1640;1;2;1;1.0;2.0;2;30, CELINE (RUE );M;4875122.0;230056.0;920
201700039156;17;8;16;1245;1;2;2;1.0;6.0;2;GENERAL DE GAULLE (AVENU;;;;920
201700039158;17;8;26;1930;1;2;3;1.0;6.0;2;FONTAINE MOUTON (AVENUE;;;;920
201700039171;17;10;9;940;1;2;3;1.0;6.0;2;PIERRE BROSSOLETTE (BOUL;M;4875456.0;230061.0;920
201700039175;17;6;19;1130;1;2;2;1.0;3.0;14;MARECHAL JOFFRE (BD DU);M;4878316.0;231515.0;920
201700039178;17;11;24;900;1;2;1;2.0;3.0;2;20, RAYMON ARON (AVENUE);M;4876889.0;232112.0;920
201700039191;17;12;28;1330;1;2;2;1.0;3.0;2;34, DIVISION LECLERC (31;M;4875135.0;230456.0;920
201700039194;17;1;24;1610;1;2;2;1.0;6.0;14;MARECHAL JOFFRE (BD DU);;;;920
201700039200;17;3;9;1800;1;2;3;1.0;3.0;2;BONE (RUE DE);;;;920
201700039205;17;4;26;825;1;2;1;1.0;3.0;2;43, RAYMON ARON (AVENUE);;;;920
201700039211;17;5;19;1805;1;2;3;1.0;6.0;2;ARISTIDE BRIAND (AVENUE);;;;920
201700039215;17;1;16;805;5;2;3;1.0;3.0;4;8, VOLTAIRE  ( BD 01 A 1;;;;920
201700039236;17;11;22;1705;1;2;1;1.0;6.0;4;PONT D'ASNIERES;M;;;920
201700039242;17;3;7;900;1;2;3;2.0;1.0;4;BARREAU ( RUE );;;;920
201700039246;17;3;10;1400;1;2;2;1.0;3.0;4;MENIL;;;;920
201700039254;17;12;4;1830;5;2;1;1.0;3.0;4;151, VOLTAIRE ( BD 16 A;M;4891184.0;229983.0;920
201700039271;17;4;20;840;1;2;2;1.0;1.0;4;MARNE   ( AVENUE DE LA );;;;920
201700039278;17;5;9;930;1;2;1;1.0;2.0;4;63, FAIDHERBE ( AVENUE );;;;920
201700039313;17;9;4;1935;1;2;1;1.0;6.0;4;95, MENIL;M;;;920
201700039335;17;11;20;825;2;2;2;1.0;3.0;4;MARNE   ( AVENUE DE LA );M;4890763.0;228348.0;920
201700039337;17;7;17;1030;1;2;2;1.0;3.0;4;NS, MENIL;M;4892456.0;227741.0;920
201700039359;17;4;27;1820;1;2;1;1.0;6.0;7;86, BLAINS (RUE DES) N°;;;;920
201700039362;17;5;18;1850;2;2;3;3.0;3.0;7;7, MARTYRS DE CHATEAUBRI;;;;920
201700039428;17;2;9;1005;1;2;5;4.0;3.0;12;YVES KERMEN (RUE) 3/49 -;M;4882808.0;224110.0;920
201700039430;17;2;10;1910;5;2;1;1.0;3.0;12;28, REPUBLIQUE (BOULEVAR;;;;920
201700039434;17;2;17;1500;1;2;1;1.0;3.0;12;23b, JEAN JAURES (BOULEV;;;;920
201700039448;17;3;14;715;2;2;1;1.0;3.0;12;119, REINE (ROUTE DE LA);;;;920
201700039451;17;3;17;855;1;2;1;1.0;3.0;12;1, PONT DE BILLANCOURT (;;;;920
201700039482;17;5;14;1315;1;2;1;1.0;3.0;12;1bis, JEAN JAURES (BOULE;;;;920
201700039539;17;9;11;1855;1;2;1;1.0;3.0;12;55, PIERRE GRENIER (AVEN;M;4883158.0;222525.0;920
201700039549;17;10;4;2015;5;2;1;1.0;3.0;12;19, MARECHAL DE LATTRE D;M;4884096.0;222573.0;920
201700039566;17;11;4;1600;1;2;1;2.0;3.0;12;7, REINE (ROUTE DE LA) 1;M;;;920
201700039603;17;4;23;1800;1;2;1;1.0;3.0;71;DUCHESSE DU MAINE (AVENU;;;;920
201700039609;17;6;24;1050;1;2;2;1.0;3.0;19;FAYO VINCENT (RUE);;;;920
201700039615;17;7;30;1140;1;2;1;1.0;5.0;71;HONNEUR (ALLEE D');;;;920
201700039616;17;8;1;1800;1;2;2;1.0;1.0;32;41, FAUVETTES (RUE DES);;;;920
201700039649;17;8;6;1500;1;2;2;1.0;2.0;19;0, CLAUDE TREBIGNAUD (AV;M;4879742.0;225293.0;920
201700039667;17;9;28;1940;2;2;1;1.0;3.0;19;CLAUDE TREBIGNAUD (AVENU;M;4879935.0;225380.0;920
201700039671;17;10;30;1250;1;2;2;1.0;3.0;19;0, HEBERT (RUE);M;4881161.0;227518.0;920
201700039728;17;3;14;1820;1;2;2;1.0;6.0;23;0, HENRI BARBUSSE (AVENU;;;;920
201700039732;17;4;3;1810;1;2;4;1.0;3.0;23;0, Nationale 306;;;;920
201700039745;17;5;31;2010;1;2;1;1.0;6.0;60;128, RESISTANCE (AVENUE;;;;920
201700039753;17;4;10;1210;1;2;3;1.0;3.0;24;138, JEAN JAURES (BD) DE;M;4890709.0;230065.0;920
201700039763;17;4;27;1800;1;2;3;1.0;3.0;24;41, MARTRE (RUE) DE (1 A;M;4890026.0;230823.0;920
201700039782;17;12;19;1934;5;2;2;1.0;3.0;24;41, PIERRE BEREGOVOY (RU;M;4890504.0;230080.0;920
201700039783;17;5;22;855;1;2;3;1.0;3.0;24;63, GENERAL LECLERC (RUE;M;4890386.0;231191.0;920
201700039793;17;6;18;1845;1;2;2;1.0;3.0;24;24, VICTOR HUGO (BD);M;4889794.0;231160.0;920
201700039795;17;6;21;2120;1;2;6;1.0;3.0;24;1, REPUBLIQUE (PLACE DE;M;4890299.0;231279.0;920
201700039806;17;7;25;1025;1;2;6;1.0;3.0;24;6, REPUBLIQUE (PLACE DE;M;4890299.0;231279.0;920
201700039860;17;2;4;943;1;2;1;1.0;3.0;25;0, HENRI BARBUSSE (AV);;;;920
201700039876;17;3;2;900;1;2;1;1.0;6.0;25;EUROPE (AV DE L');;;;920
201700039885;17;3;30;1855;1;2;3;1.0;6.0;25;0, VALMY (BD DE);;;;920
201700039887;17;4;3;1815;1;2;1;1.0;6.0;25;125, STALINGRAD (AV DE);;;;920
201700039889;17;4;6;1620;1;2;1;1.0;3.0;25;177, STALINGRAD (AV DE);;;;920
201700039891;17;4;20;919;1;2;1;1.0;6.0;25;2, VERDUN (RUE DE);;;;920
201700039896;17;4;28;1620;1;2;3;1.0;3.0;25;23, SAINT HILAIRE (RUE);;;;920
201700039908;17;5;25;1055;1;2;1;1.0;6.0;25;220, CHARLES DE GAULLE (;;;;920
201700039914;17;6;7;2250;5;2;1;1.0;6.0;25;10, PAUL BERT (RUE);M;4800000.0;224736.0;920
201700039923;17;6;26;1320;1;2;1;1.0;3.0;25;203, COLBERT > 133 & 126;M;4891789.0;222853.0;920
201700039924;17;6;28;2310;5;2;1;1.0;3.0;25;31, VALMY (BD DE);M;4892623.0;225289.0;920