Num_Acc;an;mois;jour;hrmn;lum;agg;int;atm;col;com;adr;gps;lat;long;dep
201700039933;17;7;29;1320;1;2;1;1.0;3.0;25;75, BOURNARD (RUE DU);M;4892323.0;224646.0;920
201700039935;17;8;15;1720;1;2;1;1.0;6.0;25;387, GABRIEL PERI (RUE);M;4891632.0;223410.0;920
201700039955;17;10;2;1650;1;2;2;2.0;6.0;25;200, PRESIDENT SALVADOR;M;4892228.0;223666.0;920
201700039963;17;10;13;1650;1;2;1;1.0;6.0;25;22, VALMY (BD DE);M;4892000.0;225000.0;920
201700039965;17;10;14;2100;5;2;1;1.0;6.0;25;2, BOURNARD (RUE DU);M;4892288.0;225287.0;920
201700039999;17;6;20;1440;1;2;1;1.0;6.0;26;52, GAULTIER;M;4889890.0;224335.0;920
201700040000;17;6;21;855;1;2;1;1.0;6.0;26;182, SAINT DENIS BD (120;M;4890124.0;227166.0;920
201700040004;17;6;26;1625;1;2;1;1.0;6.0;26;51, ALMA;M;4889677.0;225423.0;920
201700040006;17;7;3;830;1;2;1;1.0;6.0;26;12, VERDUN (DE 01 A 61);M;4889772.0;226353.0;920
201700040048;17;11;16;1020;1;2;1;1.0;3.0;26;20, LEONARD DE VINCI;M;4889669.0;223723.0;920
201700040049;17;10;28;1945;5;2;1;1.0;3.0;26;62, NORMANDIE;M;4889876.0;224233.0;920
201700040052;17;10;14;1740;1;2;1;1.0;3.0;26;VERDUN (DE 62 A FIN);M;4889880.0;226251.0;920
201700040070;17;1;12;1300;1;2;1;1.0;7.0;26;62, MISSION MARCHAND (CO;;;;920
201700040084;17;3;27;1720;1;2;1;1.0;7.0;26;117, VERDUN (DE 62 A FIN;;;;920
201700040094;17;5;14;1650;1;2;1;1.0;2.0;26;JOFFRE ( DE 02 A 26 ET D;;;;920
201700040114;17;7;6;755;1;2;1;2.0;3.0;35;7, Belgique ( Place de );M;4890706.0;223998.0;920
201700040115;17;7;7;1925;1;2;2;1.0;6.0;35;47, Pasteur ( rue );M;4890451.0;223635.0;920
201700040133;17;11;22;810;1;2;3;1.0;3.0;35;Général de Gaulle  ( ave;M;4890637.0;225562.0;920
201700040143;17;2;1;953;1;2;1;1.0;6.0;35;91, National ( boulevard;;;;920
201700040147;17;2;22;1210;1;2;1;1.0;3.0;35;9, National ( boulevard;;;;920
201700040170;17;1;29;2040;5;2;2;1.0;6.0;36;52, HENRI BARBUSSE (RUE);;;;920
201700040178;17;2;3;1005;1;2;1;1.0;6.0;36;29, CHANDON (AVENUE) (1/;;;;920
201700040182;17;2;7;700;5;2;2;1.0;2.0;36;0, PETITS MARAIS (CHEMIN;;;;920
201700040190;17;2;28;1100;1;2;3;1.0;6.0;36;0, LUCIEN LANTERNIER (AV;;;;920
201700040200;17;3;20;2045;5;2;2;1.0;3.0;36;0, ARGENTEUIL (AVENUE D';;;;920
201700040224;17;9;13;1450;1;2;3;3.0;3.0;36;PRINCIPALE DU PORT (ROUT;M;4800000.0;220000.0;920
201700040227;17;9;22;2030;5;2;1;1.0;6.0;36;16, MARCEL PAUL (AVENUE);M;4800000.0;220000.0;920
201700040229;17;9;27;840;1;2;1;1.0;6.0;36;0, GENERAL DE GAULLE (AV;M;4800000.0;220000.0;920
201700040231;17;10;2;1040;1;2;1;1.0;6.0;36;65, GRESILLONS (AVENUE D;M;4800000.0;220000.0;920
201700040238;17;10;12;1815;1;2;1;1.0;6.0;36;19, MOULIN DE CAGE (QUAI;M;4800000.0;220000.0;920
201700040246;17;10;31;1220;1;2;1;1.0;2.0;36;39, JULES LAROSE (RUE);M;4893194.0;230105.0;920
201700040249;17;11;16;940;1;2;2;1.0;3.0;36;0, GALLIENI (BOULEVARD);M;4800000.0;220000.0;920
201700040251;17;11;27;1540;1;2;1;1.0;6.0;36;19, REPUBLIQUE (AVENUE D;M;4800000.0;220000.0;920
201700040257;17;10;18;900;2;2;1;1.0;6.0;40;06, QUATRE SEPTEMBRE (DU;M;;;920
201700040266;17;11;30;2010;5;2;1;4.0;6.0;40;35, ROUGET DE L'ISLE;M;4882815.0;226675.0;920
201700040281;17;7;20;1825;1;2;1;1.0;6.0;40;22, GAMBETTA (BOULEVARD);M;4882774.0;227509.0;920
201700040304;17;2;7;2210;5;2;1;1.0;6.0;40;3, VOLTAIRE (BOULEVARD);;;;920
201700040314;17;3;27;1315;1;2;1;1.0;6.0;40;1, DOCTEUR LOMBARD (DU);;;;920
201700040334;17;6;19;2330;5;2;1;1.0;7.0;44;14, P.V.COUTURIER(RUE)1A;M;4889276.0;228547.0;920
201700040379;17;12;29;1218;1;2;1;8.0;3.0;44;20, J. GUESDE(RUE) 1A23;M;4889276.0;228547.0;920
201700040409;17;5;18;1120;1;2;1;1.0;6.0;44;88, PDT WILSON(RUE)77A10;;;;920
201700040415;17;6;21;1957;1;2;1;1.0;3.0;48;1, PIERRE AUX MOINES (RU;M;4878468.0;222861.0;920
201700040421;17;8;23;1045;1;2;1;1.0;7.0;48;., ROYALE (ROUTE);M;4881006.0;222770.0;920
201700040422;17;8;29;1210;1;2;3;1.0;3.0;48;., MARCEL ALLEGOT (RUE);M;4882210.0;222626.0;920
201700040442;17;1;10;1110;1;1;1;2.0;6.0;48;., ROYALE PROLONGEE (ROU;;;;920
201700040452;17;2;21;845;1;2;1;1.0;1.0;48;04, VERRERIE (RUE DE LA);;;;920
201700040453;17;3;5;2255;5;2;1;1.0;3.0;48;105, HENRI BARBUSSE (RUE;;;;920
201700040454;17;3;12;1215;1;2;3;1.0;3.0;48;HENRI BARBUSSE (RUE);;;;920
201700040468;17;1;10;818;2;2;6;1.0;3.0;49;JAURES PLACE JEAN;;;;920
201700040473;17;1;16;922;1;2;1;1.0;3.0;49;182, DORMOY AVENUE MARX;;;;920
201700040487;17;2;28;1905;5;2;1;1.0;6.0;49;205, BROSSOLETTE AVENUE;;;;920
201700040522;17;5;16;1215;1;2;2;1.0;6.0;49;1, REPUBLIQUE AVENUE DE;;;;920
201700040533;17;6;19;2245;5;2;1;1.0;6.0;49;73, REPUBLIQUE AVENUE DE;M;4881453.0;231725.0;920
201700040543;17;7;13;605;1;2;1;1.0;6.0;49;25, DORMOY AVENUE MARX N;M;4880980.0;232234.0;920
201700040544;17;7;13;635;1;2;1;1.0;2.0;49;97, BRIAND AVENUE ARISTI;M;4881410.0;232617.0;920
201700040564;17;9;10;2130;5;2;1;1.0;6.0;49;44, GINOUX AV. HENRI N°1;M;4881903.0;232296.0;920
201700040570;17;9;20;1900;1;2;3;1.0;3.0;49;BROSSOLETTE AVENUE PIERR;M;4881192.0;230079.0;920
201700040579;17;10;14;1155;1;2;1;1.0;3.0;20;107, VANVES BOULEVARD N°;M;4881010.0;218229.0;920
201700040596;17;11;22;908;1;2;1;1.0;2.0;20;50, PAIX AVENUE DE LA N°;M;4880574.0;228335.0;920
201700040637;17;3;8;930;1;2;1;1.0;1.0;50;3, PORT RUE DU;;;;920
201700040660;17;5;23;1240;1;2;1;1.0;1.0;50;néant, REPUBLIQUE AVENUE;;;;920
201700040671;17;6;13;725;1;2;9;1.0;7.0;50;47, HAVRE BOULEVARD DU;M;4891907.0;222243.0;920
201700040673;17;6;13;1520;1;2;9;1.0;3.0;50;84, LENINE VLADIMIR ILIT;M;4888821.0;219327.0;920
201700040718;17;9;25;1830;1;2;9;1.0;6.0;50;56, STALINGRAD RUE DE;M;4889455.0;219349.0;920
201700040745;17;11;22;1240;1;2;3;1.0;6.0;50;46, SEINE BOULEVARD DE;M;4820000.0;233000.0;920
201700040770;17;6;3;2100;1;2;1;2.0;6.0;51;50 BIS, PERRONET (RUE, N;;;;920
201700040817;17;1;13;1000;1;2;1;1.0;6.0;51;137, ACHILLE PERETTI (AV;;;;920
201700040850;17;6;27;1045;1;2;1;1.0;6.0;62;99, JAURES (RUE JEAN) DU;M;4888234.0;223976.0;920
201700040920;17;1;19;1020;1;2;3;1.0;1.0;63;****, DANTON (RUE);;;;920
201700040923;17;10;19;2015;5;2;3;1.0;1.0;63;****, DIX-HUIT JUIN 1940;M;4886697.0;219974.0;920
201700040931;17;10;27;720;5;2;1;1.0;2.0;63;****, COLMAR (AVENUE DE);M;4888723.0;216922.0;920
201700040940;17;3;2;1930;2;2;1;1.0;2.0;63;354, BONAPARTE (AVENUE N;;;;920
201700040941;17;11;19;1035;1;2;1;2.0;6.0;63;77, GUIONIS (RUE DU DOCT;M;4888632.0;218402.0;920
201700040946;17;3;14;1800;1;2;2;1.0;3.0;63;****, JUIN (AVENUE DU MA;;;;920
201700040948;17;3;21;1400;1;2;1;1.0;6.0;63;114, BROSSOLETTE (RUE PI;M;4888438.0;218735.0;920
201700040951;17;12;9;2015;5;2;1;1.0;1.0;63;49, HUGO (AVENUE VICTOR);M;4888465.0;217780.0;920
201700040980;17;7;5;30;5;2;2;1.0;3.0;63;****, MASSENA (RUE);M;4887347.0;217921.0;920
201700040983;17;7;24;1350;1;2;3;1.0;6.0;63;****, GIQUEL (QUAI ADOLP;M;4888825.0;216448.0;920
201700041008;17;2;18;1330;1;2;1;1.0;7.0;33;09, DIX NEUF JANVIER;;;;920
201700041025;17;4;14;1905;1;2;2;1.0;3.0;64;0, MARIUS FRANAY;;;;920
201700041028;17;5;4;920;1;2;1;1.0;3.0;64;29, D'ORLEANS;;;;920
201700041030;17;5;24;1900;1;2;2;1.0;3.0;76;00, SAINT GILLES;;;;920
201700041069;17;10;14;1650;1;2;1;1.0;3.0;64;10, CAMP CANADIEN;M;4885286.0;220591.0;920
201700041083;17;12;28;950;1;2;1;1.0;3.0;33;11, HENRI BERGSON;M;4884129.0;218030.0;920
201700041091;17;6;28;1250;1;2;1;1.0;3.0;77;., Rue de Saint Cloud;M;4882709.0;218878.0;920
201700041102;17;8;4;1925;1;2;1;1.0;3.0;22;1986, SALENGRO (AVENUE R;M;4880574.0;218457.0;920
201700041106;17;8;21;1535;1;2;1;1.0;6.0;72;51, GRANDE RUE;M;4882485.0;221444.0;920
201700041113;17;9;12;1930;2;2;1;1.0;1.0;77;01, MARNES (RUE DE);M;4882700.0;218739.0;920
201700041117;17;9;29;805;1;2;1;1.0;3.0;22;1956, SALENGRO (AVENUE R;M;4880609.0;218456.0;920
201700041138;17;1;23;1733;5;2;1;1.0;3.0;72;14, VILLE D'AVRAY (RUE D;;;;920
201700041144;17;3;5;1040;1;2;1;3.0;6.0;22;1383, SALENGRO (AVENUE R;;;;920
201700041158;17;5;8;1425;1;2;3;1.0;3.0;22;PAVE DES GARDES (RUE DU);;;;920
201700041159;17;5;12;1135;1;2;3;1.0;3.0;77;., SEVRES (RUE DE);;;;920
201700041187;17;6;11;1315;1;2;1;1.0;2.0;73;26, GALLIENI (QUAI);M;4887147.0;223274.0;920
201700041189;17;7;11;1010;1;2;1;1.0;3.0;73;38, SELLIER (BOULEVARD H;M;4886864.0;222448.0;920
201700041213;17;6;12;1350;1;2;1;1.0;7.0;75;19, JEAN BAPTISTE POTIN;M;4882028.0;228196.0;920
201700041215;17;10;3;2030;5;2;2;1.0;1.0;46;1, CAMELINAT;M;4881472.0;229685.0;920
201700041217;17;11;8;8;5;2;1;1.0;7.0;75;18, ANTOINE FRATACCI (RU;M;4882155.0;228689.0;920
201700041220;17;7;5;1500;1;2;1;1.0;3.0;46;28, DE STALINGRAD;M;;;920
201700041233;17;10;19;1600;1;2;6;1.0;3.0;75;1, HENRI BARBUSSE (ROND;M;4881440.0;228790.0;920
201700041247;17;11;7;945;1;2;1;1.0;7.0;75;16, RAYMOND MARCHERON (R;M;4881840.0;226600.0;920
201700041258;17;4;7;1745;1;2;3;1.0;6.0;46;94, GABRIEL PERI;;;;920
201700041260;17;4;19;1340;1;2;2;1.0;6.0;46;55, Charles de gaulle;M;;;920
201700041261;17;4;24;1840;1;2;3;1.0;6.0;46;1, AUGUSTIN DUMONT;;;;920
201700041265;17;5;18;920;1;2;2;1.0;3.0;46;FABIEN/JOINVILLE;;;;920
201700041266;17;5;20;39;1;2;1;1.0;7.0;46;52, GABRIEL PERI;;;;920
201700041276;17;4;12;2150;5;2;1;1.0;1.0;78;0, MOULIN CAGE (QUAI);;;;920
201700041280;17;5;20;1415;1;2;1;1.0;3.0;78;05, GALLIENI (BD) (1 A 7;;;;920
201700041338;17;3;20;1435;1;2;6;1.0;3.0;1;66, GOULET (RUE DU) 26/3;;;;930
201700041382;17;7;21;920;1;2;2;1.0;3.0;1;76, ANDRE KARMAN (RUE);;;;930
201700041385;17;7;24;1615;1;2;1;1.0;3.0;1;LEOPOLD RECHOSSIERE (RUE;;;;930
201700041400;17;9;10;1715;1;2;1;1.0;5.0;1;REPUBLIQUE (AVE DE LA );;;;930
201700041406;17;9;18;1915;2;2;6;8.0;3.0;1;2, PONT BLANC.CHARLES TI;M;4891447.0;239193.0;930
201700041409;17;9;24;1920;1;2;1;1.0;1.0;1;25, GAETAN LAMY (RUE);M;4891641.0;236807.0;930
201700041426;17;11;7;1020;1;2;1;1.0;3.0;1;1, REPUBLIQUE (AVE DE LA;M;4891371.0;238246.0;930
201700041439;17;12;14;1725;2;2;1;2.0;3.0;1;85, FELIX FAURE (BLD) =>;M;4890570.0;238080.0;930
201700041448;17;1;17;915;1;2;2;8.0;3.0;71;0, WESTINGHOUSE (BOULEVA;;;;930
201700041509;17;6;9;1800;1;2;1;1.0;2.0;5;PAUL CEZANNE (RUE);M;4895235.0;248967.0;930
201700041516;17;6;29;1230;1;2;1;1.0;3.0;5;121, MITRY [CD115] (RUE;;;;930
201700041600;17;6;22;2040;1;2;1;1.0;1.0;7;15, DANIEL CASANOVA (CIT;;;;930
201700041670;17;4;23;900;1;2;1;1.0;2.0;8;49, BARBUSSE (AVENUE HEN;M;4890831.0;242718.0;930
201700041730;17;4;28;920;1;2;1;2.0;2.0;10;BONDY (PONT);;;;930
201700041749;17;6;23;1530;1;2;3;1.0;3.0;10;AULNAY (PONT D');;;;930
201700041851;17;1;28;1220;1;2;2;1.0;3.0;47;JEAN JAURES (AVENUE);;;;930
201700041858;17;3;12;1805;2;2;1;1.0;1.0;14;21, SEVIGNE (RESIDENCE );;;;930
201700041867;17;4;19;1220;1;2;1;1.0;7.0;14;22, PIERRE SIMON (ALLEE);;;;930
201700041870;17;5;5;1852;1;2;1;1.0;1.0;47;ARAGO  (PLACE);;;;930
201700041879;17;6;7;2020;1;2;3;7.0;1.0;47;4, HIRONDELLES (AVENUE D;;;;930
201700041885;17;6;30;1825;1;2;1;8.0;3.0;14;GAGARINE (BOULEVARD);;;;930
201700041905;17;9;26;2025;5;2;3;1.0;2.0;47;JEAN JAURES (AVENUE);;;;930
201700041908;17;10;4;2115;5;2;1;1.0;3.0;14;EMILE ZOLA (BOULEVARD);M;4890836.0;255617.0;930
201700041971;17;5;25;1730;1;2;1;1.0;2.0;27;33, ROCHET (RUE WALDECK);M;4893535.0;240297.0;930
201700042058;17;1;18;1100;1;2;1;1.0;3.0;29;126, STALINGRAD (DE);;;;930
201700042059;17;1;18;1527;1;2;1;1.0;6.0;29;82, HENRI BARBUSSE (AVE);;;;930
201700042070;17;3;13;1940;5;2;1;1.0;1.0;29;10, TEILER (AVENUE);;;;930
201700042071;17;3;15;2315;5;2;1;1.0;3.0;29;129, ANATOLE FRANCE;;;;930
201700042078;17;4;7;1637;1;2;1;1.0;3.0;27;1, Charles de Gaulle ( r;;;;930
201700042139;17;1;19;905;1;2;3;1.0;5.0;31;DIX HUIT JUIN 1940 (AVEN;;;;930
201700042148;17;3;18;2050;5;2;2;1.0;1.0;31;JOFFRE (AVENUE);;;;930
201700042172;17;5;30;1900;1;2;1;1.0;1.0;31;0, LACEPEDE;;;;930
201700042176;17;6;4;1140;1;2;1;1.0;3.0;31;203, REPUBLIQUE (AVENUE);;;;930
201700042180;17;6;15;810;1;2;2;1.0;3.0;31;JOFFRE (AVENUE);;;;930
201700042191;17;7;12;1545;1;2;1;8.0;5.0;79;JEAN BAPTISTE CLEMENT;;;;930
201700042197;17;8;30;1230;1;2;1;1.0;2.0;31;12, ARMENTIERES (RUE D');;;;930
201700042275;17;6;22;1015;1;2;9;1.0;3.0;27;MONTGUICHET  (CHEMIN DE);;;;930
201700042305;17;2;23;710;2;2;2;1.0;3.0;63;80, BARBUSSE HENRI BOULE;;;;930
201700042320;17;5;18;858;1;2;1;8.0;6.0;6;100, GALLIENI  AV.;;;;930
201700042336;17;7;17;1240;1;2;1;1.0;3.0;63;81, BRANLY BD EDOUARD;;;;930
201700042350;17;9;11;2225;5;2;2;2.0;1.0;6;0, GAL LECLERC AV. DU;M;;;930
201700042358;17;10;5;1620;2;2;2;2.0;3.0;6;0, LENINE RUE;M;;;930
201700042359;17;10;5;2020;5;2;2;8.0;3.0;6;0, GAMBETTA AV.;M;;;930
201700042360;17;10;6;1844;1;2;1;1.0;3.0;6;RASPAIL AVENUE;M;;;930
201700042363;17;10;19;1630;1;2;3;1.0;3.0;6;7, GAMBETTA AV.;M;;;930
201700042414;17;7;21;2055;1;2;5;1.0;3.0;46;1, MAURICE BERTHEAUX ALL;M;4891136.0;251682.0;930
201700042457;17;1;12;720;5;2;2;2.0;1.0;74;RACINE RUE;;;;930
201700042522;17;5;16;1550;1;2;1;1.0;3.0;48;5, RASPAIL (RUE);;;;930
201700042531;17;6;6;1800;1;2;1;2.0;2.0;48;36, STALINGRAD (RUE DE);;;;930
201700042545;17;7;2;2320;5;2;3;1.0;3.0;48;130, VINCENNES (RUE DE);;;;930
201700042551;17;7;22;1950;1;2;1;2.0;3.0;48;12, REPUBLIQUE (RUE DE L;;;;930
201700042565;17;9;7;1650;1;2;3;1.0;3.0;48;148, ETIENNE MARCEL (RUE;;;;930
201700042569;17;9;18;1640;1;2;1;1.0;3.0;48;4, GABRIEL PERI (AVENUE);;;;930
201700042577;17;10;20;1820;2;2;1;1.0;6.0;48;25, FRANKLIN (RUE);M;4886313.0;244378.0;930
201700042580;17;10;21;1208;1;2;2;1.0;3.0;48;STALINGRAD (RUE DE);M;4885464.0;244725.0;930
201700042582;17;10;27;2005;5;2;1;1.0;3.0;48;37, VALMY (RUE DE);M;4885085.0;241884.0;930
201700042584;17;11;1;1420;1;2;1;1.0;3.0;48;49, LE NAIN DE TILLEMONT;M;;;930
201700042588;17;11;7;1845;5;2;1;1.0;5.0;48;21, FRANKLIN (RUE);M;4886141.0;244384.0;930
201700042592;17;11;16;1502;1;2;9;1.0;1.0;48;147, ROSNY (RUE DE);M;;;930
201700042609;17;12;21;1810;5;2;2;2.0;3.0;48;73, SAINT DENIS (RUE);M;4887300.0;245400.0;930
201700042632;17;6;29;1031;1;2;9;8.0;3.0;49;FAIDHERBE (RUE);;;;930
201700042743;17;8;16;1010;1;2;1;1.0;3.0;51;1, LEON BERNARD;M;4884971.0;255289.0;930
201700042787;17;4;26;834;1;2;7;1.0;3.0;53;JEANNE D'ARC (PLACE);;;;930
201700042806;17;9;11;810;1;2;2;1.0;6.0;53;NEUILLY (RUE DE) N° 4 A;M;4890374.0;247028.0;930
201700042821;17;3;30;1940;1;2;1;1.0;6.0;55;24, AISNE (QUAI DE );;;;930
201700042856;17;10;15;1355;1;2;1;1.0;7.0;55;13, CIMETIERE PARISIEN (;M;4890874.0;239968.0;930
201700042895;17;3;1;1740;1;2;9;3.0;3.0;27;GALLIENI (AVENUE DU GENE;;;;930
201700042903;17;4;4;855;1;2;3;1.0;3.0;62;RESISTANCE (AVENUE DE LA;M;4889459.0;251337.0;930
201700042974;17;12;13;1816;5;2;1;2.0;6.0;77;31, ROSNY (AVENUE DE);M;4888000.0;250000.0;930
201700043050;17;12;8;850;1;2;1;2.0;2.0;64;00, WALESA (AVENUE LECH);M;;;930
201700043066;17;1;19;1300;1;2;1;1.0;6.0;66;14, SAULNIER JULES;;;;930
201700043197;17;8;28;927;1;2;2;1.0;3.0;66;CASANOVA DANIELLE NR 2 A;M;4892900.0;236651.0;930
201700043217;17;9;30;1400;1;2;1;1.0;6.0;66;47, PHARMA. CINGALA 40 B;M;4893657.0;234996.0;930
201700043244;17;11;8;1120;1;2;1;1.0;3.0;66;GARCIA CHRISTINO;M;4891000.0;236000.0;930
201700043306;17;7;26;1220;1;2;1;1.0;1.0;70;14, MICHELET(AV):N°1AU 1;;;;930
201700043324;17;10;19;1420;1;2;1;1.0;3.0;70;132, GABRIEL-PERI (AV);M;;;930
201700043328;17;11;5;205;3;2;1;2.0;3.0;70;MICHELET(AV):N°1AU 103;M;4890134.0;234415.0;930
201700043354;17;3;15;1850;5;2;3;1.0;3.0;70;CHARLES SCHMIDT(RUE) : D;;;;930
201700043424;17;7;13;1645;1;2;1;1.0;6.0;59;0, EMILE ZOLA (AVENUE);;;;930
201700043435;17;9;6;1500;1;2;1;1.0;6.0;59;11, ETIENNE DOLET (RUE);M;4896598.0;236568.0;930
201700043473;17;1;20;845;1;2;3;1.0;3.0;78;SACCO ET VANZETTI (AVENU;;;;930
201700043505;17;6;13;1200;1;2;2;1.0;3.0;73;FLANDRE (RUE DE);;;;930
201700043506;17;6;10;1410;1;2;1;1.0;6.0;73;108, HUITIEME (AVENUE);M;4896346.0;257375.0;930
201700043508;17;6;16;2020;1;2;3;1.0;3.0;78;6, BOUCHER (ALLEE HELENE;M;4896440.0;254079.0;930
201700043518;17;6;24;1830;1;2;2;1.0;3.0;78;DAMBEL (AVENUE EMILE);;;;930
201700043520;17;6;26;1600;1;2;9;3.0;6.0;73;ARGONNE (RUE D');;;;930
201700043597;17;9;17;915;1;2;2;2.0;3.0;2;0101, GENERAL CHARLES DE;M;4881460.0;241389.0;940
201700043609;17;11;14;2320;5;2;3;1.0;3.0;2;12, CARNOT (BD);;;;940
201700043610;17;11;23;1945;5;2;1;2.0;6.0;2;EMILE ZOLA (R);;;;940
201700043619;17;1;24;1645;1;2;1;8.0;6.0;2;108, VERON (R);;;;940
201700043633;17;4;21;10;5;2;3;1.0;3.0;2;EMILE ZOLA (R);;;;940
201700043640;17;5;26;1320;1;2;1;1.0;3.0;2;115, ETIENNE DOLET (R);;;;940
201700043646;17;6;11;1000;1;2;3;1.0;1.0;47;2, PASTEUR/ LECLERC;M;4870263.0;254443.0;940
201700043652;17;6;18;2330;5;2;1;1.0;2.0;47;114bis, VERDUN (R DE);M;4870647.0;255447.0;940
201700043694;17;9;23;1055;1;1;6;1.0;3.0;70;LESIGNY (R DE);M;4872574.0;257813.0;940
201700043707;17;10;19;900;1;2;4;1.0;3.0;75;25, MAIRIE (AV DE LA);M;4872434.0;253594.0;940
201700043721;17;11;10;1420;1;2;3;2.0;3.0;70;00, VIGNES (CHE DES);M;4872845.0;256888.0;940
201700043767;17;2;1;1350;1;2;2;1.0;3.0;4;LECLERC/DE GAULLE;M;4875510.0;250528.0;940
201700043788;17;3;22;1540;1;2;1;1.0;3.0;71;9TER, MAURICE BERTEAUX (;;;;940
201700043789;17;3;23;630;1;2;1;1.0;3.0;75;33, GRANGE (RTE DE LA);;;;940
201700043792;17;6;1;1430;1;2;1;1.0;3.0;4;28 ter, VALENTON (R DE);M;4874532.0;250790.0;940
201700043799;17;4;29;940;1;2;1;1.0;3.0;75;26, LIEUTENANT DAGORNO (;;;;940
201700043812;17;5;29;825;1;2;3;1.0;3.0;4;00, BREVANNES (R DE);;;;940
201700043840;17;3;8;2210;5;2;1;2.0;2.0;17;75, SALVADOR ALLENDE (AV;;;;940
201700043845;17;3;21;1155;1;2;1;1.0;2.0;17;102, CHARLES DE GAULLE (;;;;940
201700043846;17;3;21;1025;1;2;1;1.0;6.0;17;26, VETERANS (R DES);;;;940
201700043858;17;5;5;1905;1;2;1;1.0;6.0;17;261, GENERAL DE GAULLE (;;;;940
201700043870;17;5;31;1415;1;2;1;1.0;1.0;17;R HENRI DUNANT;;;;940
201700043877;17;6;16;830;1;2;2;1.0;3.0;17;JEAN JAURES/WILL;M;4881460.0;250795.0;940
201700043888;17;7;7;940;1;2;1;1.0;1.0;17;CORNE DE BOEUF (R DE LA);M;4881193.0;253965.0;940
201700043889;17;7;9;1020;1;2;1;1.0;2.0;17;HENRI-MARIE LE BOURSICAU;M;4881477.0;252454.0;940
201700043921;17;10;6;1351;1;2;2;3.0;1.0;17;3GALLIENI (QU);;;;940
201700043924;17;10;28;1150;1;2;2;2.0;1.0;17;3PLATANES (R DES);;;;940
201700043956;17;6;26;1800;1;2;1;1.0;3.0;18;122, GRAVELLE (AV DE);M;4882408.0;242667.0;940
201700043961;17;7;3;445;2;2;2;1.0;3.0;18;PARIS/LIBERTE;M;4882589.0;240691.0;940
201700043989;17;4;7;1510;1;2;1;1.0;3.0;69;109, GRAVELLE (AV DE);;;;940
201700044065;17;5;28;1125;1;2;3;1.0;3.0;53;MENDES-FRANCE/BRIE;;;;940
201700044076;17;6;25;810;1;2;1;1.0;3.0;53;79, AV P. MENDES FRANCE;M;4876947.0;254299.0;940
201700044078;17;6;27;1330;1;2;1;1.0;1.0;59;169, MAURICE BERTEAUX (A;M;4880267.0;257433.0;940
201700044079;17;6;30;1640;1;2;3;3.0;7.0;19;CASENAVE / SUCY;M;4878762.0;252063.0;940
201700044129;17;11;2;1805;2;2;3;1.0;3.0;19;21, COEUILLY (AV DE);;;;940
201700044132;17;11;8;1230;1;2;1;1.0;7.0;59;12, MAURICE PONROY (AV);;;;940
201700044174;17;7;31;1545;1;2;1;1.0;3.0;54;HUIT MAI 1945 (PL DU);M;4874165.0;240249.0;940
201700044255;17;5;23;2025;1;2;3;1.0;3.0;22;BASCOUT (R);;;;940
201700044292;17;1;20;848;1;2;1;1.0;6.0;28;22, PAULINE.(AVENUE);;;;940
201700044293;17;1;21;1600;1;2;1;1.0;7.0;28;0, MATISSE(RUE HENRI);;;;940
201700044299;17;2;8;1310;1;2;1;1.0;3.0;28;NC, ARCOS.(RUE RENE);;;;940
201700044306;17;3;6;1150;1;2;1;2.0;1.0;28;nc, LAFERRIERE(AVENUE);;;;940
201700044315;17;3;22;2023;5;2;1;2.0;1.0;11;nc, ROSTAND.(RUE JEAN);;;;940
201700044334;17;4;24;1250;1;2;1;1.0;6.0;28;NC, BOEUFS(CHEMIN DES);;;;940
201700044342;17;4;30;1455;1;2;1;1.0;1.0;28;0, DUVAUCHEL(STADE);;;;940
201700044368;17;6;15;2055;1;2;1;1.0;3.0;28;POMPADOUR(ROUTE DE LA);M;4876761.0;246771.0;940
201700044386;17;7;11;1235;1;2;3;1.0;3.0;28;SAVAR/MARIN;M;4877400.0;246910.0;940
201700044409;17;9;21;750;1;2;1;1.0;3.0;28;BUS, CHOISY(ROUTE DE);M;4877900.0;-244300.0;940
201700044424;17;10;13;1646;1;2;9;1.0;3.0;28;1, PRAIRIE(RUE DE LA);M;4879636.0;246791.0;940
201700044438;17;11;10;1930;5;2;2;2.0;6.0;28;PINSONS(RUE DES);;;;940
201700044490;17;5;6;1520;1;2;1;2.0;6.0;33;98, MOULINS (R DES);;;;940
201700044495;17;5;30;940;1;2;1;8.0;6.0;33;DALAYRAC (R);;;;940
201700044496;17;6;1;945;1;2;3;1.0;2.0;33;ORMES / GUERIN LEROUX;M;4884897.0;247626.0;940
201700044518;17;10;17;1512;1;2;1;1.0;3.0;33;33, MARECHAL DE LATTRE D;M;4885730.0;249140.0;940
201700044539;17;1;23;1005;1;2;6;1.0;7.0;76;1, MARCEL PAUL (R);;;;940
201700044550;17;2;16;945;1;2;1;2.0;3.0;3;1, ARISTIDE BRIAND (AV);;;;940
201700044552;17;2;16;1810;5;2;1;3.0;3.0;3;42, ARISTIDE BRIAND (AV);;;;940
201700044554;17;2;19;1205;1;2;4;1.0;3.0;3;22, ARISTIDE BRIAND (AV);;;;940
201700044595;17;5;3;1500;1;2;2;2.0;3.0;76;148, MAXIME GORKI (BD);;;;940
201700044637;17;9;19;1015;1;2;1;2.0;3.0;3;03, CONVENTION (AV DE LA;M;4879962.0;233292.0;940