Num_Acc;an;mois;jour;hrmn;lum;agg;int;atm;col;com;adr;gps;lat;long;dep
201700053961;17;12;19;1820;5;2;1;1.0;2.0;108;PLACE DE LA CONCORDE;M;4886500.0;232130.0;750
201700053972;17;1;3;1620;1;2;2;1.0;3.0;109;RUE TAITBOUT;M;4887620.0;233536.0;750
201700053980;17;1;19;800;2;2;7;1.0;3.0;109;1, PLACE DE CLICHY;M;4888330.0;232715.0;750
201700053984;17;1;27;2110;5;2;7;1.0;3.0;109;10, PLACE DE L OPERA;M;4887120.0;233237.0;750
201700053988;17;2;2;1920;5;2;7;1.0;6.0;109;3 BIS, PLACE DE L OPERA;M;4887070.0;233257.0;750
201700053992;17;2;11;1250;1;2;3;1.0;3.0;109;16, BOULEVARD POISSONNIE;M;4887110.0;234568.0;750
201700053995;17;2;16;825;1;2;3;1.0;3.0;101;160, RUE DE RIVOLI;M;4886130.0;233977.0;750
201700053997;17;2;23;1300;1;2;2;1.0;6.0;109;43, RUE CONDORCET;M;4888020.0;234373.0;750
201700054004;17;3;7;1615;1;2;3;1.0;6.0;109;83, RUE DE ROCHECHOUART;M;4888240.0;234669.0;750
201700054008;17;3;13;1200;1;2;1;1.0;3.0;109;23, RUE LE PELETIER;M;4887300.0;233862.0;750
201700054009;17;3;13;1820;1;2;1;1.0;3.0;109;36, RUE LAFFITTE;M;4887380.0;233794.0;750
201700054016;17;3;25;920;1;2;1;1.0;7.0;109;RUE SAINT GEORGES;M;4887710.0;233717.0;750
201700054022;17;4;7;1715;1;2;2;1.0;6.0;109;06, RUE CHORON;M;4887730.0;234226.0;750
201700054023;17;4;11;930;1;2;2;1.0;6.0;109;54, BOULEVARD HAUSSMANN;M;4887360.0;232832.0;750
201700054025;17;4;13;1900;1;2;3;1.0;6.0;109;43, RUE LA FAYETTE;M;4887480.0;233976.0;750
201700054028;17;4;18;1920;1;2;1;1.0;3.0;109;11, RUE DES MATHURINS;M;4887300.0;232898.0;750
201700054031;17;4;24;910;1;2;5;1.0;3.0;103;55, BOULEVARD SAINT MART;M;4886900.0;235558.0;750
201700054032;17;4;24;950;1;2;1;1.0;6.0;109;18, BOULEVARD MONTMARTRE;M;4887190.0;234070.0;750
201700054034;17;4;25;1305;1;2;7;1.0;6.0;109;PLACE D ESTIENNE D ORVES;M;4887620.0;233109.0;750
201700054047;17;5;29;1945;1;2;3;1.0;3.0;109;33, RUE RICHER;M;4887400.0;234428.0;750
201700054050;17;6;10;1720;1;2;7;1.0;3.0;109;11, RUE AUBER;M;4887300.0;232827.0;750
201700054071;17;7;12;920;1;2;3;1.0;6.0;101;172, RUE DE RIVOLI;M;4886270.0;233525.0;750
201700054074;17;7;22;1740;1;2;4;1.0;3.0;109;1, RUE BUFFAULT;M;4887480.0;234136.0;750
201700054091;17;9;17;1410;1;2;7;1.0;2.0;109;, PLACE DU HAVRE;M;4887560.0;232683.0;750
201700054097;17;9;29;410;5;2;1;1.0;3.0;109;70, RUE LA FAYETTE;M;4887600.0;234421.0;750
201700054118;17;11;18;2020;5;2;7;1.0;2.0;109;4, RUE HALEVY;M;4887120.0;233237.0;750
201700054124;17;11;23;2130;5;2;2;2.0;3.0;109;80, RUE DE PROVENCE;M;4887430.0;233132.0;750
201700054138;17;1;4;1000;1;2;2;8.0;6.0;110;20, RUE JACQUES LOUVEL T;M;4887120.0;237008.0;750
201700054139;17;1;5;1830;5;2;3;1.0;3.0;110;RUE DU FAUBOURG SAINT MA;M;4887780.0;236159.0;750
201700054141;17;1;9;830;1;2;2;2.0;6.0;110;152, AVENUE PARMENTIER;M;4887000.0;237099.0;750
201700054142;17;1;9;1000;1;2;3;2.0;6.0;110;179, QUAI DE VALMY;M;4888000.0;236707.0;750
201700054151;17;1;30;2030;5;2;1;2.0;3.0;110;08, RUE DE DUNKERQUE;M;4887960.0;235685.0;750
201700054155;17;2;6;1800;2;2;3;1.0;3.0;110;167, QUAI DE VALMY;M;4887920.0;236673.0;750
201700054158;17;2;13;1900;5;2;1;1.0;3.0;110;RUE LA FAYETTE;M;4888230.0;236820.0;750
201700054165;17;3;1;1340;1;2;2;2.0;6.0;110;94, BOULEVARD DE MAGENTA;M;4887720.0;235521.0;750
201700054172;17;3;8;1435;1;2;7;8.0;3.0;110;107, RUE LA FAYETTE;M;4887780.0;235121.0;750
201700054174;17;3;13;900;1;2;1;1.0;2.0;110;QUAI DE VALMY;M;4886950.0;236635.0;750
201700054180;17;3;27;1930;1;2;3;1.0;3.0;110;165, QUAI DE VALMY;M;4887870.0;236624.0;750
201700054184;17;4;8;1800;1;2;1;1.0;6.0;110;29, RUE DES RECOLLETS;M;4887500.0;235988.0;750
201700054185;17;4;8;2050;2;2;7;1.0;3.0;110;1, BOULEVARD DE MAGENTA;M;4886860.0;236300.0;750
201700054187;17;4;13;740;1;2;4;1.0;3.0;110;153, BOULEVARD DE MAGENT;M;4888330.0;234975.0;750
201700054197;17;4;28;745;1;2;3;2.0;6.0;110;163, QUAI DE VALMY;M;4887870.0;236624.0;750
201700054198;17;4;30;1900;2;2;1;3.0;3.0;110;91, BOULEVARD DE LA VILL;M;4887870.0;237009.0;750
201700054199;17;4;30;2130;5;2;1;2.0;6.0;110;59, RUE BICHAT;M;4887320.0;236567.0;750
201700054206;17;5;12;1025;1;2;3;1.0;3.0;110;163, QUAI DE VALMY;M;4887870.0;236624.0;750
201700054207;17;5;19;800;1;2;4;8.0;3.0;110;135, BOULEVARD DE MAGENT;M;4888150.0;235134.0;750
201700054208;17;5;20;1420;1;2;1;1.0;6.0;110;51, BOULEVARD DE LA CHAP;M;4888370.0;235036.0;750
201700054212;17;5;25;340;5;2;1;1.0;6.0;110;QUAI DE VALMY;M;4887140.0;236488.0;750
201700054213;17;5;26;1550;1;2;7;7.0;3.0;110;274, RUE DU FAUBOURG SAI;M;4888400.0;236870.0;750
201700054215;17;5;31;2245;5;2;1;1.0;6.0;110;24, RUE DU BUISSON SAINT;M;4887270.0;237420.0;750
201700054218;17;6;2;1840;1;2;1;2.0;3.0;110;42, RUE DE LANCRY;M;4887160.0;236221.0;750
201700054227;17;6;26;2200;1;2;1;1.0;6.0;110;61, QUAI DE VALMY;M;4887110.0;236514.0;750
201700054228;17;6;27;810;1;2;5;8.0;3.0;110;21, BOULEVARD DE LA CHAP;M;4888430.0;236150.0;750
201700054231;17;7;2;1340;1;2;7;1.0;3.0;110;1, BOULEVARD DE MAGENTA;M;4886860.0;236300.0;750
201700054235;17;7;3;1935;1;2;3;1.0;3.0;110;187, RUE DU FAUBOURG SAI;M;4887930.0;236293.0;750
201700054237;17;7;7;1820;1;2;4;1.0;3.0;110;137, BOULEVARD DE LA VIL;M;4888230.0;237002.0;750
201700054243;17;7;25;1930;2;2;2;1.0;3.0;110;QUAI DE JEMMAPES;M;4887100.0;236592.0;750
201700054244;17;7;26;2110;2;2;3;2.0;3.0;110;77, BOULEVARD DE MAGENTA;M;4887620.0;235611.0;750
201700054249;17;8;16;700;1;2;4;1.0;3.0;110;77, BOULEVARD DE MAGENTA;M;4887620.0;235611.0;750
201700054251;17;8;22;1217;1;2;3;1.0;3.0;110;117, QUAI DE VALMY;M;4887530.0;236333.0;750
201700054266;17;9;12;900;1;2;7;1.0;6.0;110;111, RUE LA FAYETTE;M;4887800.0;235211.0;750
201700054267;17;9;12;2220;5;2;1;1.0;6.0;110;191, QUAI DE VALMY;M;4888090.0;236780.0;750
201700054272;17;9;27;1230;1;2;2;1.0;3.0;110;249, RUE LA FAYETTE;M;4888270.0;237017.0;750
201700054278;17;10;12;1040;1;2;1;1.0;6.0;110;9, RUE DE PARADIS;M;4887460.0;235414.0;750
201700054284;17;10;24;910;1;2;7;2.0;3.0;110;PLACE DE LA REPUBLIQUE;M;4886840.0;236283.0;750
201700054289;17;10;31;1625;1;2;1;1.0;2.0;110;249, RUE LA FAYETTE;M;4888240.0;236870.0;750
201700054294;17;11;8;2110;5;2;4;2.0;3.0;110;49, RUE LUCIEN SAMPAIX;M;4887450.0;236280.0;750
201700054304;17;11;17;1500;1;2;1;8.0;2.0;110;213, RUE DU FAUBOURG SAI;M;4888070.0;236465.0;750
201700054307;17;11;18;2100;5;2;7;8.0;6.0;110;07, PLACE FRANZ LISZT;M;4887810.0;235125.0;750
201700054308;17;11;24;1150;1;2;2;8.0;2.0;118;BOULEVARD DE LA CHAPELLE;M;4888450.0;235932.0;750
201700054311;17;11;28;1520;1;2;1;1.0;6.0;110;97, QUAI DE VALMY;M;4887410.0;236285.0;750
201700054313;17;11;30;805;1;2;3;1.0;2.0;110;65, RUE DU FAUBOURG SAIN;M;4887170.0;235720.0;750
201700054327;17;1;4;1930;5;2;2;2.0;3.0;111;165, BOULEVARD VOLTAIRE;M;4885470.0;238535.0;750
201700054333;17;1;15;305;5;2;3;1.0;6.0;111;86, BOULEVARD BEAUMARCHA;M;4885950.0;236759.0;750
201700054337;17;1;17;1930;5;2;5;1.0;6.0;111;101, BOULEVARD RICHARD L;M;4886400.0;237068.0;750
201700054340;17;1;18;2010;5;2;1;1.0;2.0;111;101, AVENUE PHILIPPE AUG;M;4885620.0;239101.0;750
201700054347;17;2;1;730;1;2;3;1.0;3.0;111;1, RUE FRANCOIS DE NEUFC;M;4885580.0;238158.0;750
201700054350;17;2;5;1820;5;2;3;1.0;3.0;111;RUE OBERKAMPF;M;4886660.0;238125.0;750
201700054355;17;2;15;1950;5;2;7;1.0;2.0;111;12, PLACE DE LA BASTILLE;M;4885350.0;236952.0;750
201700054358;17;2;18;1840;5;2;1;1.0;1.0;111;11, PLACE DE LA NATION;M;4884940.0;239642.0;750
201700054359;17;2;20;835;1;2;2;1.0;3.0;111;AVENUE PHILIPPE AUGUSTE;M;4885070.0;239447.0;750
201700054378;17;3;13;2040;5;2;1;1.0;3.0;111;140, AVENUE LEDRU ROLLIN;M;4885480.0;237811.0;750
201700054382;17;3;18;610;5;2;3;1.0;1.0;111;90, AVENUE DE LA REPUBLI;M;4886420.0;238023.0;750
201700054383;17;3;21;1835;2;2;1;1.0;3.0;111;26, RUE SAINT MAUR;M;4886060.0;238162.0;750
201700054387;17;4;1;1645;1;2;5;1.0;3.0;111;130, RUE DE LA ROQUETTE;M;4885750.0;237968.0;750
201700054397;17;4;7;1930;1;2;1;3.0;6.0;111;9, AVENUE PHILIPPE AUGUS;M;4885010.0;239486.0;750
201700054398;17;4;7;1910;1;2;3;1.0;6.0;111;47, RUE DE CHARONNE;M;4885330.0;237701.0;750
201700054399;17;4;10;1030;1;2;3;1.0;6.0;111;34, BOULEVARD RICHARD LE;M;4885710.0;237120.0;750
201700054400;17;4;10;1455;1;2;3;1.0;3.0;111;19, BOULEVARD DE BELLEVI;M;4886830.0;238135.0;750
201700054401;17;4;11;1030;1;2;5;3.0;3.0;111;BOULEVARD DE CHARONNE;M;4885130.0;239822.0;750
201700054406;17;4;16;2010;1;2;3;1.0;3.0;111;133, RUE DE LA ROQUETTE;M;4885870.0;238431.0;750
201700054411;17;4;27;1425;1;2;1;1.0;2.0;111;76, RUE LEON FROT;M;4885740.0;238484.0;750
201700054412;17;4;27;1900;1;2;1;1.0;2.0;111;RUE DE LA ROQUETTE;M;4885720.0;237897.0;750
201700054421;17;5;10;1600;1;2;1;1.0;7.0;111;100, RUE DE LA ROQUETTE;M;4885660.0;237729.0;750
201700054428;17;5;16;1130;1;2;1;1.0;2.0;111;3, PASSAGE PIVER;M;4887010.0;237480.0;750
201700054434;17;5;22;1530;1;2;4;1.0;3.0;111;132, BOULEVARD VOLTAIRE;M;4885740.0;238081.0;750
201700054435;17;5;22;1930;1;2;2;1.0;3.0;111;57, AVENUE DE LA REPUBLI;M;4886460.0;237798.0;750
201700054439;17;5;24;2030;1;2;3;1.0;6.0;111;79, RUE DE CHARONNE;M;4885390.0;238197.0;750
201700054440;17;5;25;2045;1;2;2;1.0;3.0;111;BOULEVARD VOLTAIRE;M;4885870.0;237857.0;750
201700054444;17;6;3;945;1;2;1;1.0;3.0;111;97, RUE DU FAUBOURG SAIN;M;4885140.0;237559.0;750
201700054448;17;6;13;1000;1;2;4;1.0;3.0;111;199, BOULEVARD VOLTAIRE;M;4885290.0;238851.0;750
201700054452;17;6;19;1830;1;2;2;1.0;3.0;111;6, RUE OBERKAMPF;M;4886260.0;236730.0;750
201700054453;17;6;21;1515;1;2;3;1.0;3.0;111;17 BIS, AVENUE PARMENTIE;M;4886060.0;237828.0;750
201700054455;17;6;22;810;1;2;1;1.0;6.0;111;30, RUE DES BOULETS;M;4885110.0;238994.0;750
201700054462;17;6;24;1730;1;2;1;1.0;2.0;111;257, BOULEVARD VOLTAIRE;M;4885000.0;239311.0;750
201700054469;17;7;9;415;5;2;2;1.0;3.0;111;/, RUE OBERKAMPF;M;4886400.0;237068.0;750
201700054471;17;7;12;1820;1;2;1;8.0;6.0;111;96, AVENUE PARMENTIER;M;4886600.0;237396.0;750
201700054473;17;7;18;1500;1;2;1;1.0;3.0;111;27, BOULEVARD JULES FERR;M;4886830.0;236730.0;750
201700054476;17;7;21;1420;1;2;1;1.0;6.0;111;122, BOULEVARD RICHARD L;M;4886500.0;237052.0;750
201700054477;17;7;21;1945;1;2;2;1.0;3.0;111;26, BOULEVARD DES FILLES;M;4886250.0;236688.0;750
201700054482;17;8;5;1040;1;2;3;1.0;6.0;111;RUE OMER TALON;M;4886160.0;238471.0;750
201700054483;17;8;6;1340;1;2;1;1.0;6.0;111;97, RUE DE CHARONNE;M;4885420.0;238337.0;750
201700054490;17;8;31;1315;1;2;7;1.0;6.0;111;2, AVENUE PARMENTIER;M;4885860.0;237991.0;750
201700054497;17;9;10;330;5;2;7;2.0;3.0;104;PLACE DE LA BASTILLE;M;4885290.0;236834.0;750
201700054500;17;9;17;207;5;2;1;1.0;6.0;111;63, BOULEVARD RICHARD LE;M;4886000.0;237189.0;750
201700054502;17;9;18;1830;1;2;2;1.0;3.0;111;RUE DE CHARONNE;M;4885510.0;238712.0;750
201700054504;17;9;20;1730;1;2;2;1.0;3.0;111;28, BOULEVARD VOLTAIRE;M;4886440.0;236901.0;750
201700054507;17;9;22;855;1;2;1;1.0;6.0;120;144, BOULEVARD DE MENILM;M;4886660.0;238354.0;750
201700054514;17;9;24;2135;5;2;2;1.0;6.0;111;26, BOULEVARD DES FILLES;M;4886250.0;236688.0;750
201700054516;17;9;27;920;1;2;1;8.0;6.0;111;93, RUE DE MONTREUIL;M;4885050.0;239302.0;750
201700054519;17;9;29;1645;1;2;2;1.0;2.0;111;85, BOULEVARD RICHARD LE;M;4886190.0;237209.0;750
201700054525;17;10;8;955;1;2;1;8.0;2.0;111;131, BOULEVARD VOLTAIRE;M;4885630.0;238258.0;750
201700054528;17;10;9;1745;1;2;2;1.0;3.0;111;182, BOULEVARD VOLTAIRE;M;4885470.0;238535.0;750
201700054533;17;10;13;2030;5;2;2;1.0;2.0;111;13, RUE DE MONTREUIL;M;4885040.0;238447.0;750
201700054537;17;10;15;1815;1;2;3;1.0;3.0;111;101, BOULEVARD DE MENILM;M;4886490.0;238500.0;750
201700054544;17;10;21;1920;5;2;3;1.0;2.0;111;69, AVENUE PARMENTIER;M;4886400.0;237549.0;750
201700054547;17;10;23;1345;1;2;3;8.0;2.0;111;101, AVENUE DE LA REPUBL;M;4886360.0;238335.0;750
201700054560;17;11;11;2015;5;2;2;2.0;3.0;111;AVENUE DE LA REPUBLIQUE;M;4886570.0;237246.0;750
201700054561;17;11;12;930;1;2;3;3.0;3.0;111;153, RUE DU FAUBOURG SAI;M;4885050.0;237938.0;750
201700054567;17;11;17;915;1;2;1;2.0;6.0;111;68, RUE DU CHEMIN VERT;M;4886000.0;237761.0;750
201700054575;17;11;26;1305;1;2;4;1.0;6.0;111;5, BOULEVARD RICHARD LEN;M;4885470.0;236951.0;750
201700054580;17;11;30;945;1;2;2;1.0;6.0;111;131, RUE DE LA ROQUETTE;M;4885850.0;238366.0;750
201700054589;17;12;15;1345;1;2;3;2.0;6.0;111;62, BOULEVARD RICHARD LE;M;4886010.0;237261.0;750
201700054595;17;12;29;1115;1;2;2;2.0;3.0;111;06, RUE GERBIER;M;4885820.0;238646.0;750
201700054603;17;1;5;950;1;2;1;1.0;1.0;112;4, AVENUE DU TRONE;M;4884790.0;239779.0;750
201700054614;17;1;13;2330;5;2;1;1.0;6.0;112;75, AVENUE LEDRU ROLLIN;M;4885000.0;237475.0;750
201700054633;17;2;14;1930;5;2;1;1.0;3.0;112;212, AVENUE DAUMESNIL;M;4883790.0;240004.0;750
201700054634;17;2;16;1010;1;2;1;2.0;3.0;112;14, RUE FABRE D EGLANTIN;M;4884670.0;239559.0;750
201700054639;17;2;21;1820;5;2;1;1.0;6.0;112;23-25, RUE TAINE;M;4883840.0;239294.0;750
201700054645;17;2;26;1007;1;2;2;1.0;6.0;112;ROUTE DE BOURDON;M;4882480.0;244314.0;750
201700054648;17;3;2;725;2;2;2;1.0;3.0;112;ROUTE DU PESAGE;M;4882060.0;244532.0;750
201700054659;17;3;9;1056;1;2;2;1.0;3.0;112;AVENUE DAUMESNIL;M;4884870.0;237253.0;750
201700054666;17;3;15;1800;1;2;1;1.0;1.0;112;AVENUE DAUMESNIL;M;4883460.0;241894.0;750
201700054667;17;3;16;2305;5;2;5;1.0;3.0;112;87, AVENUE LEDRU ROLLIN;M;4885130.0;237612.0;750
201700054675;17;3;20;915;1;2;1;1.0;3.0;112;RUE DE FECAMP;M;4883670.0;240144.0;750
201700054678;17;3;22;1505;1;2;1;1.0;3.0;112;AVENUE DU POLYGONE;M;4883700.0;243159.0;750
201700054684;17;3;27;1800;1;2;2;1.0;3.0;112;26, RUE CHALIGNY;M;4884700.0;238376.0;750
201700054688;17;3;30;1234;1;2;2;1.0;3.0;112;, AVENUE DE SAINT MANDE;M;4884430.0;241032.0;750
201700054697;17;4;7;830;1;2;1;1.0;3.0;112;43, RUE DE LA BRECHE AUX;M;4883850.0;239583.0;750
201700054698;17;4;7;1720;1;2;3;1.0;7.0;112;209, AVENUE DAUMESNIL;M;4883840.0;239868.0;750
201700054699;17;4;7;2350;5;2;1;7.0;6.0;112;240, RUE DE CHARENTON;M;4883850.0;238972.0;750
201700054703;17;4;12;1910;1;2;3;1.0;6.0;112;66, RUE DE REUILLY;M;4884440.0;238971.0;750
201700054704;17;4;12;2010;1;2;2;1.0;3.0;112;AVENUE DU TREMBLAY;M;4883750.0;245197.0;750
201700054705;17;4;13;1045;1;2;7;1.0;3.0;112;7, PLACE FELIX EBOUE;M;4883970.0;239619.0;750
201700054707;17;4;14;2150;5;2;5;1.0;3.0;112;AVENUE DAUMESNIL;M;4884730.0;237529.0;750
201700054713;17;4;21;1035;1;2;1;1.0;3.0;112;258, RUE DE CHARENTON;M;4883760.0;239092.0;750
201700054716;17;4;22;1230;1;2;7;1.0;3.0;112;2, PLACE MAZAS;M;4884580.0;236760.0;750
201700054717;17;4;24;850;1;2;7;1.0;3.0;112;PLACE DE LA BASTILLE;M;4885260.0;236962.0;750
201700054733;17;5;12;133;5;2;7;1.0;3.0;112;COURS DE VINCENNES;M;4884780.0;239906.0;750
201700054741;17;5;16;2245;5;2;3;1.0;6.0;112;RUE DE LYON;M;4885140.0;236986.0;750
201700054745;17;5;23;1250;1;2;2;1.0;6.0;112;22, BOULEVARD DIDEROT;M;4884580.0;237405.0;750
201700054747;17;5;24;1845;1;2;7;1.0;3.0;112;02, PLACE DE LA BASTILLE;M;4885320.0;237022.0;750
201700054750;17;5;25;1955;1;2;7;1.0;3.0;112;ROUTE ROYALE DE BEAUTE;M;4883400.0;244485.0;750
201700054752;17;5;27;1020;1;2;3;1.0;3.0;112;1, RUE DE BERCY;M;4883570.0;238605.0;750
201700054758;17;5;31;1615;1;2;1;1.0;3.0;112;07, BOULEVARD DE REUILLY;M;4883910.0;239040.0;750
201700054760;17;6;1;1000;1;2;1;1.0;3.0;112;PONT D AUSTERLITZ;M;4884500.0;236617.0;750
201700054761;17;6;1;1230;1;2;3;1.0;3.0;112;106, RUE DU FAUBOURG SAI;M;4885100.0;237714.0;750
201700054762;17;6;2;830;1;2;7;1.0;3.0;112;9, PLACE FELIX EBOUE;M;4883960.0;239689.0;750
201700054768;17;6;6;1310;1;2;1;1.0;2.0;112;36, RUE CHALIGNY;M;4884890.0;238409.0;750
201700054770;17;6;9;915;1;2;1;1.0;2.0;112;66, AVENUE DE GRAVELLE;M;4882160.0;243316.0;750
201700054771;17;6;10;1040;1;2;2;1.0;4.0;112;44BIS, RUE CROZATIER;M;4885010.0;237903.0;750
201700054776;17;6;14;830;1;2;1;1.0;6.0;112;39, BOULEVARD DE REUILLY;M;4883930.0;239332.0;750
201700054782;17;6;19;1830;1;2;2;1.0;3.0;112;39, RUE PROUDHON;M;4883740.0;239117.0;750
201700054785;17;6;20;2230;5;2;1;1.0;2.0;112;AVENUE DAUMESNIL;M;4883900.0;242848.0;750
201700054788;17;6;22;920;1;2;1;1.0;7.0;112;112, AVENUE DAUMESNIL;M;4884270.0;238477.0;750
201700054790;17;6;23;1715;1;2;2;1.0;3.0;112;ROUTE DE CEINTURE DU LAC;M;4883120.0;240874.0;750
201700054803;17;7;7;855;1;2;7;1.0;3.0;112;ROUTE DE CEINTURE DU LAC;M;4882790.0;241894.0;750
201700054806;17;7;8;1750;1;2;1;1.0;3.0;112;AVENUE DAUMESNIL;M;4883360.0;241424.0;750
201700054817;17;7;13;1745;1;2;7;1.0;1.0;112;/, CARREFOUR DE PATTE D;M;4882220.0;244231.0;750
201700054821;17;7;17;1856;1;2;1;1.0;7.0;112;118, BOULEVARD DIDEROT;M;4884740.0;238714.0;750
201700054823;17;7;19;2331;5;2;4;1.0;3.0;112;158, RUE DE LYON;M;4885240.0;236941.0;750
201700054839;17;8;8;755;1;2;1;2.0;3.0;112;27, AVENUE DU DOCTEUR AR;M;4884260.0;240515.0;750
201700054845;17;8;13;1200;1;2;1;1.0;3.0;112;AVENUE DAUMESNIL;M;4883670.0;242391.0;750
201700054846;17;8;13;1345;1;2;1;1.0;3.0;112;ROUTE DE LA PYRAMIDE;M;4882890.0;245206.0;750
201700054848;17;8;14;1210;1;2;1;1.0;4.0;112;265, RUE DE CHARENTON;M;4883560.0;239250.0;750
201700054851;17;8;16;600;5;2;1;1.0;3.0;112;177, RUE DE BERCY;M;4884320.0;237439.0;750
201700054852;17;8;20;1810;1;2;2;1.0;7.0;112;ROUTE DE LA PYRAMIDE;M;4883370.0;244510.0;750
201700054858;17;8;25;945;1;2;2;2.0;3.0;112;BOULEVARD DE REUILLY;M;4883900.0;238921.0;750
201700054859;17;8;27;1945;1;2;1;1.0;2.0;112;38, RUE DU FAUBOURG SAIN;M;4885230.0;237215.0;750
201700054865;17;9;3;1605;1;2;3;1.0;6.0;112;46, RUE PAUL BELMONDO;M;4883660.0;238249.0;750
201700054866;17;9;6;845;1;2;5;1.0;3.0;112;AVENUE DE SAINT MANDE;M;4884470.0;240572.0;750
201700054867;17;9;6;2000;1;2;2;1.0;3.0;112;275, AVENUE DAUMESNIL;M;4883590.0;240564.0;750
201700054879;17;9;18;1445;1;2;1;1.0;6.0;112;BOULEVARD SOULT;M;4883970.0;240886.0;750
201700054884;17;9;21;1555;1;2;4;1.0;3.0;112;253 BIS, AVENUE DAUMESNI;M;4883710.0;240219.0;750
201700054890;17;9;26;855;1;2;1;1.0;3.0;112;323, RUE DE CHARENTON;M;4883290.0;239594.0;750
201700054900;17;10;6;1945;5;2;1;1.0;3.0;113;PONT D AUSTERLITZ;M;4884460.0;236545.0;750
201700054905;17;10;11;1305;1;2;3;1.0;3.0;112;70, RUE DU FAUBOURG SAIN;M;4885190.0;237378.0;750
201700054908;17;10;12;1345;1;2;2;1.0;5.0;112;31, BOULEVARD DIDEROT;M;4884610.0;237617.0;750
201700054909;17;10;13;825;1;2;3;1.0;6.0;112;1, AVENUE DE CORBERA;M;4884530.0;238099.0;750
201700054919;17;10;18;1810;1;2;3;1.0;3.0;112;216, AVENUE DAUMESNIL;M;4883770.0;240077.0;750
201700054934;17;10;28;1220;1;2;7;1.0;3.0;112;PLACE DU BATAILLON DU PA;M;4884040.0;237898.0;750
201700054944;17;11;8;750;1;2;1;1.0;6.0;112;14, BOULEVARD DE LA BAST;M;4884780.0;236743.0;750
201700054949;17;11;10;1935;5;2;7;1.0;2.0;111;PLACE DE LA BASTILLE;M;4885350.0;236952.0;750
201700054950;17;11;10;2120;5;2;3;1.0;6.0;111;BOULEVARD BEAUMARCHA;M;4885760.0;236804.0;750
201700054973;17;11;28;1405;1;2;4;1.0;2.0;112;AVENUE DE SAINT MAURICE;M;4883260.0;242035.0;750
201700054982;17;12;6;1900;5;2;2;1.0;3.0;112;ROUTE DU PARC;M;4882420.0;242275.0;750
201700054990;17;12;16;1140;1;2;4;1.0;3.0;112;57, RUE DE CHARENTON;M;4885060.0;237316.0;750
201700054998;17;12;23;1740;2;2;1;1.0;3.0;112;44, COURS DE VINCENNES;M;4884750.0;240288.0;750
201700055025;17;1;31;720;5;2;1;2.0;1.0;113;45, BOULEVARD SAINT MARC;M;4883820.0;235644.0;750
201700055026;17;2;1;1700;1;2;3;1.0;3.0;113;133, RUE DU CHEVALERET;M;4883170.0;237289.0;750
201700055034;17;2;9;1555;1;2;3;1.0;3.0;113;QUAI D IVRY;M;4882500.0;238888.0;750
201700055035;17;2;10;18;5;2;7;1.0;3.0;113;3, BOULEVARD DE L HOPITA;M;4884370.0;236457.0;750
201700055048;17;2;18;1150;1;2;1;1.0;3.0;113;178, RUE DE TOLBIAC;M;4882590.0;235142.0;750
201700055054;17;2;25;540;5;2;7;1.0;6.0;113;RUE BRILLAT SAVARIN;M;4882220.0;234631.0;750
201700055059;17;3;6;2255;5;2;2;2.0;3.0;113;29, AVENUE DE LA PORTE D;M;4882400.0;237702.0;750
201700055065;17;3;10;210;5;2;1;1.0;6.0;113;46, BOULEVARD AUGUSTE BL;M;4882990.0;235030.0;750
201700055069;17;3;11;1740;1;2;3;1.0;3.0;113;51, QUAI D AUSTERLITZ;M;4884070.0;236958.0;750
201700055081;17;3;25;1805;1;2;1;1.0;6.0;106;RUE GUYNEMER;M;4884570.0;233235.0;750
201700055082;17;3;26;2120;5;2;1;1.0;2.0;113;26, RUE DE TOLBIAC;M;4882890.0;237370.0;750
201700055084;17;3;27;1500;1;2;1;1.0;2.0;113;17, RUE FERNAND BRAUDEL;M;4883600.0;237267.0;750
201700055087;17;3;28;1930;1;2;4;1.0;3.0;113;44, BOULEVARD DE L HOPIT;M;4883990.0;236179.0;750
201700055090;17;4;1;1955;1;2;1;1.0;3.0;113;BOULEVARD SAINT MARCEL;M;4883890.0;235836.0;750
201700055096;17;4;4;945;1;2;3;1.0;3.0;113;19, BOULEVARD SAINT MARC;M;4883910.0;235918.0;750
201700055108;17;4;15;445;5;2;3;1.0;6.0;113;125, RUE DE TOLBIAC;M;4882630.0;236146.0;750
201700055114;17;4;19;1729;1;2;3;1.0;6.0;113;50, BOULEVARD AUGUSTE BL;M;4882970.0;234949.0;750