Num_Acc;an;mois;jour;hrmn;lum;agg;int;atm;col;com;adr;gps;lat;long;dep
201700055121;17;4;26;1220;1;2;1;1.0;3.0;113;95, RUE BOBILLOT;M;4882470.0;234919.0;750
201700055127;17;5;2;1540;1;2;2;1.0;3.0;113;RUE DE TOLBIAC;M;4882730.0;236852.0;750
201700055132;17;5;4;1605;1;2;1;1.0;6.0;113;213, BOULEVARD VINCENT A;M;4883090.0;235665.0;750
201700055146;17;5;23;1450;1;2;2;1.0;6.0;113;193, AVENUE D ITALIE;M;4881920.0;235948.0;750
201700055149;17;5;27;2010;1;2;1;1.0;1.0;113;162, AVENUE DE FRANCE;M;4883370.0;237386.0;750
201700055152;17;5;29;1900;1;2;2;1.0;6.0;113;36, RUE DU MOULIN DE LA;M;4882300.0;235658.0;750
201700055154;17;5;31;1130;1;2;2;1.0;3.0;113;RUE NEUVE TOLBIAC;M;4883230.0;237979.0;750
201700055162;17;6;5;1730;1;2;2;1.0;3.0;113;86, BOULEVARD ARAGO;M;4883480.0;234159.0;750
201700055164;17;6;6;815;1;2;2;1.0;6.0;106;14, RUE SAINT SULPICE;M;4885150.0;233704.0;750
201700055165;17;6;6;830;1;2;2;1.0;3.0;106;107, BOULEVARD SAINT GER;M;4885250.0;233881.0;750
201700055167;17;6;8;835;1;2;2;1.0;6.0;113;43, RUE DU MOULIN DES PR;M;4882680.0;235326.0;750
201700055176;17;6;12;2250;5;2;3;1.0;2.0;113;61, AVENUE DES GOBELINS;M;4883320.0;235433.0;750
201700055177;17;6;13;1820;1;2;3;1.0;6.0;113;BOULEVARD VINCENT AURIOL;M;4883700.0;237310.0;750
201700055184;17;6;19;1840;1;2;3;1.0;3.0;113;29, BOULEVARD MASSENA;M;4882340.0;237505.0;750
201700055187;17;6;20;1910;1;2;2;1.0;3.0;113;BOULEVARD KELLERMANN;M;4882090.0;235076.0;750
201700055192;17;6;26;2140;2;2;3;1.0;2.0;113;67, AVENUE D ITALIE;M;4882580.0;235739.0;750
201700055195;17;6;28;1745;1;2;5;3.0;6.0;113;96, RUE DE TOLBIAC;M;4882660.0;236354.0;750
201700055196;17;6;30;1250;1;2;1;2.0;6.0;113;130, AVENUE DE CHOISY;M;4882750.0;235887.0;750
201700055197;17;6;30;1310;1;2;1;2.0;3.0;113;QUAI D AUSTERLITZ;M;4884010.0;237072.0;750
201700055215;17;7;16;1845;1;2;4;1.0;6.0;113;85, QUAI D AUSTERLITZ;M;4883800.0;237325.0;750
201700055228;17;8;6;15;5;2;1;1.0;3.0;113;BOULEVARD MASSENA;M;4882080.0;236675.0;750
201700055239;17;8;21;2050;2;2;1;1.0;3.0;113;183, RUE DE TOLBIAC;M;4882590.0;235207.0;750
201700055241;17;8;24;1505;1;2;3;1.0;6.0;113;23 BIS, AVENUE D ITALIE;M;4882840.0;235662.0;750
201700055263;17;9;19;820;1;2;5;2.0;6.0;113;BOULEVARD VINCENT AURIOL;M;4883270.0;236217.0;750
201700055275;17;9;28;2030;5;2;1;1.0;6.0;113;10, RUE DE DOMREMY;M;4883070.0;237358.0;750
201700055276;17;9;29;800;1;2;1;1.0;3.0;113;BOULEVARD DE L HOPITAL;M;4883680.0;235941.0;750
201700055280;17;10;5;855;1;2;2;1.0;3.0;113;PONT DE TOLBIAC;M;4883230.0;237979.0;750
201700055283;17;10;6;1545;1;2;2;1.0;3.0;113;76, AVENUE D ITALIE;M;4882620.0;235729.0;750
201700055293;17;10;11;1715;1;2;3;1.0;6.0;105;01, RUE DU PETIT PONT;M;4885280.0;234661.0;750
201700055299;17;10;17;1805;1;2;2;1.0;3.0;113;3, RUE MARIE ANDREE LAGR;M;4882840.0;238035.0;750
201700055301;17;10;19;2005;5;2;5;1.0;6.0;113;BOULEVARD VINCENT AURIOL;M;4883640.0;237130.0;750
201700055311;17;10;26;2023;5;2;7;1.0;6.0;106;61, BOULEVARD DU MONTPAR;M;4884410.0;232310.0;750
201700055314;17;10;31;930;1;2;2;1.0;3.0;113;75, RUE DE TOLBIAC;M;4882730.0;236852.0;750
201700055321;17;11;7;945;1;2;3;1.0;6.0;113;RUE DE TOLBIAC;M;4882630.0;236146.0;750
201700055326;17;11;16;2315;5;2;5;1.0;3.0;113;, BOULEVARD VINCENT AURI;M;4883620.0;237145.0;750
201700055328;17;11;19;445;5;2;1;2.0;3.0;113;QUAI D IVRY;M;4882720.0;238588.0;750
201700055373;17;1;13;1220;1;2;2;1.0;6.0;114;BOULEVARD SAINT JACQUES;M;4883300.0;233597.0;750
201700055389;17;2;3;1000;1;2;2;1.0;3.0;114;32, RUE REMY DUMONCEL;M;4882970.0;233103.0;750
201700055399;17;2;7;920;1;2;5;2.0;3.0;114;59, BOULEVARD SAINT JACQ;M;4883300.0;233597.0;750
201700055403;17;2;10;950;1;2;1;1.0;3.0;114;27, BOULEVARD JOURDAN;M;4882060.0;233752.0;750
201700055413;17;2;27;920;1;2;2;1.0;3.0;114;BOULEVARD ARAGO;M;4883480.0;234159.0;750
201700055420;17;3;13;1050;1;2;2;1.0;6.0;114;41, RUE FROIDEVAUX;M;4883600.0;232760.0;750
201700055423;17;3;16;945;1;2;2;1.0;3.0;114;38, AVENUE DU GENERAL LE;M;4883130.0;232984.0;750
201700055427;17;3;18;1445;1;2;1;1.0;3.0;114;19, RUE DE LA GAITE;M;4884000.0;232386.0;750
201700055429;17;3;20;855;1;2;1;1.0;3.0;114;97, BOULEVARD ARAGO;M;4883450.0;233411.0;750
201700055435;17;3;28;1610;1;2;7;1.0;3.0;114;PLACE DENFERT ROCHEREAU;M;4883410.0;233328.0;750
201700055437;17;3;31;915;1;2;2;1.0;3.0;114;35, RUE FRIANT;M;4882370.0;232320.0;750
201700055459;17;4;27;1840;1;2;3;1.0;2.0;114;45, RUE DES PLANTES;M;4882810.0;232145.0;750
201700055470;17;5;11;1950;1;2;2;2.0;3.0;114;AVENUE DE LA PORTE DE MO;M;4882270.0;232263.0;750
201700055473;17;5;18;15;5;2;1;2.0;4.0;114;40, AVENUE DU GENERAL LE;M;4883110.0;232965.0;750
201700055480;17;5;24;920;1;2;4;1.0;3.0;114;171, RUE D ALESIA;M;4883100.0;231782.0;750
201700055483;17;5;31;1015;1;2;2;1.0;3.0;114;AVENUE DENFERT ROCHEREAU;M;4883860.0;233665.0;750
201700055486;17;6;1;945;1;2;3;1.0;3.0;114;BOULEVARD BRUNE;M;4882640.0;231069.0;750
201700055507;17;6;26;2100;2;2;2;1.0;3.0;114;82, BOULEVARD DU MONTPAR;M;4884310.0;232635.0;750
201700055516;17;7;7;1610;1;2;7;1.0;1.0;107;129, RUE DE GRENELLE;M;4885840.0;231365.0;750
201700055517;17;7;7;1945;1;2;7;1.0;6.0;114;/, AVENUE DU COLONEL HEN;M;4883370.0;233189.0;750
201700055525;17;7;19;1405;1;2;7;1.0;3.0;114;/, PLACE DE CATALOGNE;M;4883720.0;231780.0;750
201700055550;17;9;8;918;1;2;1;1.0;3.0;106;105, BOULEVARD DU MONTPA;M;4884220.0;232898.0;750
201700055552;17;9;11;1810;1;2;5;1.0;6.0;114;1, RUE DE LA TOMBE ISSOI;M;4883300.0;233597.0;750
201700055565;17;9;26;1150;1;2;7;1.0;5.0;114;83, AVENUE DU GENERAL LE;M;4882780.0;232667.0;750
201700055571;17;9;30;500;5;2;1;2.0;1.0;114;112, AVENUE DU GENERAL L;M;4882560.0;232605.0;750
201700055582;17;10;12;1405;1;2;1;1.0;1.0;114;59, RUE RAYMOND LOSSERAN;M;4883460.0;231924.0;750
201700055587;17;10;17;1730;1;2;5;1.0;6.0;114;BOULEVARD BRUNE;M;4882320.0;232552.0;750
201700055600;17;11;4;1140;1;2;1;8.0;3.0;107;30, BOULEVARD RASPAIL;M;4885290.0;232631.0;750
201700055603;17;11;7;1531;1;2;2;1.0;3.0;114;BOULEVARD BRUNE;M;4882370.0;232320.0;750
201700055635;17;12;16;259;5;2;2;1.0;3.0;114;143, BOULEVARD BRUNE;M;4882460.0;231928.0;750
201700055639;17;12;20;1350;1;2;3;8.0;2.0;107;129, RUE DE SEVRES;M;4884740.0;231817.0;750
201700055640;17;12;21;915;1;2;1;2.0;3.0;114;17, BOULEVARD JOURDAN;M;4882020.0;233900.0;750
201700055642;17;12;21;2235;4;2;3;1.0;5.0;114;162, RUE D ALESIA;M;4883150.0;231528.0;750
201700055675;17;1;26;2022;5;2;3;1.0;3.0;115;PLACE DES CINQ MARTYRS D;M;4883900.0;231657.0;750
201700055678;17;1;30;1200;1;2;3;1.0;3.0;115;29, RUE CAMBRONNE;M;4884570.0;230197.0;750
201700055683;17;2;1;2000;5;2;2;1.0;3.0;115;2, AVENUE DE LA PORTE BR;M;4882860.0;230138.0;750
201700055690;17;2;6;1845;5;2;5;1.0;3.0;115;57, BOULEVARD LEFEBVRE;M;4883090.0;229228.0;750
201700055691;17;2;6;1830;5;2;2;8.0;3.0;115;, AVENUE DE LA PORTE DE;M;4883610.0;227820.0;750
201700055704;17;2;15;2035;5;2;2;1.0;3.0;115;34, RUE LINOIS;M;4884770.0;228415.0;750
201700055717;17;3;7;1540;1;2;3;1.0;2.0;115;301, RUE DE VAUGIRARD;M;4883910.0;230003.0;750
201700055720;17;3;10;1100;1;2;2;1.0;6.0;115;53, RUE DE LOURMEL;M;4884670.0;228886.0;750
201700055724;17;3;18;35;3;2;1;2.0;6.0;115;QUAI DE GRENELLE;M;4885080.0;228426.0;750
201700055740;17;4;5;1058;1;2;2;1.0;6.0;115;RUE DU COMMERCE;M;4884780.0;229655.0;750
201700055743;17;4;8;1300;1;2;3;1.0;3.0;115;173, RUE DE VAUGIRARD;M;4884340.0;231404.0;750
201700055767;17;4;6;945;1;2;7;1.0;6.0;115;13, BOULEVARD LEFEBVRE;M;4883230.0;228904.0;750
201700055775;17;5;12;1300;1;2;1;1.0;3.0;115;357, RUE LECOURBE;M;4883640.0;228232.0;750
201700055777;17;5;17;1840;1;2;3;1.0;6.0;115;BOULEVARD DU MONTPARNASS;M;4884380.0;232295.0;750
201700055790;17;6;18;1230;1;2;1;1.0;6.0;115;130, RUE DU THEATRE;M;4884590.0;229605.0;750
201700055794;17;6;21;2235;5;2;7;1.0;3.0;115;PLACE BALARD;M;4883690.0;227834.0;750
201700055818;17;7;27;845;1;2;2;2.0;7.0;115;17, RUE PAUL BARRUEL;M;4883930.0;230489.0;750
201700055819;17;7;29;1630;1;2;2;1.0;6.0;115;RUE DE VAUGIRARD;M;4883740.0;229673.0;750
201700055828;17;8;14;1715;1;2;7;1.0;6.0;115;PLACE CHARLES MICHELS;M;4884680.0;228568.0;750
201700055848;17;9;19;1635;1;2;1;1.0;3.0;115;101, RUE DE LA CONVENTIO;M;4884140.0;228721.0;750
201700055853;17;9;23;1130;1;2;3;1.0;3.0;115;174, RUE LECOURBE;M;4884130.0;229817.0;750
201700055868;17;10;5;1255;1;2;3;1.0;2.0;115;63, RUE DE LA CROIX NIVE;M;4884460.0;229688.0;750
201700055870;17;10;6;2100;5;2;2;1.0;2.0;115;AVENUE DE LA PORTE DE SE;M;4883610.0;227820.0;750
201700055876;17;10;10;1915;2;2;1;1.0;6.0;115;45, BOULEVARD LEFEBVRE;M;4883140.0;229119.0;750
201700055885;17;10;19;2130;5;2;1;1.0;3.0;115;/, RUE LOUIS VICAT;M;4882690.0;229324.0;750
201700055890;17;10;28;1450;1;2;1;1.0;3.0;115;33, AVENUE EMILE ZOLA;M;4884630.0;228206.0;750
201700055895;17;11;2;845;1;2;7;1.0;3.0;115;BOULEVARD PASTEUR;M;4884040.0;231491.0;750
201700055899;17;11;6;1350;1;2;1;1.0;6.0;115;220, RUE DE LA CROIX NIV;M;4883620.0;228959.0;750
201700055908;17;11;13;2115;5;2;3;1.0;6.0;115;40, BOULEVARD DU MONTPAR;M;4884510.0;232016.0;750
201700055928;17;12;4;1942;5;2;2;1.0;3.0;115;RUE DU THEATRE;M;4884810.0;229018.0;750
201700055930;17;12;5;2215;5;2;2;1.0;3.0;115;73, RUE BRANCION;M;4883210.0;230294.0;750
201700055939;17;12;11;1900;5;2;7;1.0;3.0;107;PLACE DE LA RESISTANCE;M;4886240.0;230201.0;750
201700055991;17;2;7;2015;1;2;5;1.0;3.0;116;64, AVENUE DE NEW YORK;M;4885880.0;228906.0;750
201700055996;17;2;10;1610;1;2;2;2.0;3.0;116;ALLEE DE LA REINE MARGUE;M;4885850.0;224489.0;750
201700056014;17;2;24;1130;1;2;5;1.0;6.0;116;52, AVENUE FOCH;M;4887270.0;228452.0;750
201700056015;17;2;24;2100;5;2;7;1.0;6.0;116;143, RUE DE LA POMPE;M;4886790.0;228107.0;750
201700056028;17;3;5;1630;1;2;1;8.0;6.0;116;ROUTE DES TRIBUNES;M;4885910.0;222921.0;750
201700056036;17;3;11;805;1;2;2;1.0;3.0;116;RUE RAYNOUARD;M;4885370.0;227740.0;750
201700056039;17;3;9;1210;1;2;7;1.0;3.0;116;AVENUE KLEBER;M;4887320.0;229458.0;750
201700056046;17;3;16;1545;1;2;1;1.0;6.0;116;29, BOULEVARD MURAT;M;4884510.0;225740.0;750
201700056072;17;3;30;1930;1;2;5;1.0;2.0;116;108, AVENUE MOZART;M;4885070.0;226717.0;750
201700056097;17;4;19;1225;1;2;1;1.0;3.0;116;133, AVENUE DE VERSAILLE;M;4884260.0;226863.0;750
201700056116;17;5;6;520;5;2;2;1.0;2.0;116;AVENUE ALBERT DE MUN;M;4886290.0;229191.0;750
201700056117;17;5;7;1200;1;2;1;1.0;3.0;116;49, AVENUE DE LA GRANDE;M;4887580.0;228866.0;750
201700056118;17;5;7;1120;1;2;2;1.0;3.0;116;37, RUE MOLITOR;M;4884520.0;226189.0;750
201700056123;17;5;14;1910;1;2;7;1.0;3.0;116;PLACE DES GENERAUX DE TR;M;4887240.0;227715.0;750
201700056124;17;5;15;900;1;2;3;1.0;3.0;116;67, AVENUE VICTOR HUGO;M;4887070.0;228765.0;750
201700056130;17;5;21;720;1;2;1;1.0;2.0;116;109, BOULEVARD MURAT;M;4883880.0;225681.0;750
201700056137;17;5;26;1010;1;2;7;1.0;3.0;116;PLACE DE LA PORTE DE SAI;M;4883750.0;225684.0;750
201700056142;17;5;29;1100;1;2;5;1.0;3.0;116;ROUTE DE LA PTE DAUPHINE;M;4887490.0;227109.0;750
201700056144;17;6;1;945;1;2;1;1.0;3.0;116;AVENUE DE SAINT CLOUD;M;4885580.0;225187.0;750
201700056146;17;6;2;15;5;2;1;1.0;6.0;116;ALLEE DE LA REINE MARGUE;M;4885570.0;224299.0;750
201700056153;17;6;9;1015;1;2;5;2.0;3.0;116;RUE DU RANELAGH;M;4885420.0;227552.0;750
201700056173;17;6;18;1900;1;2;7;1.0;3.0;116;PLACE DE LA PORTE D AUTE;M;4884870.0;225772.0;750
201700056174;17;6;18;1930;1;2;2;1.0;3.0;116;AVENUE D IENA;M;4887230.0;229527.0;750
201700056176;17;6;19;1000;1;2;7;1.0;6.0;116;89, AVENUE DE LA GRANDE;M;4887740.0;228374.0;750
201700056199;17;7;5;1810;1;2;1;1.0;6.0;116;8, AVENUE DU PRESIDENT W;M;4886510.0;229935.0;750
201700056215;17;7;19;1220;1;2;3;2.0;3.0;116;AVENUE DU PRESIDENT KENN;M;4885290.0;228104.0;750
201700056218;17;7;21;1430;1;2;1;1.0;6.0;116;ALLEE DE LA REINE MARGUE;M;4885460.0;224220.0;750
201700056228;17;8;3;830;1;2;2;2.0;1.0;116;32, AVENUE MOZART;M;4885730.0;227299.0;750
201700056230;17;8;3;1320;1;2;2;1.0;3.0;116;27, BOULEVARD MURAT;M;4884530.0;225751.0;750
201700056234;17;8;8;1900;1;2;3;1.0;6.0;116;72, AVENUE DE VERSAILLES;M;4884610.0;227243.0;750
201700056238;17;8;19;1015;1;2;2;1.0;3.0;116;BOULEVARD SUCHET;M;4886300.0;226851.0;750
201700056241;17;8;24;1620;1;2;2;1.0;3.0;116;ROUTE DE SEVRES A NEUILL;M;4886230.0;223822.0;750
201700056277;17;9;21;840;1;2;1;1.0;2.0;116;53, RUE MOLITOR;M;4884530.0;225798.0;750
201700056283;17;9;26;1640;1;2;3;1.0;3.0;116;AVENUE KLEBER;M;4886640.0;228966.0;750
201700056290;17;10;3;950;1;2;5;1.0;3.0;116;AVENUE FOCH;M;4887270.0;228452.0;750
201700056293;17;10;2;1530;1;2;2;1.0;3.0;116;RUE BRIGNOLE;M;4886570.0;229580.0;750
201700056302;17;10;6;1900;2;2;7;1.0;3.0;116;RUE DAUMIER;M;4883960.0;226284.0;750
201700056309;17;10;9;1330;1;2;1;1.0;3.0;116;AVENUE DU PRESIDENT WILS;M;4886480.0;229718.0;750
201700056314;17;10;14;1720;1;2;1;1.0;6.0;116;58, AVENUE FOCH;M;4887290.0;228215.0;750
201700056323;17;10;20;1115;1;2;1;1.0;6.0;116;/, AVENUE DE L HIPPODROM;M;4886300.0;223767.0;750
201700056326;17;10;17;1900;5;2;3;1.0;3.0;116;AVENUE DU PRESIDENT KENN;M;4885660.0;228615.0;750
201700056356;17;11;10;2020;5;2;2;1.0;3.0;116;AVENUE DE VERSAILLES;M;4884090.0;226529.0;750
201700056366;17;11;17;912;1;2;7;2.0;3.0;116;ROUTE DE SURESNES;M;4886840.0;226572.0;750
201700056380;17;11;28;845;1;2;1;2.0;6.0;116;12, RUE RAYNOUARD;M;4885760.0;228364.0;750
201700056406;17;12;13;620;2;2;1;2.0;6.0;116;15, RUE DE PRESBOURG;M;4887320.0;229292.0;750
201700056408;17;12;13;1820;2;2;2;2.0;2.0;116;37, AVENUE RAYMOND POINC;M;4886620.0;228623.0;750
201700056421;17;12;19;1450;1;2;7;1.0;6.0;116;PLACE DE LA PORTE MAILLO;M;4887740.0;228138.0;750
201700056425;17;12;20;1350;1;2;3;1.0;3.0;116;AVENUE VICTOR HUGO;M;4887070.0;228765.0;750
201700056458;17;1;17;1300;1;2;5;1.0;3.0;117;87, AVENUE DES TERNES;M;4888000.0;228833.0;750
201700056460;17;1;18;835;1;2;1;1.0;2.0;117;120, RUE DE COURCELLES;M;4888060.0;230163.0;750
201700056464;17;1;21;430;5;2;1;1.0;6.0;117;RUE JOUFFROY D ABBANS;M;4888570.0;230867.0;750
201700056469;17;1;24;2215;5;2;2;1.0;3.0;117;57, RUE LEGENDRE;M;4888570.0;231684.0;750
201700056477;17;1;31;912;1;2;1;1.0;3.0;117;251, BOULEVARD PEREIRE;M;4887880.0;228622.0;750
201700056487;17;2;9;1230;1;2;1;1.0;6.0;117;92, RUE DE LEVIS;M;4888480.0;231159.0;750
201700056490;17;2;14;1630;1;2;1;1.0;3.0;117;56, AVENUE DES TERNES;M;4887920.0;229197.0;750
201700056530;17;3;23;910;1;2;7;1.0;6.0;117;03, PLACE DE WAGRAM;M;4888700.0;230462.0;750
201700056536;17;3;26;1300;1;2;2;1.0;3.0;117;88, BOULEVARD DE COURCEL;M;4887960.0;230499.0;750
201700056539;17;3;28;1105;1;2;1;1.0;3.0;117;24, BOULEVARD DES BATIGN;M;4888310.0;232483.0;750
201700056542;17;4;3;2050;2;2;7;1.0;3.0;117;2, PLACE DU GENERAL KOEN;M;4888070.0;228525.0;750
201700056548;17;4;5;2100;5;2;1;1.0;2.0;117;RUE CARDINET;M;4888800.0;231502.0;750
201700056552;17;4;10;1315;1;2;7;1.0;6.0;117;148, RUE CARDINET;M;4888860.0;231562.0;750
201700056558;17;4;14;1910;1;2;1;1.0;6.0;117;6, BOULEVARD DE COURCELL;M;4888110.0;231467.0;750
201700056564;17;4;20;930;1;2;1;1.0;2.0;117;44, AVENUE DE VILLIERS;M;4888310.0;230822.0;750
201700056567;17;4;22;1800;1;2;7;1.0;3.0;117;PLACE DE LA PORTE MAILLO;M;4887860.0;228190.0;750
201700056583;17;5;10;850;1;2;1;1.0;3.0;117;30, BOULEVARD DE COURCEL;M;4888070.0;231190.0;750
201700056587;17;5;13;1415;1;2;3;1.0;3.0;117;90, AVENUE DE CLICHY;M;4888880.0;232328.0;750
201700056597;17;5;21;1310;1;2;3;1.0;2.0;117;72, AVENUE DE CLICHY;M;4888800.0;232460.0;750
201700056616;17;6;16;1450;1;2;1;1.0;6.0;117;51, AVENUE DE VILLIERS;M;4888330.0;230688.0;750
201700056618;17;6;16;2000;1;2;1;1.0;7.0;117;4, PLACE DE LA PORTE DE;M;4888570.0;229104.0;750
201700056626;17;6;21;1820;1;2;1;1.0;5.0;117;92, AVENUE DE VILLIERS;M;4888450.0;230098.0;750
201700056630;17;6;24;1915;1;2;3;1.0;6.0;117;35, AVENUE BRUNETIERE;M;4889030.0;230089.0;750
201700056632;17;6;25;2325;5;2;2;1.0;3.0;117;154, BOULEVARD PEREIRE;M;4888310.0;229346.0;750
201700056633;17;6;26;1430;1;2;3;1.0;6.0;117;28, RUE LEGENDRE;M;4888410.0;231406.0;750
201700056636;17;6;27;930;1;2;4;1.0;3.0;116;ALLEE DE LA REINE MARGUE;M;4886520.0;224923.0;750
201700056654;17;7;6;1245;1;2;2;1.0;3.0;117;49, RUE POUCHET;M;4889420.0;232057.0;750
201700056661;17;7;11;1210;1;2;4;1.0;3.0;117;108, AVENUE DE VILLIERS;M;4888480.0;229838.0;750
201700056715;17;9;15;2307;5;2;1;1.0;7.0;117;55BIS, RUE JOUFFROY D AB;M;4888460.0;230616.0;750
201700056719;17;9;18;2050;3;2;2;1.0;6.0;117;47, RUE POUCHET;M;4889420.0;232057.0;750
201700056734;17;9;29;850;1;2;1;1.0;3.0;117;27, AVENUE MAC MAHON;M;4887730.0;229439.0;750
201700056748;17;10;7;1335;1;2;7;1.0;6.0;117;02, BOULEVARD DE COURCEL;M;4888120.0;231530.0;750
201700056749;17;10;10;1345;1;2;3;1.0;2.0;117;128, BOULEVARD MALESHERB;M;4888470.0;230781.0;750
201700056754;17;10;12;1425;1;2;2;1.0;6.0;117;1, BOULEVARD BERTHIER;M;4889440.0;231361.0;750
201700056757;17;10;13;1105;1;2;2;1.0;3.0;117;34, AVENUE DE LA PORTE D;M;4889180.0;230158.0;750
201700056769;17;10;25;750;5;2;2;1.0;3.0;116;/, AVENUE DU MAHATMA GAN;M;4887590.0;226213.0;750
201700056779;17;10;31;2315;5;2;2;1.0;3.0;117;110, BOULEVARD DE COURCE;M;4887870.0;230091.0;750
201700056793;17;11;14;1755;5;2;1;1.0;6.0;117;121, RUE LEGENDRE;M;4888940.0;232309.0;750
201700056806;17;11;28;1725;5;2;2;2.0;6.0;117;65, RUE DE LA JONQUIERE;M;4889420.0;232057.0;750
201700056807;17;12;1;1930;5;2;3;1.0;3.0;117;01, BOULEVARD PERSHING;M;4888220.0;228604.0;750
201700056826;17;12;21;2035;5;2;7;2.0;3.0;117;PLACE GENERAL CATROUX;M;4888260.0;231037.0;750
201700056827;17;12;22;1250;1;2;1;2.0;3.0;117;23BIS, AVENUE NIEL;M;4888070.0;229524.0;750
201700056829;17;12;28;1830;5;2;2;1.0;3.0;117;77, RUE JOUFFROY D ABBAN;M;4888380.0;230476.0;750
201700056838;17;1;5;2345;5;2;2;1.0;3.0;118;98, BOULEVARD DE ROCHECH;M;4888260.0;234190.0;750
201700056843;17;1;13;900;1;2;5;1.0;6.0;118;154 BIS, RUE ORDENER;M;4889360.0;233637.0;750
201700056878;17;2;13;945;1;2;2;1.0;6.0;118;RUE RIQUET;M;4888990.0;236307.0;750
201700056883;17;2;23;1820;2;2;3;1.0;6.0;118;82, RUE RIQUET;M;4889000.0;236250.0;750
201700056897;17;3;10;25;5;2;4;1.0;3.0;118;37, BOULEVARD ORNANO;M;4889460.0;234710.0;750
201700056903;17;3;16;1810;2;2;2;1.0;6.0;118;64, BOULEVARD BARBES;M;4888840.0;234956.0;750
201700056904;17;3;16;2045;5;2;1;1.0;3.0;118;124, RUE ORDENER;M;4889320.0;233919.0;750
201700056913;17;3;28;1830;1;2;2;1.0;3.0;118;45, BOULEVARD BARBES;M;4888840.0;234956.0;750
201700056925;17;4;8;2120;5;2;1;1.0;6.0;118;54, AVENUE DE CLICHY;M;4888690.0;232584.0;750
201700056927;17;4;9;2340;5;2;2;1.0;6.0;118;12, AVENUE DE LA PORTE D;M;4889920.0;233624.0;750
201700056939;17;4;26;1135;1;2;1;1.0;6.0;118;78, RUE DE LA CHAPELLE;M;4889600.0;235926.0;750
201700056942;17;5;2;1200;1;2;2;1.0;3.0;118;49, RUE DES CLOYS;M;4889310.0;233776.0;750
201700056945;17;5;4;1840;1;2;2;3.0;2.0;118;38, BOULEVARD BARBES;M;4888660.0;234954.0;750
201700056958;17;5;16;1230;1;2;1;1.0;2.0;118;9, BOULEVARD BARBES;M;4888500.0;234948.0;750
201700056962;17;5;20;2045;1;2;2;7.0;3.0;118;RUE JEAN HENRI FABRE;M;4890130.0;234410.0;750
201700056965;17;5;24;1755;1;2;1;1.0;6.0;118;94, BOULEVARD BARBES;M;4889110.0;234961.0;750
201700056973;17;5;30;720;1;2;2;8.0;3.0;118;, RUE ETEX;M;4889010.0;232922.0;750
201700056975;17;5;30;1420;1;2;4;1.0;1.0;118;4, AVENUE DE CLICHY;M;4888390.0;232722.0;750
201700056982;17;6;7;2240;5;2;5;1.0;3.0;118;RUE MARCADET;M;4889040.0;234845.0;750
201700056993;17;6;14;1718;1;2;3;1.0;6.0;118;32, BOULEVARD ORNANO;M;4889360.0;234791.0;750
201700057006;17;7;3;1730;1;2;7;1.0;7.0;118;/, BOULEVARD DE LA CHAPE;M;4888480.0;235932.0;750
201700057010;17;7;5;825;1;2;7;1.0;3.0;118;/, BOULEVARD DE LA CHAPE;M;4888450.0;235932.0;750
201700057013;17;7;7;1130;1;2;5;1.0;6.0;118;131, RUE DES POISSONNIER;M;4889510.0;235291.0;750
201700057015;17;7;7;2058;1;2;3;1.0;3.0;118;6, BOULEVARD DE LA CHAPE;M;4888450.0;236420.0;750
201700057017;17;7;8;1050;1;2;2;1.0;6.0;118;27, RUE MONTCALM;M;4889310.0;233776.0;750
201700057039;17;8;8;845;1;2;4;2.0;3.0;118;30, AVENUE DE LA PORTE D;M;4890050.0;234411.0;750
201700057050;17;8;21;1450;1;2;4;1.0;2.0;118;AVENUE DE LA PORTE DE CL;M;4890050.0;234411.0;750
201700057063;17;9;6;830;1;2;4;1.0;6.0;118;09, RUE CAULAINCOURT;M;4888570.0;233121.0;750
201700057069;17;9;14;1300;1;2;2;1.0;6.0;118;213, RUE D AUBERVILLIERS;M;4889870.0;237027.0;750
201700057070;17;9;16;1728;1;2;3;8.0;2.0;118;75, RUE DES POISSONNIERS;M;4889150.0;235170.0;750
201700057071;17;9;18;45;5;2;3;1.0;3.0;118;33BIS, RUE DOUDEAUVILLE;M;4888860.0;235457.0;750
201700057073;17;9;19;1325;1;2;5;1.0;3.0;118;81, RUE CHAMPIONNET;M;4889580.0;234339.0;750
201700057074;17;9;20;25;5;2;2;1.0;3.0;118;84, BOULEVARD BARBES;M;4889050.0;234958.0;750
201700057081;17;10;3;1435;1;2;1;1.0;3.0;118;BOULEVARD NEY;M;4889860.0;236293.0;750