Num_Acc;an;mois;jour;hrmn;lum;agg;int;atm;col;com;adr;gps;lat;long;dep
201700057094;17;10;16;1315;1;2;1;1.0;6.0;118;27, RUE SIMART;M;4889110.0;234755.0;750
201700057105;17;10;27;1309;1;2;1;1.0;3.0;118;103, RUE D AUBERVILLIERS;M;4889130.0;236882.0;750
201700057108;17;10;31;920;1;2;1;1.0;3.0;118;29, BOULEVARD ORNANO;M;4889410.0;234754.0;750
201700057113;17;11;7;745;1;2;1;1.0;6.0;118;27, RUE DE CLIGNANCOURT;M;4888550.0;234735.0;750
201700057114;17;11;7;1440;1;2;3;1.0;6.0;118;122, AVENUE DE SAINT OUE;M;4889520.0;232817.0;750
201700057121;17;11;13;1405;1;2;1;1.0;6.0;118;47, RUE D AUBERVILLIERS;M;4888760.0;236713.0;750
201700057133;17;11;22;1125;1;2;2;1.0;6.0;118;29, BOULEVARD NEY;M;4889840.0;235906.0;750
201700057146;17;12;2;1445;1;2;3;8.0;1.0;118;106, RUE LAMARCK;M;4889030.0;233574.0;750
201700057159;17;12;14;1225;1;2;1;8.0;6.0;118;32, BOULEVARD BARBES;M;4888620.0;234951.0;750
201700057161;17;12;15;925;1;2;5;8.0;7.0;118;, BOULEVARD DE CLICHY;M;4888460.0;232950.0;750
201700057167;17;12;20;1150;1;2;3;1.0;2.0;118;9, BOULEVARD BARBES;M;4888420.0;234946.0;750
201700057180;17;1;12;1230;1;2;3;2.0;2.0;119;58, RUE D AUBERVILLIERS;M;4888730.0;236704.0;750
201700057182;17;1;12;1730;5;2;3;1.0;6.0;119;13, QUAI DE LA GARONNE;M;4889000.0;238741.0;750
201700057191;17;2;1;2000;5;2;1;1.0;2.0;119;307, RUE DE BELLEVILLE;M;4887620.0;240322.0;750
201700057203;17;2;11;1805;2;2;3;8.0;3.0;119;159, RUE DE CRIMEE;M;4888860.0;237919.0;750
201700057214;17;2;23;835;1;2;2;1.0;7.0;119;RUE DE CRIMEE;M;4889530.0;237189.0;750
201700057245;17;3;29;1645;1;2;3;1.0;3.0;119;RUE D AUBERVILLIERS;M;4889570.0;237135.0;750
201700057246;17;3;30;2135;5;2;1;1.0;4.0;119;8-10, RUE MANIN;M;4888300.0;238608.0;750
201700057256;17;4;8;1925;1;2;4;1.0;6.0;119;13, RUE DAVID D ANGERS;M;4888270.0;238990.0;750
201700057262;17;4;20;819;1;2;1;1.0;6.0;119;RUE DAVID D ANGERS;M;4888270.0;239014.0;750
201700057281;17;5;2;2010;1;2;1;1.0;3.0;119;221-223, AVENUE JEAN JAU;M;4888920.0;239387.0;750
201700057296;17;5;18;1805;1;2;3;1.0;6.0;119;107, AVENUE DE FLANDRE;M;4889060.0;237641.0;750
201700057301;17;5;22;1820;1;2;1;1.0;3.0;119;RUE D AUBERVILLIERS;M;4889130.0;236879.0;750
201700057308;17;5;26;2330;5;2;1;1.0;6.0;119;129, AVENUE SIMON BOLIVA;M;4888080.0;237393.0;750
201700057309;17;5;30;1855;1;2;1;1.0;6.0;119;44, QUAI DE LA LOIRE;M;4888540.0;237496.0;750
201700057312;17;6;1;1020;1;2;3;1.0;6.0;119;3, QUAI DE L OISE;M;4888940.0;238091.0;750
201700057313;17;6;2;15;5;2;2;1.0;6.0;119;RUE DE CRIMEE;M;4887950.0;238953.0;750
201700057319;17;6;6;800;1;2;1;1.0;3.0;119;6, AVENUE SECRETAN;M;4888220.0;237101.0;750
201700057330;17;6;21;1955;1;2;1;9.0;7.0;119;BOULEVARD SERURIER;M;4888470.0;239446.0;750
201700057334;17;6;25;1430;1;2;3;1.0;3.0;119;AVENUE JEAN JAURES;M;4888450.0;237692.0;750
201700057337;17;6;28;2155;2;2;2;1.0;3.0;119;RUE DE CRIMEE;M;4888590.0;238220.0;750
201700057340;17;6;30;850;1;2;2;1.0;3.0;119;RUE SIGMUND FREUD;M;4888600.0;239808.0;750
201700057341;17;7;2;1900;2;2;1;1.0;3.0;119;72 BIS, AVENUE DE FLANDR;M;4888900.0;237497.0;750
201700057347;17;7;9;250;5;2;2;1.0;3.0;119;/, AVENUE MATHURIN MOREA;M;4887840.0;237423.0;750
201700057349;17;7;10;1052;1;2;3;2.0;3.0;119;151, RUE DE CRIMEE;M;4888760.0;238032.0;750
201700057351;17;7;17;1930;1;2;1;1.0;3.0;119;150, BOULEVARD DE LA VIL;M;4887980.0;237041.0;750
201700057368;17;8;8;1845;1;2;1;1.0;6.0;119;70-72, RUE D AUBERVILLIE;M;4888840.0;236744.0;750
201700057369;17;8;10;620;2;2;1;8.0;3.0;119;47, RUE DE BELLEVILLE;M;4887300.0;238078.0;750
201700057370;17;8;11;1450;1;2;3;1.0;6.0;119;3, RUE LAUZIN;M;4887530.0;237862.0;750
201700057373;17;8;20;1720;1;2;3;1.0;6.0;119;QUAI DE LA SEINE;M;4888710.0;237548.0;750
201700057375;17;8;23;1434;1;2;1;1.0;7.0;119;70, AVENUE DE FLANDRE;M;4888890.0;237479.0;750
201700057378;17;8;28;1755;1;2;1;1.0;6.0;119;58, AVENUE DE FLANDRE;M;4888800.0;237377.0;750
201700057379;17;8;28;1915;1;2;1;1.0;6.0;119;AVENUE JEAN JAURES;M;4888330.0;237221.0;750
201700057381;17;8;29;955;1;2;7;1.0;3.0;119;4, PLACE DU COLONEL FABI;M;4887770.0;237054.0;750
201700057382;17;8;29;1945;1;2;1;1.0;6.0;119;50, RUE RIQUET;M;4888940.0;237045.0;750
201700057397;17;9;15;2000;5;2;5;1.0;6.0;119;91, RUE DE BELLEVILLE;M;4887390.0;238529.0;750
201700057404;17;9;27;1258;1;2;1;1.0;6.0;119;174, RUE DE CRIMEE;M;4889010.0;237741.0;750
201700057408;17;9;29;1800;1;2;1;1.0;6.0;119;10, RUE EDGAR VARESE;M;4888930.0;238931.0;750
201700057409;17;10;1;630;5;2;3;1.0;6.0;119;42, AVENUE JEAN JAURES;M;4888360.0;237331.0;750
201700057429;17;10;25;1100;1;2;2;1.0;6.0;119;1, RUE CURIAL;M;4888930.0;237125.0;750
201700057441;17;11;9;1835;5;2;7;1.0;3.0;119;BOULEVARD D INDOCHINE;M;4888620.0;239647.0;750
201700057446;17;11;14;2015;5;2;1;1.0;3.0;119;/, AVENUE JEAN JAURES;M;4888680.0;238552.0;750
201700057447;17;11;15;1215;1;2;3;2.0;3.0;119;2, AVENUE CORENTIN CARIO;M;4889480.0;238230.0;750
201700057448;17;11;18;2010;5;2;2;1.0;6.0;118;RUE RIQUET;M;4888970.0;236807.0;750
201700057463;17;12;5;830;2;2;5;1.0;3.0;119;AVENUE DE LA PORTE DE LA;M;4889820.0;238619.0;750
201700057472;17;12;15;1528;1;2;2;2.0;3.0;119;108, AVENUE SIMON BOLIVA;M;4887840.0;237423.0;750
201700057474;17;12;16;1115;1;2;2;1.0;3.0;119;127, AVENUE JEAN JAURES;M;4888610.0;238305.0;750
201700057484;17;1;3;815;1;2;4;1.0;3.0;120;, AVENUE DE LA PORTE DE;M;4884700.0;241503.0;750
201700057491;17;1;12;750;5;2;7;1.0;3.0;120;AVENUE DE LA PORTE DES L;M;4887810.0;240963.0;750
201700057492;17;1;15;2115;5;2;1;2.0;6.0;120;144, BOULEVARD DE MENILM;M;4886660.0;238354.0;750
201700057515;17;2;13;1730;2;2;2;1.0;6.0;120;77, AVENUE GAMBETTA;M;4886490.0;239722.0;750
201700057517;17;2;14;1740;1;2;3;1.0;3.0;120;135, RUE DES PYRENEES;M;4885810.0;240337.0;750
201700057531;17;3;2;1700;1;2;1;1.0;3.0;120;18, BOULEVARD DAVOUT;M;4884950.0;241128.0;750
201700057538;17;3;10;900;1;2;1;1.0;2.0;120;140, AVENUE GAMBETTA;M;4887380.0;240521.0;750
201700057556;17;3;30;855;1;2;2;1.0;3.0;120;RUE LOUIS LUMIERE;M;4886350.0;241069.0;750
201700057559;17;4;2;1945;1;2;2;1.0;3.0;120;72, BOULEVARD DAVOUT;M;4885350.0;241060.0;750
201700057566;17;4;19;1745;1;2;3;1.0;3.0;120;73, RUE DES PYRENEES;M;4885350.0;240582.0;750
201700057573;17;4;24;1845;1;2;2;1.0;6.0;120;RUE LOUIS LUMIERE;M;4886260.0;241090.0;750
201700057574;17;4;26;855;1;2;3;1.0;3.0;120;BOULEVARD DAVOUT;M;4886340.0;240881.0;750
201700057602;17;6;9;850;1;2;1;8.0;6.0;120;39-41, RUE SAINT FARGEAU;M;4887160.0;240321.0;750
201700057604;17;6;10;2020;1;2;4;1.0;6.0;120;242 BIS, RUE DES PYRENEE;M;4886800.0;239603.0;750
201700057605;17;6;10;2130;1;2;1;1.0;6.0;120;112, RUE D AVRON;M;4885290.0;240712.0;750
201700057606;17;6;9;315;5;2;1;3.0;7.0;120;31, BOULEVARD DE MENILMO;M;4886040.0;238873.0;750
201700057614;17;6;19;828;1;2;2;1.0;3.0;120;RUE DES MARAICHERS;M;4884900.0;240772.0;750
201700057664;17;8;24;1720;1;2;1;1.0;3.0;120;131, RUE DES PYRENEES;M;4885790.0;240364.0;750
201700057666;17;8;30;2100;5;2;1;8.0;7.0;120;29, AVENUE GAMBETTA;M;4886400.0;239186.0;750
201700057667;17;8;31;1450;1;2;1;1.0;6.0;120;137, RUE DES PYRENEES;M;4885830.0;240317.0;750
201700057670;17;9;6;905;1;2;1;1.0;3.0;120;BOULEVARD DAVOUT;M;4885580.0;241019.0;750
201700057682;17;9;19;845;1;2;1;2.0;6.0;120;1, AVENUE DE LA PORTE DE;M;4885350.0;241086.0;750
201700057683;17;9;19;1300;1;2;1;1.0;1.0;120;64, RUE DES PYRENEES;M;4885310.0;240594.0;750
201700057686;17;9;22;2055;5;2;1;1.0;6.0;120;50, RUE DE MENILMONTANT;M;4886820.0;238773.0;750
201700057694;17;9;30;30;5;2;2;2.0;6.0;120;119, RUE DES AMANDIERS;M;4886830.0;238803.0;750
201700057711;17;10;21;2335;5;2;2;1.0;6.0;120;68, RUE DE MENILMONTANT;M;4886870.0;238965.0;750
201700057712;17;10;23;2025;5;2;3;2.0;3.0;120;2, RUE OLIVIER METRA;M;4887150.0;239567.0;750
201700057745;17;11;29;815;1;2;2;1.0;3.0;120;RUE LOUIS LUMIERE;M;4886350.0;241069.0;750
201700057811;17;3;23;1220;1;2;1;1.0;6.0;118;21, RUE DU POTEAU;M;4889370.0;234216.0;750
201700057815;17;3;28;835;1;2;1;1.0;3.0;118;13, AVENUE DE LA PORTE D;M;4889990.0;235863.0;750
201700057828;17;4;8;1139;1;2;5;1.0;7.0;106;09, QUAI MALAQUAIS;M;4885770.0;233536.0;750
201700057831;17;4;9;230;5;2;7;1.0;3.0;114;BOULEVARD EDGAR QUINET;M;4884130.0;232486.0;750
201700057836;17;4;13;748;1;2;2;1.0;3.0;112;AVENUE DAUMESNIL;M;4883670.0;240346.0;750
201700057841;17;4;19;940;1;2;1;1.0;3.0;118;20, BOULEVARD BARBES;M;4888500.0;234948.0;750
201700057871;17;5;23;1908;1;2;1;1.0;2.0;109;74, RUE LA FAYETTE;M;4887620.0;234512.0;750
201700057873;17;5;26;1700;1;2;2;1.0;7.0;107;PONT DE L ALMA;M;4886240.0;230201.0;750
201700057894;17;6;16;1010;1;2;5;1.0;3.0;101;AVENUE DE L OPERA;M;4886650.0;233413.0;750
201700057915;17;7;1;1410;1;2;7;1.0;3.0;108;/, PLACE DE L ALMA;M;4886420.0;230214.0;750
201700057917;17;7;2;1600;1;2;5;1.0;3.0;116;ROUTE DES MOULINS;M;4886500.0;223445.0;750
201700057950;17;8;2;1505;1;2;3;1.0;4.0;107;QUAI BRANLY;M;4885820.0;229226.0;750
201700057955;17;8;12;1610;1;2;1;2.0;1.0;119;RUE DE L OURCQ;M;4889250.0;238818.0;750
201700057962;17;8;21;1615;1;2;1;1.0;6.0;114;60, RUE DE L OUEST;M;4883570.0;231847.0;750
201700057964;17;8;22;2334;5;2;2;1.0;3.0;115;QUAI ANDRE CITROEN;M;4884940.0;228155.0;750
201700057974;17;9;7;1229;1;2;1;1.0;6.0;104;23, BOULEVARD HENRI IV;M;4885170.0;236442.0;750
201700057976;17;9;10;2052;5;2;1;1.0;6.0;106;9 BIS, BOULEVARD DU MONT;M;4884600.0;231811.0;750
201700057979;17;9;12;1755;1;2;7;1.0;2.0;116;PLACE DE LA PORTE DE SAI;M;4883840.0;225701.0;750
201700058004;17;10;4;1136;1;2;2;1.0;3.0;112;ROUTE DU PESAGE;M;4882060.0;244532.0;750
201700058009;17;10;10;1354;1;2;7;1.0;3.0;103;180, RUE DU TEMPLE;M;4886730.0;236338.0;750
201700058019;17;10;22;1640;1;2;1;1.0;6.0;105;16, RUE PASCAL;M;4883820.0;234951.0;750
201700058060;17;11;29;835;1;2;6;1.0;3.0;117;PLACE CHARLES DE GAULLE;M;4887430.0;229449.0;750
201700058071;17;12;13;1441;1;2;7;8.0;3.0;108;COURS ALBERT 1ER;M;4886420.0;230214.0;750
201700058652;17;1;14;1720;2;2;1;1.0;1.0;134;route de gery;A;;;971
201700058657;17;7;12;1730;1;2;1;1.0;3.0;134;résidence KACHIMAN;A;;;971
201700058673;17;11;11;1010;1;2;1;1.0;1.0;121;baillargent;A;;;971
201700058687;17;1;17;800;1;1;1;1.0;3.0;107;RN1 - Allée du manoir;A;;;971
201700058701;17;8;2;1145;1;2;1;8.0;1.0;114;CD33 - SECTION MORNE ROU;A;;;971
201700058736;17;3;31;1400;1;1;1;1.0;2.0;118;RN 1;A;;;971
201700058789;17;1;22;1000;1;1;1;1.0;2.0;117;Route départementale 120;A;;;971
201700058841;17;8;23;1545;1;2;4;1.0;3.0;116;D 106, CARREFOUR BEGUETT;A;;;971
201700058843;17;9;8;1850;5;1;1;1.0;1.0;116;dubelloy;A;;;971
201700058851;17;5;17;1915;3;1;1;8.0;3.0;305;PK17 RN1;G;;;973
201700058862;17;10;1;1900;5;1;1;1.0;3.0;305;VIllage Kamuyenhe PK 24;G;;;973
201700058873;17;3;19;320;5;2;6;1.0;1.0;304;Rond point de l'anse;G;;;973
201700058875;17;3;24;1740;1;2;2;1.0;3.0;304;AVENUE KENNEDY;G;;;973
201700058881;17;5;9;1210;1;2;1;3.0;2.0;304;AVENUE LEOPOLD HEDER;G;;;973
201700058884;17;6;24;1842;3;2;1;3.0;1.0;304;avenue de france;G;;;973
201700058895;17;4;10;1430;1;1;1;2.0;2.0;312;RN 1, pk 112+400;G;;;973
201700058903;17;2;10;2045;5;2;1;1.0;6.0;308;36 rue Élie ELFORT;G;;;973
201700058912;17;3;12;1850;2;2;1;1.0;1.0;311;avenue Paul CASTAING;G;;;973
201700058920;17;6;25;1005;1;2;9;8.0;2.0;311;Avenue Christophe Colomb;G;;;973
201700058926;17;11;4;1155;1;2;1;1.0;1.0;311;48 avenue du Lieutenant;G;;;973
201700058929;17;12;25;1130;1;2;1;1.0;3.0;311;LA CHARBONNIÈRE;G;;;973
201700058935;17;5;6;700;1;2;1;1.0;1.0;408;Avenue de la Palestine;R;2094300.0;5535582.0;974
201700058937;17;10;11;1550;1;1;1;1.0;1.0;408;15 rue Patrice Lumumba;R;2093862.0;5532765.0;974
201700058958;17;6;4;950;1;1;1;1.0;7.0;406;Route Nationale 3;R;2111519.0;5565110.0;974
201700058968;17;9;15;1400;1;2;2;1.0;3.0;415;Rue du Gal de Gaulle;R;2100808.0;5527485.0;974
201700058991;17;2;9;1820;1;1;1;1.0;1.0;412;rue Hubert de l'Isle;R;;;974
201700059006;17;10;5;1200;1;2;3;1.0;3.0;422;19 rue des rubis;R;2121815.0;5554885.0;974
201700059009;17;3;18;1115;1;1;1;2.0;1.0;417;Le Grand Brulé;R;;;974
201700059028;17;2;24;1830;5;2;9;1.0;2.0;608;boulevard des crabes;Y;;;976
201700059058;17;12;31;1210;1;2;2;1.0;3.0;103;Rue Georges Sheikboudou;A;;;971
201700059062;17;2;22;2000;5;2;9;1.0;3.0;103;la friche;A;;;971
201700059089;17;11;28;1145;1;2;1;1.0;6.0;613;rue Fangalatorou;Y;;;976
201700059092;17;1;3;1615;1;1;1;1.0;2.0;603;RN 3 NYAMBADAO;Y;;;976
201700059118;17;12;29;1220;1;2;1;1.0;6.0;603;N3 Nyambadao;Y;;;976
201700059120;17;2;9;735;1;2;1;3.0;2.0;309;Le Grand boulevard  coll;G;;;973
201700059122;17;2;21;815;1;1;1;1.0;3.0;309;Nationale 3, route de dé;G;;;973
201700059140;17;7;6;1640;1;1;1;2.0;2.0;309;Nationale 3, route de Dé;G;;;973
201700059161;17;2;7;1750;1;1;1;1.0;3.0;307;Route nationale 2 PK10+2;G;;;973
201700059175;17;6;15;1230;1;2;1;1.0;6.0;307;RN1 za terca;G;;;973
201700059178;17;7;21;2000;3;1;1;1.0;6.0;307;route de stoupan, départ;G;;;973
201700059185;17;9;4;1030;1;2;1;1.0;1.0;307;Comou - cogneau lamirand;G;;;973
201700059191;17;10;5;1850;5;1;6;1.0;3.0;307;Rond-Point de Balata;G;;;973
201700059211;17;8;2;605;2;2;3;1.0;3.0;415;Route de L'Eperon;R;2104214.0;5525371.0;974
201700059242;17;8;18;1845;3;2;3;1.0;1.0;414;rue bory saint vincent;R;2133321.0;5547368.0;974
201700059244;17;9;6;2110;3;2;4;1.0;3.0;414;Av du Général de Gaulle;R;2128171.0;5540711.0;974
201700059262;17;6;18;1615;1;2;3;1.0;3.0;410;Rte du Cratère / Mandrin;R;2105150.0;5568428.0;974
201700059317;17;1;23;1615;1;2;1;1.0;7.0;210;route de l'hôpital;A;;;972
201700059348;17;5;22;1505;1;2;3;1.0;3.0;221;Quartier Desmarinière;A;;;972
201700059358;17;2;3;1455;1;2;3;1.0;6.0;207;avenue Frantz Fanon;A;;;972
201700059394;17;2;10;515;3;2;1;1.0;6.0;412;Route Nationale 1002;R;;;974
201700059398;17;2;28;2030;5;2;1;1.0;3.0;412;Rue Raphaël Babet;R;2138035.0;5560846.0;974
201700059418;17;2;22;1755;1;2;1;1.0;3.0;422;rue ignace hoarau;R;2128781.0;5550791.0;974
201700059420;17;3;26;1555;1;2;1;8.0;3.0;422;90 Chemin Saint Augustin;R;2126519.0;5549661.0;974
201700059423;17;5;15;1705;1;2;1;1.0;1.0;422;83 Chemin Jamerosas;R;2124057.0;5550188.0;974
201700059427;17;7;24;1650;1;2;1;1.0;1.0;422;111 bis Chemin Isautier;R;2126246.0;5551970.0;974
201700059449;17;3;4;1500;1;2;1;1.0;3.0;107;29, SIMEON PIOCHE (RUE );;;;971
201700059460;17;10;11;1545;1;2;2;1.0;3.0;107;MONTPLAISIR ( RUE );A;1624677.0;6133487.0;971
201700059489;17;3;22;1715;1;1;1;1.0;3.0;113;119, MONTAUBAN (SECTEUR);;;;971
201700059502;17;4;29;515;1;1;6;2.0;2.0;113;BAS DU FORT;A;1621731.0;6151503.0;971
201700059513;17;6;10;855;1;2;1;1.0;3.0;113;RN4 - SECTION RIVIERA;A;1621946.0;6151637.0;971
201700059528;17;7;29;2220;5;2;1;1.0;2.0;101;5, RN05;A;1626423.0;6151266.0;971
201700059546;17;9;30;1315;1;2;2;1.0;5.0;120;HANNE (BOULEVARD);A;1624004.0;6153233.0;971
201700059635;17;6;17;1604;1;2;1;1.0;7.0;209;RELIGIEUSES (ROUTE DES);A;;;972
201700059690;17;2;9;1455;1;2;2;1.0;3.0;213;48, MARTIN LUTHER KING (;A;;;972
201700059695;17;2;19;800;1;2;6;1.0;3.0;213;ROUTE DEPARTEMENTALE 3;A;;;972
201700059712;17;4;5;1955;5;1;1;1.0;6.0;213;ROUTE DEPARTEMENTALE 3;A;;;972
201700059714;17;4;20;1800;2;2;1;1.0;2.0;213;738, Z I CALIFORNIE;A;;;972
201700059715;17;4;20;405;5;1;6;1.0;3.0;213;Z I CALIFORNIE;A;;;972
201700059724;17;5;2;1415;1;2;1;1.0;3.0;213;GEORGES GRATIANT;A;;;972
201700059728;17;5;14;805;1;2;1;1.0;3.0;213;ROUTE DEPARTEMENTALE 3;A;;;972
201700059740;17;6;5;700;1;1;1;1.0;4.0;213;ROUTE NATIONALE 5;A;;;972
201700059749;17;6;28;820;1;2;1;1.0;6.0;213;ALBERT CAMUS (RUE);A;;;972
201700059807;17;11;20;1200;1;1;1;1.0;3.0;213;ROUTE DEPARTEMENTALE 15;A;1462554.0;6100747.0;972
201700059813;17;1;3;1055;1;2;1;1.0;3.0;302;MIRZA (ROND-POINT);;;;973
201700059814;17;1;3;1300;1;2;1;3.0;3.0;302;ZEPHIR (CITE);;;;973
201700059835;17;1;25;714;1;2;3;1.0;1.0;302;ZEPHIR (ROCADE);;;;973
201700059840;17;2;1;845;1;2;1;1.0;3.0;302;MADELEINE (ROUTE DE LA);;;;973
201700059841;17;2;1;1505;1;2;1;1.0;2.0;302;MONTABO (ROUTE DE) 1;;;;973
201700059846;17;2;4;1938;5;2;1;1.0;3.0;302;FLAMBOYANTS (RUE DES);G;492001.0;5231001.0;973
201700059854;17;2;12;1455;1;2;1;1.0;3.0;302;34, PASCALINE (CITE);G;492349.0;5231548.0;973
201700059885;17;3;13;1727;1;2;1;1.0;3.0;302;1620, MONTABO (ROUTE DE);G;494389.0;5230908.0;973
201700059887;17;3;15;820;1;2;1;1.0;3.0;302;MIRZA (ROND-POINT);;;;973
201700059888;17;3;15;1222;1;2;1;1.0;3.0;302;44, DE GAULLE (AVENUE);;;;973
201700059909;17;4;10;910;1;1;1;1.0;3.0;302;209, CABASSOU (ROUTE DE);G;492010.0;5232008.0;973
201700059925;17;5;6;950;1;2;2;1.0;3.0;302;CATAYEE (JUSTIN);G;493982.0;5233074.0;973
201700059941;17;5;27;200;5;2;3;1.0;3.0;302;FELIX EBOUE (Rue);G;493980.0;5232853.0;973
201700059954;17;6;5;1720;1;2;1;1.0;3.0;302;BLANC (LOUIS);G;493728.0;5233538.0;973
201700059956;17;6;9;920;1;1;1;2.0;3.0;302;TROUBIRAN (CHEMIN DE);G;491762.0;5230769.0;973
201700059959;17;6;10;1820;1;2;1;1.0;3.0;302;REPUBLIQUE (BD DE LA);G;493902.0;5231927.0;973
201700059960;17;6;12;1800;1;2;1;1.0;1.0;302;FELIX EBOUE(ROCADE);G;491272.0;5230965.0;973
201700059973;17;6;19;1930;5;2;3;1.0;3.0;302;2310, BADUEL (ROUTE DE);G;492919.0;5230186.0;973
201700059976;17;6;22;1410;1;2;6;1.0;3.0;302;MARINGOUINS (ROND-POINT);G;490773.0;5232191.0;973
201700059995;17;7;13;2300;5;2;1;1.0;1.0;302;22, FLAMBOYANTS (RUE DES;G;492236.0;5232127.0;973
201700060000;17;7;19;1057;1;2;3;1.0;3.0;302;DE GAULLE (AVENUE);G;493869.0;5233216.0;973
201700060020;17;8;4;2150;3;2;1;1.0;2.0;302;MANGO (ROUTE);G;493420.0;5231685.0;973
201700060023;17;8;8;1900;4;2;6;1.0;7.0;302;BADUEL (ROND POINT DE);G;;;973
201700060031;17;8;16;1750;1;2;1;1.0;1.0;302;3325, BADUEL (ROUTE DE);G;492771.0;5229175.0;973
201700060039;17;9;1;1;4;2;1;1.0;2.0;302;945, BADUEL (ROUTE DE);G;493359.0;5231237.0;973
201700060040;17;9;4;1455;1;2;3;1.0;7.0;302;HAMEAU DES ENCENS (RUE D;G;491726.0;5229922.0;973
201700060044;17;9;5;2125;5;1;1;1.0;3.0;302;RABAN (ROUTE DE);G;492617.0;5231361.0;973
201700060051;17;9;7;1425;1;1;1;1.0;3.0;302;50, SOURCE DE BADUEL (CH;G;492953.0;5230751.0;973
201700060064;17;9;18;610;1;2;6;1.0;3.0;302;KET TAI (CARREFOUR);G;493711.0;5232501.0;973
201700060083;17;10;2;1320;1;1;1;1.0;2.0;302;39, ROUTE NATIONALE 3;G;490001.0;5232001.0;973
201700060150;17;11;17;2125;1;2;1;1.0;3.0;302;RABAN (ROUTE DE);G;;;973
201700060154;17;11;21;1810;2;2;1;1.0;3.0;302;FELIX EBOUE(ROCADE);G;492793.0;5231851.0;973
201700060168;17;11;29;1420;1;1;1;1.0;3.0;302;234, TROUBIRAN (CHEMIN D;G;;;973
201700060175;17;12;7;700;1;1;1;1.0;6.0;302;1, AMUSANT (PAUL);G;493403.0;5233213.0;973
201700060202;17;1;3;1845;1;2;1;1.0;2.0;407;14 JUILLET 1789(AVENUE D;R;2093337.0;5529241.0;974
201700060212;17;2;28;1800;1;1;6;1.0;3.0;407;Rond point Tamatave;R;2093059.0;5530859.0;974
201700060248;17;7;23;1915;5;2;6;1.0;3.0;407;Av Raymond Vergès;R;2093958.0;5530324.0;974
201700060258;17;8;24;1510;1;2;1;1.0;2.0;407;Av Georges Politzer;R;2094856.0;5529382.0;974
201700060263;17;10;9;1550;1;2;6;1.0;1.0;407;Av de la Commune de Pari;R;2094247.0;5529183.0;974
201700060268;17;8;19;105;5;2;1;1.0;2.0;407;Rue de Cherbourg;R;2093865.0;5529672.0;974
201700060286;17;11;29;1430;1;2;1;1.0;3.0;409;1213, PATELIN (chemin);R;2097184.0;5567466.0;974
201700060289;17;7;8;750;1;2;9;1.0;3.0;409;Rue de Cambuston;R;2093253.0;5564798.0;974
201700060300;17;12;14;1805;1;2;6;1.0;7.0;409;Rue de la gare;R;2096288.0;5565863.0;974
201700060336;17;7;12;630;1;2;1;1.0;6.0;411;49 rue de la Guadeloupe;R;2090389.0;5549506.0;974
201700060342;17;10;30;2045;5;2;6;3.0;3.0;411;Avenue Georges Brassens;R;2090548.0;5548412.0;974
201700060353;17;12;20;1827;1;2;1;1.0;1.0;411;Route de Domenjod;R;2090899.0;5550451.0;974
201700060359;17;1;10;1700;1;1;1;1.0;6.0;416;62, LE VIGOUREUX (RUE VI;R;2100001.0;5550001.0;974
201700060361;17;1;5;1800;1;1;1;1.0;2.0;416;20, ENTRE DEUX (CHEMIN);R;2128621.0;5545551.0;974
201700060395;17;3;31;935;1;1;1;1.0;6.0;416;80 Bd Hubert Delisle;R;2133001.0;5545001.0;974
201700060397;17;4;7;1555;1;2;1;1.0;1.0;416;40 Rue du Presbytère;R;2133593.0;5547648.0;974
201700060405;17;4;17;600;3;1;1;1.0;1.0;416;Route Nationale 1;R;2129987.0;5542295.0;974
201700060414;17;5;21;1840;2;2;6;1.0;1.0;416;Bd Hubert Delisle;R;2134356.0;5546893.0;974
201700060419;17;3;3;834;1;1;1;1.0;7.0;416;Chemin Sapan;R;2132080.0;5547706.0;974
201700060502;17;10;4;640;1;2;1;1.0;3.0;416;258 Rue M et A Leblond;R;2133515.0;5546530.0;974
201700060519;17;11;11;1315;1;2;1;1.0;6.0;416;25 Allée Ognard;R;2131957.0;5547825.0;974
201700060634;17;7;2;1640;2;2;1;1.0;1.0;611;mamoudzou centre-Rassi B;Y;1278428.0;4522953.0;976
201700060653;17;8;23;1855;2;1;1;1.0;2.0;611;1, kaweni-Mangrove (rout;Y;1277543.0;4523121.0;976
201700060692;17;11;7;1904;3;2;1;1.0;6.0;611;tsoundzou-Mangadzia  Tso;Y;1276433.0;4522543.0;976